ano,mes,data,regiao,uf,bioma,area_desmatada_km2,area_preservada_km2,focos_queimada,chuva_mm,temperatura_media,emissoes_co2,unidades_conservacao,nivel_risco
2015,1,2015-01-01,Norte,AM,Caatinga,75.46,43451.7,16,46.9,27.5,82964.84,35,Alto
2015,1,2015-01-01,Norte,PA,Cerrado,69.69,66513.34,10,66.7,27.2,31417.01,7,Médio
2015,1,2015-01-01,Norte,PA,Pampa,25.99,2580.54,18,23.2,26.3,51231.24,33,Médio
2015,1,2015-01-01,Norte,RO,Caatinga,147.33,78446.65,14,123.9,24.7,24510.33,27,Baixo
2015,1,2015-01-01,Norte,TO,Caatinga,165.34,51615.0,16,60.4,25.2,71148.3,19,Alto
2015,1,2015-01-01,Nordeste,BA,Pampa,124.47,71625.53,9,73.7,26.5,64376.12,9,Médio
2015,1,2015-01-01,Nordeste,BA,Mata Atlântica,58.45,16842.32,18,90.3,30.8,74782.24,36,Médio
2015,1,2015-01-01,Nordeste,PE,Pampa,145.73,20977.82,10,143.8,25.1,87378.55,12,Médio
2015,1,2015-01-01,Nordeste,PE,Mata Atlântica,97.91,8460.9,15,42.1,25.8,59655.74,16,Alto
2015,1,2015-01-01,Nordeste,CE,Cerrado,93.11,65509.06,16,43.4,30.8,23993.76,8,Baixo
2015,1,2015-01-01,Nordeste,CE,Caatinga,47.45,66786.58,16,36.0,28.2,71478.52,11,Alto
2015,1,2015-01-01,Nordeste,MA,Mata Atlântica,31.74,34007.6,9,74.1,27.9,57960.45,13,Alto
2015,1,2015-01-01,Nordeste,PB,Mata Atlântica,59.76,62826.4,12,96.4,25.6,79166.76,35,Crítico
2015,1,2015-01-01,Centro-Oeste,DF,Pampa,115.7,45545.87,15,49.5,20.3,49876.27,34,Médio
2015,1,2015-01-01,Centro-Oeste,GO,Cerrado,150.04,46003.32,20,51.8,25.5,57253.43,35,Crítico
2015,1,2015-01-01,Centro-Oeste,GO,Caatinga,143.78,10792.78,13,66.9,23.4,57252.97,22,Crítico
2015,1,2015-01-01,Centro-Oeste,MT,Pampa,96.47,56111.7,17,69.2,27.8,61387.48,8,Alto
2015,1,2015-01-01,Centro-Oeste,MS,Caatinga,13.13,57654.86,23,99.9,30.0,66965.28,39,Baixo
2015,1,2015-01-01,Sudeste,SP,Pantanal,53.89,12019.89,13,33.3,31.7,42804.97,6,Baixo
2015,1,2015-01-01,Sudeste,SP,Caatinga,89.0,42352.07,14,144.3,23.3,1604.8,29,Crítico
2015,1,2015-01-01,Sudeste,SP,Mata Atlântica,114.89,42010.61,16,36.7,26.1,60539.75,26,Alto
2015,1,2015-01-01,Sudeste,RJ,Pantanal,44.15,32651.48,8,83.4,18.4,68449.2,26,Alto
2015,1,2015-01-01,Sudeste,RJ,Mata Atlântica,56.05,41507.8,14,65.0,25.5,40992.02,5,Alto
2015,1,2015-01-01,Sudeste,RJ,Pantanal,19.09,70210.32,11,20.9,22.4,47426.26,9,Alto
2015,1,2015-01-01,Sudeste,RJ,Cerrado,13.06,73194.44,13,170.7,21.6,42471.58,39,Crítico
2015,1,2015-01-01,Sudeste,MG,Pantanal,17.56,33176.2,14,41.6,27.1,35316.98,27,Alto
2015,1,2015-01-01,Sudeste,MG,Caatinga,34.49,55241.02,12,152.2,20.7,49375.55,4,Baixo
2015,1,2015-01-01,Sudeste,MG,Caatinga,38.07,19557.25,20,125.7,25.0,30376.03,1,Alto
2015,1,2015-01-01,Sudeste,ES,Mata Atlântica,156.41,13705.15,14,93.3,24.0,81204.5,27,Baixo
2015,1,2015-01-01,Sudeste,ES,Amazônia,40.21,48339.49,10,166.6,30.2,69597.7,14,Baixo
2015,1,2015-01-01,Sudeste,ES,Cerrado,101.38,45240.44,19,79.7,25.3,42630.21,37,Médio
2015,1,2015-01-01,Sul,PR,Amazônia,52.74,56706.0,13,67.3,34.5,68189.73,39,Médio
2015,1,2015-01-01,Sul,PR,Pampa,21.45,74213.38,18,76.1,28.8,2902.27,9,Baixo
2015,1,2015-01-01,Sul,SC,Caatinga,74.93,16715.05,19,93.0,30.2,79395.3,31,Baixo
2015,1,2015-01-01,Sul,SC,Cerrado,48.07,19730.01,10,71.9,29.3,76795.75,18,Crítico
2015,1,2015-01-01,Sul,RS,Cerrado,27.99,64458.88,14,83.4,28.5,61718.24,11,Alto
2015,1,2015-01-01,Sul,RS,Pantanal,46.49,28311.41,20,215.3,28.9,33108.1,37,Médio
2015,2,2015-02-01,Norte,AM,Pantanal,69.59,68209.65,16,104.6,29.5,54994.86,5,Baixo
2015,2,2015-02-01,Norte,PA,Pampa,118.26,61255.22,17,211.4,24.0,43520.31,21,Médio
2015,2,2015-02-01,Norte,PA,Mata Atlântica,43.21,56322.46,17,148.0,30.7,46553.98,22,Alto
2015,2,2015-02-01,Norte,RO,Cerrado,66.36,2083.08,8,144.3,31.0,72666.67,29,Alto
2015,2,2015-02-01,Norte,TO,Mata Atlântica,113.9,33275.8,16,118.7,29.3,27209.05,13,Alto
2015,2,2015-02-01,Nordeste,BA,Caatinga,159.0,56680.23,12,99.6,24.3,66579.72,28,Crítico
2015,2,2015-02-01,Nordeste,BA,Cerrado,93.82,1699.3,24,33.4,26.8,61132.7,3,Alto
2015,2,2015-02-01,Nordeste,PE,Caatinga,18.51,2557.51,14,109.8,26.6,39736.22,3,Baixo
2015,2,2015-02-01,Nordeste,PE,Amazônia,70.02,2987.78,12,165.1,24.3,81612.41,17,Crítico
2015,2,2015-02-01,Nordeste,CE,Pantanal,17.34,35491.12,17,16.3,30.0,58697.71,2,Crítico
2015,2,2015-02-01,Nordeste,CE,Caatinga,76.68,60548.38,13,52.7,25.1,27349.61,7,Baixo
2015,2,2015-02-01,Nordeste,MA,Mata Atlântica,2.43,62149.24,22,55.1,24.4,80984.47,39,Alto
2015,2,2015-02-01,Nordeste,PB,Amazônia,65.67,75956.29,16,61.1,28.6,34877.9,20,Médio
2015,2,2015-02-01,Centro-Oeste,DF,Amazônia,45.03,14100.88,10,125.0,26.8,53006.24,24,Baixo
2015,2,2015-02-01,Centro-Oeste,GO,Pampa,64.51,70774.85,17,138.9,24.7,25963.58,9,Crítico
2015,2,2015-02-01,Centro-Oeste,GO,Mata Atlântica,29.71,78143.95,15,60.8,28.0,18452.47,33,Crítico
2015,2,2015-02-01,Centro-Oeste,MT,Caatinga,45.22,41478.97,16,24.7,29.4,42019.49,4,Baixo
2015,2,2015-02-01,Centro-Oeste,MS,Caatinga,99.26,36685.63,16,79.2,27.3,71388.78,20,Crítico
2015,2,2015-02-01,Sudeste,SP,Cerrado,51.89,57661.75,14,57.0,26.2,33098.72,23,Baixo
2015,2,2015-02-01,Sudeste,SP,Pampa,66.01,29258.84,24,58.4,30.3,39095.54,3,Crítico
2015,2,2015-02-01,Sudeste,SP,Pampa,111.74,50128.42,13,66.1,27.0,27104.77,21,Baixo
2015,2,2015-02-01,Sudeste,RJ,Pantanal,39.9,13538.13,19,32.3,27.3,75818.66,30,Alto
2015,2,2015-02-01,Sudeste,RJ,Amazônia,58.71,53833.84,13,51.7,27.8,52575.81,12,Alto
2015,2,2015-02-01,Sudeste,RJ,Cerrado,240.24,69588.92,17,117.7,27.9,77760.51,34,Alto
2015,2,2015-02-01,Sudeste,RJ,Amazônia,119.69,71868.48,15,44.8,28.8,66033.65,23,Baixo
2015,2,2015-02-01,Sudeste,MG,Mata Atlântica,70.11,73278.9,21,88.0,30.2,22874.26,18,Médio
2015,2,2015-02-01,Sudeste,MG,Pantanal,46.63,73049.16,19,15.6,28.0,46568.53,14,Alto
2015,2,2015-02-01,Sudeste,MG,Mata Atlântica,37.57,15249.13,20,87.7,27.7,39252.37,26,Alto
2015,2,2015-02-01,Sudeste,ES,Mata Atlântica,7.97,11920.86,12,80.3,29.5,3326.66,31,Alto
2015,2,2015-02-01,Sudeste,ES,Cerrado,28.35,66769.63,21,241.9,30.3,79843.13,4,Médio
2015,2,2015-02-01,Sudeste,ES,Pampa,172.41,58280.08,16,71.2,22.8,29301.41,5,Crítico
2015,2,2015-02-01,Sul,PR,Pampa,101.87,76240.32,18,76.8,29.3,36806.05,30,Médio
2015,2,2015-02-01,Sul,PR,Mata Atlântica,163.16,65685.93,13,101.4,28.2,9442.21,7,Crítico
2015,2,2015-02-01,Sul,SC,Pantanal,78.77,67207.7,16,72.9,32.2,1979.54,7,Baixo
2015,2,2015-02-01,Sul,SC,Amazônia,40.91,37575.27,19,49.4,23.9,26760.44,35,Crítico
2015,2,2015-02-01,Sul,RS,Caatinga,10.05,1300.05,17,76.0,27.4,45736.11,22,Alto
2015,2,2015-02-01,Sul,RS,Amazônia,52.4,41105.9,15,36.9,27.1,57796.58,18,Baixo
2015,3,2015-03-01,Norte,AM,Cerrado,184.53,16837.67,13,131.1,27.4,2015.63,13,Alto
2015,3,2015-03-01,Norte,PA,Cerrado,25.03,1156.33,14,82.3,28.3,13505.87,27,Alto
2015,3,2015-03-01,Norte,PA,Pantanal,225.67,5280.86,15,128.1,26.6,70544.79,4,Alto
2015,3,2015-03-01,Norte,RO,Cerrado,34.51,45519.26,21,57.9,29.8,20591.37,21,Alto
2015,3,2015-03-01,Norte,TO,Caatinga,51.97,72159.08,20,133.7,25.2,34706.57,22,Baixo
2015,3,2015-03-01,Nordeste,BA,Mata Atlântica,100.44,44743.21,19,194.1,30.8,76609.52,5,Crítico
2015,3,2015-03-01,Nordeste,BA,Pantanal,24.46,24946.75,11,35.0,23.9,76526.75,36,Alto
2015,3,2015-03-01,Nordeste,PE,Pantanal,36.73,50063.56,16,124.9,23.8,57541.36,16,Crítico
2015,3,2015-03-01,Nordeste,PE,Pantanal,118.4,7191.23,20,84.2,24.2,34776.1,29,Alto
2015,3,2015-03-01,Nordeste,CE,Pantanal,89.29,36407.31,9,109.9,30.9,89228.12,27,Baixo
2015,3,2015-03-01,Nordeste,CE,Cerrado,66.72,28293.21,15,228.3,24.3,86313.76,6,Médio
2015,3,2015-03-01,Nordeste,MA,Caatinga,69.87,76972.51,15,13.7,24.7,1678.21,4,Médio
2015,3,2015-03-01,Nordeste,PB,Caatinga,124.44,26393.98,13,35.0,26.0,10823.59,3,Alto
2015,3,2015-03-01,Centro-Oeste,DF,Cerrado,73.07,17762.65,20,44.4,29.8,16851.27,34,Baixo
2015,3,2015-03-01,Centro-Oeste,GO,Pantanal,49.61,77530.28,19,215.9,23.5,58746.23,15,Crítico
2015,3,2015-03-01,Centro-Oeste,GO,Cerrado,44.01,65654.27,18,55.6,22.9,76203.13,13,Baixo
2015,3,2015-03-01,Centro-Oeste,MT,Pantanal,16.2,36418.41,12,54.1,26.3,2761.66,7,Crítico
2015,3,2015-03-01,Centro-Oeste,MS,Cerrado,87.1,75272.98,15,88.0,26.9,81156.81,2,Crítico
2015,3,2015-03-01,Sudeste,SP,Amazônia,61.9,52607.07,17,65.1,24.2,21892.85,30,Alto
2015,3,2015-03-01,Sudeste,SP,Pantanal,35.2,45176.71,14,97.9,22.0,19014.7,35,Baixo
2015,3,2015-03-01,Sudeste,SP,Amazônia,30.63,27692.48,22,85.7,21.5,51799.75,3,Baixo
2015,3,2015-03-01,Sudeste,RJ,Pantanal,70.85,30406.35,11,63.2,26.4,74850.03,9,Baixo
2015,3,2015-03-01,Sudeste,RJ,Mata Atlântica,44.13,77016.77,10,49.7,30.9,8459.5,14,Alto
2015,3,2015-03-01,Sudeste,RJ,Caatinga,195.54,60734.67,12,48.7,25.1,1954.8,23,Alto
2015,3,2015-03-01,Sudeste,RJ,Mata Atlântica,56.41,12656.92,17,24.9,19.7,44480.33,27,Médio
2015,3,2015-03-01,Sudeste,MG,Cerrado,95.44,61827.78,16,88.3,31.9,71807.7,21,Alto
2015,3,2015-03-01,Sudeste,MG,Caatinga,123.11,27104.15,15,102.3,29.3,53766.61,5,Médio
2015,3,2015-03-01,Sudeste,MG,Pantanal,48.22,14072.7,11,15.7,27.8,36675.57,18,Crítico
2015,3,2015-03-01,Sudeste,ES,Caatinga,111.72,28126.07,12,103.6,23.1,79586.43,30,Médio
2015,3,2015-03-01,Sudeste,ES,Amazônia,28.92,69991.62,13,99.6,25.7,45424.48,23,Crítico
2015,3,2015-03-01,Sudeste,ES,Amazônia,34.83,14474.4,14,145.1,26.7,58486.04,36,Baixo
2015,3,2015-03-01,Sul,PR,Cerrado,82.9,38793.57,17,93.3,25.9,63170.55,35,Crítico
2015,3,2015-03-01,Sul,PR,Amazônia,47.95,6517.95,25,89.7,28.3,81837.44,30,Alto
2015,3,2015-03-01,Sul,SC,Mata Atlântica,45.45,56270.35,18,30.9,30.8,31863.97,1,Baixo
2015,3,2015-03-01,Sul,SC,Pampa,103.47,70850.94,15,153.9,26.1,67590.4,39,Médio
2015,3,2015-03-01,Sul,RS,Mata Atlântica,123.17,46594.87,19,81.7,23.2,86646.0,15,Baixo
2015,3,2015-03-01,Sul,RS,Caatinga,116.01,49991.12,13,172.2,27.8,5717.77,24,Baixo
2015,4,2015-04-01,Norte,AM,Cerrado,74.08,66616.14,16,111.2,30.1,53137.07,26,Médio
2015,4,2015-04-01,Norte,PA,Pampa,90.27,21362.3,12,86.9,26.1,29040.35,34,Crítico
2015,4,2015-04-01,Norte,PA,Amazônia,10.75,61891.62,14,42.0,24.7,83309.65,31,Médio
2015,4,2015-04-01,Norte,RO,Caatinga,127.52,66102.23,17,45.4,31.0,38647.31,29,Crítico
2015,4,2015-04-01,Norte,TO,Mata Atlântica,26.45,61819.0,17,97.6,26.0,28239.16,34,Médio
2015,4,2015-04-01,Nordeste,BA,Caatinga,35.56,3877.66,15,9.5,28.3,76879.03,35,Alto
2015,4,2015-04-01,Nordeste,BA,Caatinga,90.87,42829.59,8,172.2,27.0,80972.92,23,Crítico
2015,4,2015-04-01,Nordeste,PE,Pantanal,14.74,53953.86,12,159.3,29.0,51049.62,37,Baixo
2015,4,2015-04-01,Nordeste,PE,Mata Atlântica,40.23,46746.58,17,34.4,25.1,15177.78,3,Alto
2015,4,2015-04-01,Nordeste,CE,Cerrado,36.99,75814.32,15,51.2,29.9,2004.48,27,Crítico
2015,4,2015-04-01,Nordeste,CE,Cerrado,62.14,60538.24,16,55.7,34.0,81810.94,38,Médio
2015,4,2015-04-01,Nordeste,MA,Pampa,132.33,75792.04,11,182.4,26.2,36697.09,38,Baixo
2015,4,2015-04-01,Nordeste,PB,Pantanal,26.56,13314.69,13,71.5,28.4,56099.7,17,Crítico
2015,4,2015-04-01,Centro-Oeste,DF,Cerrado,54.13,27883.47,18,48.9,24.6,22799.24,29,Alto
2015,4,2015-04-01,Centro-Oeste,GO,Pantanal,211.07,17746.07,17,84.3,30.5,13080.26,23,Baixo
2015,4,2015-04-01,Centro-Oeste,GO,Pampa,31.7,73657.36,7,94.8,22.1,24007.78,14,Alto
2015,4,2015-04-01,Centro-Oeste,MT,Mata Atlântica,132.79,74742.13,17,130.7,29.1,80630.49,5,Médio
2015,4,2015-04-01,Centro-Oeste,MS,Pantanal,23.42,13558.24,13,185.0,29.0,14319.16,20,Alto
2015,4,2015-04-01,Sudeste,SP,Mata Atlântica,219.09,22046.0,16,153.5,29.3,29237.97,24,Médio
2015,4,2015-04-01,Sudeste,SP,Pampa,41.34,68441.38,14,123.0,30.6,46381.28,6,Baixo
2015,4,2015-04-01,Sudeste,SP,Caatinga,11.91,32693.38,13,39.8,22.5,2010.7,27,Baixo
2015,4,2015-04-01,Sudeste,RJ,Amazônia,40.9,27383.88,18,49.3,25.7,15313.73,32,Baixo
2015,4,2015-04-01,Sudeste,RJ,Caatinga,69.14,35981.85,17,59.5,31.9,3353.39,17,Baixo
2015,4,2015-04-01,Sudeste,RJ,Amazônia,26.88,49404.95,15,44.7,23.0,45427.21,38,Médio
2015,4,2015-04-01,Sudeste,RJ,Cerrado,18.94,26703.43,11,65.8,25.4,11583.59,24,Crítico
2015,4,2015-04-01,Sudeste,MG,Pantanal,290.22,79254.89,9,266.6,25.0,89075.8,7,Crítico
2015,4,2015-04-01,Sudeste,MG,Pantanal,154.55,78721.17,13,147.7,28.6,66530.34,24,Alto
2015,4,2015-04-01,Sudeste,MG,Amazônia,35.97,48595.19,10,53.3,28.5,49173.44,12,Médio
2015,4,2015-04-01,Sudeste,ES,Mata Atlântica,48.98,30674.88,15,119.5,24.9,75810.57,27,Crítico
2015,4,2015-04-01,Sudeste,ES,Pampa,44.72,6141.84,15,34.8,31.9,81051.77,19,Alto
2015,4,2015-04-01,Sudeste,ES,Mata Atlântica,178.68,4398.78,14,67.6,25.9,73492.87,26,Baixo
2015,4,2015-04-01,Sul,PR,Amazônia,26.59,16384.56,18,104.8,28.6,81018.17,5,Médio
2015,4,2015-04-01,Sul,PR,Pampa,149.2,50452.71,14,36.4,22.9,12998.83,17,Alto
2015,4,2015-04-01,Sul,SC,Mata Atlântica,52.85,19045.81,12,177.0,25.2,34073.54,36,Alto
2015,4,2015-04-01,Sul,SC,Pampa,11.78,19216.89,12,104.0,23.5,40872.59,14,Crítico
2015,4,2015-04-01,Sul,RS,Pantanal,39.73,73333.62,17,134.9,27.0,29807.73,8,Médio
2015,4,2015-04-01,Sul,RS,Cerrado,28.59,53905.44,12,180.4,25.3,74114.59,27,Alto
2015,5,2015-05-01,Norte,AM,Pantanal,48.73,55373.7,14,53.5,24.7,74389.01,33,Médio
2015,5,2015-05-01,Norte,PA,Amazônia,49.82,39811.52,15,252.7,24.0,80748.98,28,Médio
2015,5,2015-05-01,Norte,PA,Pampa,5.49,28341.15,12,70.9,26.2,7714.26,29,Baixo
2015,5,2015-05-01,Norte,RO,Mata Atlântica,10.26,48421.36,18,178.3,23.1,22095.33,9,Médio
2015,5,2015-05-01,Norte,TO,Cerrado,48.51,69920.04,19,79.0,23.6,26995.04,21,Crítico
2015,5,2015-05-01,Nordeste,BA,Amazônia,151.05,31858.44,14,222.5,26.0,76052.52,7,Médio
2015,5,2015-05-01,Nordeste,BA,Pantanal,41.83,67455.76,15,67.5,26.3,38813.73,16,Médio
2015,5,2015-05-01,Nordeste,PE,Pampa,32.44,56523.75,17,180.0,31.0,88253.56,3,Crítico
2015,5,2015-05-01,Nordeste,PE,Pantanal,65.43,21474.98,17,133.3,18.1,60618.51,22,Alto
2015,5,2015-05-01,Nordeste,CE,Cerrado,75.22,53533.93,22,161.8,26.6,40339.23,36,Alto
2015,5,2015-05-01,Nordeste,CE,Caatinga,29.42,79473.91,26,126.1,27.5,40637.99,29,Alto
2015,5,2015-05-01,Nordeste,MA,Pantanal,67.4,43316.56,18,167.4,24.0,66020.02,5,Baixo
2015,5,2015-05-01,Nordeste,PB,Caatinga,59.99,24603.12,16,48.3,30.9,61827.29,21,Alto
2015,5,2015-05-01,Centro-Oeste,DF,Caatinga,101.72,68777.23,16,110.7,26.6,85854.81,27,Médio
2015,5,2015-05-01,Centro-Oeste,GO,Amazônia,70.38,68265.25,15,143.8,28.9,38099.06,15,Médio
2015,5,2015-05-01,Centro-Oeste,GO,Mata Atlântica,9.68,69893.11,19,94.3,22.6,16136.28,32,Baixo
2015,5,2015-05-01,Centro-Oeste,MT,Amazônia,126.71,77212.32,20,44.4,28.5,22165.03,25,Médio
2015,5,2015-05-01,Centro-Oeste,MS,Pampa,45.46,17918.73,25,51.2,22.2,74020.75,12,Crítico
2015,5,2015-05-01,Sudeste,SP,Caatinga,101.18,61569.45,15,43.7,26.7,76095.63,10,Médio
2015,5,2015-05-01,Sudeste,SP,Pantanal,145.5,12642.88,20,209.7,25.7,30169.36,17,Médio
2015,5,2015-05-01,Sudeste,SP,Pantanal,104.93,65790.3,18,24.9,22.7,28674.82,1,Baixo
2015,5,2015-05-01,Sudeste,RJ,Pampa,96.35,52388.0,20,76.4,25.6,1873.22,23,Alto
2015,5,2015-05-01,Sudeste,RJ,Cerrado,37.44,48348.54,19,38.1,27.0,29711.42,2,Baixo
2015,5,2015-05-01,Sudeste,RJ,Mata Atlântica,76.31,56880.18,15,14.5,26.4,42293.0,9,Crítico
2015,5,2015-05-01,Sudeste,RJ,Amazônia,87.27,76471.72,13,118.6,17.3,84265.69,27,Crítico
2015,5,2015-05-01,Sudeste,MG,Pampa,41.45,38521.64,16,105.0,23.5,54396.98,14,Crítico
2015,5,2015-05-01,Sudeste,MG,Cerrado,126.24,55313.58,18,42.8,29.7,63596.51,30,Médio
2015,5,2015-05-01,Sudeste,MG,Caatinga,16.84,6040.16,20,98.2,28.0,40862.43,4,Médio
2015,5,2015-05-01,Sudeste,ES,Amazônia,52.15,76807.77,21,171.8,28.3,58753.39,28,Alto
2015,5,2015-05-01,Sudeste,ES,Pampa,21.42,45647.24,13,71.3,22.7,52322.93,11,Baixo
2015,5,2015-05-01,Sudeste,ES,Amazônia,45.95,51787.79,14,46.6,25.2,73142.69,11,Alto
2015,5,2015-05-01,Sul,PR,Cerrado,27.26,78162.53,15,138.3,23.4,14285.01,10,Médio
2015,5,2015-05-01,Sul,PR,Amazônia,89.64,41790.65,9,132.3,22.8,83304.08,24,Alto
2015,5,2015-05-01,Sul,SC,Pantanal,8.82,23164.71,22,170.6,19.0,25070.07,34,Baixo
2015,5,2015-05-01,Sul,SC,Pampa,19.35,47258.09,16,16.4,25.5,45973.59,11,Médio
2015,5,2015-05-01,Sul,RS,Pampa,18.34,36800.43,12,38.8,30.4,16057.75,7,Médio
2015,5,2015-05-01,Sul,RS,Pantanal,31.9,7673.65,19,129.4,24.2,71837.3,38,Médio
2015,6,2015-06-01,Norte,AM,Cerrado,46.77,60483.97,20,101.0,27.6,68450.21,18,Baixo
2015,6,2015-06-01,Norte,PA,Caatinga,69.02,45078.24,16,67.2,24.2,60816.85,16,Alto
2015,6,2015-06-01,Norte,PA,Mata Atlântica,29.88,2057.84,21,65.1,32.0,71070.94,12,Médio
2015,6,2015-06-01,Norte,RO,Caatinga,83.36,74254.6,16,110.5,23.5,59559.95,13,Médio
2015,6,2015-06-01,Norte,TO,Amazônia,51.69,4701.96,22,17.2,31.9,68823.25,28,Médio
2015,6,2015-06-01,Nordeste,BA,Amazônia,72.08,19314.75,13,99.9,28.5,44698.34,23,Alto
2015,6,2015-06-01,Nordeste,BA,Mata Atlântica,111.44,6052.87,19,14.5,27.0,11883.83,22,Médio
2015,6,2015-06-01,Nordeste,PE,Cerrado,22.2,42889.94,14,27.8,25.1,79049.59,33,Crítico
2015,6,2015-06-01,Nordeste,PE,Cerrado,69.6,59681.6,14,87.5,21.2,52962.89,14,Alto
2015,6,2015-06-01,Nordeste,CE,Amazônia,49.59,48358.06,15,54.2,31.8,62755.62,2,Médio
2015,6,2015-06-01,Nordeste,CE,Mata Atlântica,81.99,17079.42,10,140.9,24.1,75590.73,33,Crítico
2015,6,2015-06-01,Nordeste,MA,Cerrado,44.0,71535.23,10,61.9,29.2,42815.49,28,Alto
2015,6,2015-06-01,Nordeste,PB,Pampa,56.86,57448.65,16,27.8,35.1,43319.98,35,Crítico
2015,6,2015-06-01,Centro-Oeste,DF,Cerrado,18.42,51048.19,15,100.9,27.7,2766.4,26,Crítico
2015,6,2015-06-01,Centro-Oeste,GO,Pampa,69.71,33181.78,15,39.2,26.5,48996.34,20,Alto
2015,6,2015-06-01,Centro-Oeste,GO,Pampa,80.02,74418.93,12,169.6,25.6,75294.4,21,Médio
2015,6,2015-06-01,Centro-Oeste,MT,Caatinga,17.84,35745.89,18,55.5,27.3,31651.31,1,Médio
2015,6,2015-06-01,Centro-Oeste,MS,Cerrado,145.56,39995.98,12,122.5,26.8,10870.62,11,Baixo
2015,6,2015-06-01,Sudeste,SP,Mata Atlântica,31.9,49757.89,17,36.7,27.6,21203.15,13,Médio
2015,6,2015-06-01,Sudeste,SP,Cerrado,51.13,38592.78,17,147.4,27.2,15922.36,21,Crítico
2015,6,2015-06-01,Sudeste,SP,Cerrado,37.4,63829.06,13,102.1,28.2,53243.03,11,Crítico
2015,6,2015-06-01,Sudeste,RJ,Caatinga,89.29,64192.62,17,61.1,28.0,41599.19,26,Médio
2015,6,2015-06-01,Sudeste,RJ,Mata Atlântica,64.96,66310.91,16,111.9,28.3,48959.2,15,Crítico
2015,6,2015-06-01,Sudeste,RJ,Cerrado,22.38,41106.73,17,39.2,32.6,55250.45,23,Baixo
2015,6,2015-06-01,Sudeste,RJ,Mata Atlântica,44.85,31115.52,13,216.6,28.5,21235.3,23,Crítico
2015,6,2015-06-01,Sudeste,MG,Amazônia,30.85,64464.27,13,36.5,22.7,30122.42,14,Médio
2015,6,2015-06-01,Sudeste,MG,Mata Atlântica,40.85,41031.93,13,83.6,27.1,79522.82,27,Alto
2015,6,2015-06-01,Sudeste,MG,Pantanal,137.06,50794.06,18,128.0,25.3,88337.75,5,Crítico
2015,6,2015-06-01,Sudeste,ES,Caatinga,85.46,14294.1,15,40.6,31.0,85393.92,18,Alto
2015,6,2015-06-01,Sudeste,ES,Amazônia,198.03,7642.12,18,65.7,26.3,44490.92,6,Crítico
2015,6,2015-06-01,Sudeste,ES,Caatinga,171.69,16024.83,14,22.8,29.9,23807.21,26,Alto
2015,6,2015-06-01,Sul,PR,Pampa,78.59,13157.43,13,251.1,29.2,82221.05,22,Crítico
2015,6,2015-06-01,Sul,PR,Cerrado,117.65,64628.11,20,29.1,24.6,22775.02,39,Baixo
2015,6,2015-06-01,Sul,SC,Caatinga,130.89,62131.77,17,57.5,32.0,9152.87,26,Médio
2015,6,2015-06-01,Sul,SC,Pampa,49.46,78375.36,19,98.7,26.9,35703.11,8,Alto
2015,6,2015-06-01,Sul,RS,Pantanal,15.03,77730.2,11,61.4,27.1,73030.44,35,Baixo
2015,6,2015-06-01,Sul,RS,Pampa,40.45,75519.95,25,27.9,28.2,15383.54,23,Crítico
2015,7,2015-07-01,Norte,AM,Cerrado,126.52,64092.28,4,130.5,27.6,38860.49,31,Alto
2015,7,2015-07-01,Norte,PA,Pantanal,29.43,17033.52,16,156.9,27.4,16323.54,12,Crítico
2015,7,2015-07-01,Norte,PA,Pampa,25.39,21849.96,14,35.6,22.5,52880.98,5,Crítico
2015,7,2015-07-01,Norte,RO,Amazônia,69.76,78445.98,9,43.8,28.9,20630.47,19,Baixo
2015,7,2015-07-01,Norte,TO,Caatinga,7.36,17598.15,14,61.0,29.4,25375.74,13,Baixo
2015,7,2015-07-01,Nordeste,BA,Pantanal,35.39,13458.5,16,77.3,25.5,45725.56,3,Alto
2015,7,2015-07-01,Nordeste,BA,Amazônia,57.06,25107.05,11,115.3,23.2,41488.24,13,Crítico
2015,7,2015-07-01,Nordeste,PE,Mata Atlântica,70.68,28358.9,17,57.7,25.0,53458.07,20,Crítico
2015,7,2015-07-01,Nordeste,PE,Cerrado,24.69,8988.21,18,65.3,27.7,44336.64,18,Médio
2015,7,2015-07-01,Nordeste,CE,Cerrado,20.15,22377.21,15,58.6,28.8,55304.22,2,Crítico
2015,7,2015-07-01,Nordeste,CE,Mata Atlântica,38.22,44703.97,13,92.6,30.1,5768.37,4,Alto
2015,7,2015-07-01,Nordeste,MA,Cerrado,4.59,40163.28,7,24.8,24.9,26022.87,11,Médio
2015,7,2015-07-01,Nordeste,PB,Mata Atlântica,45.19,6264.35,18,133.4,25.0,32987.4,26,Crítico
2015,7,2015-07-01,Centro-Oeste,DF,Mata Atlântica,99.34,15571.45,14,47.7,31.9,53734.72,30,Médio
2015,7,2015-07-01,Centro-Oeste,GO,Caatinga,16.53,29455.28,12,83.3,27.6,9540.56,23,Alto
2015,7,2015-07-01,Centro-Oeste,GO,Pantanal,31.62,20143.26,19,48.0,25.1,75470.22,29,Crítico
2015,7,2015-07-01,Centro-Oeste,MT,Mata Atlântica,20.32,6839.22,13,70.9,27.1,18593.85,18,Médio
2015,7,2015-07-01,Centro-Oeste,MS,Caatinga,56.84,17509.79,18,36.0,32.0,30036.18,3,Crítico
2015,7,2015-07-01,Sudeste,SP,Pantanal,40.5,75268.1,17,103.7,25.6,24597.14,26,Médio
2015,7,2015-07-01,Sudeste,SP,Mata Atlântica,49.67,57435.05,20,191.2,23.1,45860.71,5,Baixo
2015,7,2015-07-01,Sudeste,SP,Mata Atlântica,66.45,21371.09,17,114.4,31.6,44076.2,22,Alto
2015,7,2015-07-01,Sudeste,RJ,Caatinga,71.8,50933.2,16,81.9,32.0,76449.0,24,Crítico
2015,7,2015-07-01,Sudeste,RJ,Pampa,183.24,36279.19,14,259.6,27.8,40283.06,12,Baixo
2015,7,2015-07-01,Sudeste,RJ,Amazônia,102.43,8291.08,12,185.9,28.0,6955.14,14,Baixo
2015,7,2015-07-01,Sudeste,RJ,Amazônia,43.67,54223.89,18,136.5,30.3,68755.38,21,Médio
2015,7,2015-07-01,Sudeste,MG,Pantanal,25.05,9794.39,10,86.8,27.5,89513.84,36,Baixo
2015,7,2015-07-01,Sudeste,MG,Cerrado,74.68,33529.71,13,226.9,29.8,78534.02,24,Crítico
2015,7,2015-07-01,Sudeste,MG,Pantanal,48.79,15658.94,16,34.6,23.3,88718.23,28,Alto
2015,7,2015-07-01,Sudeste,ES,Cerrado,46.72,9628.3,16,67.9,24.4,80197.31,5,Crítico
2015,7,2015-07-01,Sudeste,ES,Pantanal,46.5,8361.52,18,33.4,24.2,29227.45,16,Baixo
2015,7,2015-07-01,Sudeste,ES,Amazônia,68.24,32833.58,18,115.8,24.9,81191.97,33,Baixo
2015,7,2015-07-01,Sul,PR,Cerrado,64.53,25047.98,15,32.0,25.6,33075.69,16,Médio
2015,7,2015-07-01,Sul,PR,Mata Atlântica,61.23,56464.2,11,72.6,27.0,43195.14,17,Médio
2015,7,2015-07-01,Sul,SC,Pampa,155.72,49421.59,10,101.9,22.7,60292.85,18,Alto
2015,7,2015-07-01,Sul,SC,Mata Atlântica,83.75,59198.83,15,64.1,29.1,85893.4,34,Crítico
2015,7,2015-07-01,Sul,RS,Mata Atlântica,131.53,11875.95,16,24.2,26.6,39870.38,35,Médio
2015,7,2015-07-01,Sul,RS,Mata Atlântica,81.28,59976.09,16,51.7,23.6,59602.68,19,Crítico
2015,8,2015-08-01,Norte,AM,Amazônia,58.89,9931.01,16,123.2,26.9,65817.58,8,Crítico
2015,8,2015-08-01,Norte,PA,Mata Atlântica,70.75,58413.15,18,67.3,29.9,3002.83,27,Baixo
2015,8,2015-08-01,Norte,PA,Caatinga,46.35,13420.06,11,74.4,24.1,6986.84,24,Crítico
2015,8,2015-08-01,Norte,RO,Mata Atlântica,73.43,18790.86,21,54.0,27.7,67575.71,14,Baixo
2015,8,2015-08-01,Norte,TO,Caatinga,50.0,61726.07,12,109.1,24.0,34886.19,4,Crítico
2015,8,2015-08-01,Nordeste,BA,Amazônia,21.61,54867.06,12,104.9,29.5,24032.48,11,Baixo
2015,8,2015-08-01,Nordeste,BA,Mata Atlântica,20.82,53335.3,13,70.0,29.9,22966.57,36,Médio
2015,8,2015-08-01,Nordeste,PE,Pantanal,19.44,78380.09,21,37.7,23.9,6734.46,38,Crítico
2015,8,2015-08-01,Nordeste,PE,Cerrado,22.39,15919.58,13,83.1,26.9,34975.8,5,Crítico
2015,8,2015-08-01,Nordeste,CE,Mata Atlântica,31.58,4955.56,10,112.0,26.9,35768.39,10,Médio
2015,8,2015-08-01,Nordeste,CE,Mata Atlântica,8.8,31677.22,9,162.9,24.3,4411.42,20,Crítico
2015,8,2015-08-01,Nordeste,MA,Pantanal,220.77,46531.74,10,47.2,25.9,82037.66,3,Baixo
2015,8,2015-08-01,Nordeste,PB,Pantanal,373.01,46945.24,19,75.0,22.2,69868.72,7,Alto
2015,8,2015-08-01,Centro-Oeste,DF,Amazônia,127.56,32594.29,9,104.6,26.9,25618.5,37,Baixo
2015,8,2015-08-01,Centro-Oeste,GO,Caatinga,50.01,78007.66,16,52.9,30.3,89030.66,18,Crítico
2015,8,2015-08-01,Centro-Oeste,GO,Caatinga,127.5,12477.04,14,84.8,29.9,55438.42,5,Crítico
2015,8,2015-08-01,Centro-Oeste,MT,Pantanal,202.56,74674.72,13,83.9,24.6,39065.3,14,Alto
2015,8,2015-08-01,Centro-Oeste,MS,Cerrado,41.39,60290.63,15,115.9,29.7,84520.45,35,Médio
2015,8,2015-08-01,Sudeste,SP,Cerrado,34.6,79552.96,20,104.8,27.8,31375.87,24,Alto
2015,8,2015-08-01,Sudeste,SP,Pantanal,25.71,59914.0,20,31.0,32.4,78279.75,18,Alto
2015,8,2015-08-01,Sudeste,SP,Caatinga,42.3,16720.91,14,68.1,23.2,58585.62,6,Médio
2015,8,2015-08-01,Sudeste,RJ,Pampa,94.38,65014.34,16,63.0,24.8,42287.91,16,Alto
2015,8,2015-08-01,Sudeste,RJ,Caatinga,62.86,6841.75,7,129.8,29.4,59082.08,6,Alto
2015,8,2015-08-01,Sudeste,RJ,Pampa,40.38,16992.95,14,69.6,30.3,48161.6,23,Baixo
2015,8,2015-08-01,Sudeste,RJ,Amazônia,183.13,8634.08,19,39.4,29.5,76322.54,9,Baixo
2015,8,2015-08-01,Sudeste,MG,Caatinga,54.52,75678.25,19,41.7,21.9,66955.83,10,Baixo
2015,8,2015-08-01,Sudeste,MG,Pampa,53.12,58567.43,11,39.2,23.1,23522.4,29,Baixo
2015,8,2015-08-01,Sudeste,MG,Cerrado,92.46,23486.91,19,86.5,25.9,29785.54,15,Crítico
2015,8,2015-08-01,Sudeste,ES,Caatinga,6.92,34408.42,15,67.5,27.1,69467.97,3,Alto
2015,8,2015-08-01,Sudeste,ES,Pampa,87.18,50011.82,10,49.5,25.5,10339.81,21,Alto
2015,8,2015-08-01,Sudeste,ES,Mata Atlântica,56.47,65352.29,17,65.3,27.8,25530.37,7,Baixo
2015,8,2015-08-01,Sul,PR,Pantanal,132.45,20874.83,17,41.3,27.6,43041.34,32,Médio
2015,8,2015-08-01,Sul,PR,Pampa,3.17,45828.13,16,105.5,25.1,45329.34,9,Crítico
2015,8,2015-08-01,Sul,SC,Pantanal,109.92,65458.77,20,20.1,22.2,16944.06,24,Médio
2015,8,2015-08-01,Sul,SC,Caatinga,35.4,4017.41,16,114.8,33.2,13516.9,20,Alto
2015,8,2015-08-01,Sul,RS,Cerrado,48.0,78626.66,13,82.9,26.1,31285.63,25,Alto
2015,8,2015-08-01,Sul,RS,Cerrado,21.85,52977.94,16,93.3,32.8,16173.55,23,Alto
2015,9,2015-09-01,Norte,AM,Pantanal,129.1,36459.45,17,82.4,24.5,39970.76,16,Baixo
2015,9,2015-09-01,Norte,PA,Amazônia,131.92,30170.56,13,32.6,33.6,26118.65,4,Alto
2015,9,2015-09-01,Norte,PA,Amazônia,106.58,19691.28,14,26.6,30.2,81776.95,30,Baixo
2015,9,2015-09-01,Norte,RO,Pampa,65.78,79054.57,14,146.1,21.2,8840.02,4,Médio
2015,9,2015-09-01,Norte,TO,Mata Atlântica,124.42,5527.46,14,132.5,25.0,59264.34,7,Médio
2015,9,2015-09-01,Nordeste,BA,Pampa,55.67,7180.64,20,18.6,25.5,15482.58,7,Médio
2015,9,2015-09-01,Nordeste,BA,Pampa,99.68,40347.43,17,131.0,29.3,11469.23,2,Médio
2015,9,2015-09-01,Nordeste,PE,Pantanal,15.31,71726.51,13,27.3,28.4,88385.85,16,Baixo
2015,9,2015-09-01,Nordeste,PE,Mata Atlântica,67.96,65915.79,10,81.1,27.2,7242.42,2,Médio
2015,9,2015-09-01,Nordeste,CE,Cerrado,10.42,31037.35,12,74.9,24.3,35392.75,17,Baixo
2015,9,2015-09-01,Nordeste,CE,Pantanal,92.52,27788.71,17,89.9,28.7,82454.28,17,Alto
2015,9,2015-09-01,Nordeste,MA,Amazônia,42.18,72214.68,15,160.1,28.5,55201.43,7,Baixo
2015,9,2015-09-01,Nordeste,PB,Pampa,22.18,21340.15,15,103.5,25.0,21713.76,31,Crítico
2015,9,2015-09-01,Centro-Oeste,DF,Cerrado,90.27,29728.15,21,80.8,21.9,71776.05,18,Médio
2015,9,2015-09-01,Centro-Oeste,GO,Amazônia,22.57,56785.9,18,104.9,26.1,40318.63,1,Crítico
2015,9,2015-09-01,Centro-Oeste,GO,Pantanal,7.97,9648.17,14,92.9,26.4,25793.15,22,Médio
2015,9,2015-09-01,Centro-Oeste,MT,Amazônia,44.37,11359.08,15,167.8,26.5,21245.78,32,Baixo
2015,9,2015-09-01,Centro-Oeste,MS,Amazônia,46.75,64957.24,15,47.5,17.3,47750.68,30,Crítico
2015,9,2015-09-01,Sudeste,SP,Cerrado,65.3,10828.23,14,187.0,28.2,3395.83,27,Médio
2015,9,2015-09-01,Sudeste,SP,Pampa,20.43,3799.93,14,71.3,25.2,21571.25,18,Alto
2015,9,2015-09-01,Sudeste,SP,Pampa,59.97,50673.8,11,121.8,25.4,15117.95,6,Crítico
2015,9,2015-09-01,Sudeste,RJ,Amazônia,90.02,70563.69,15,138.8,21.2,75501.46,20,Baixo
2015,9,2015-09-01,Sudeste,RJ,Pantanal,90.91,49086.06,17,91.6,23.6,15783.94,18,Alto
2015,9,2015-09-01,Sudeste,RJ,Pampa,70.84,12274.98,16,134.7,30.7,58390.45,18,Médio
2015,9,2015-09-01,Sudeste,RJ,Mata Atlântica,122.69,59917.03,15,75.1,25.1,14702.12,15,Médio
2015,9,2015-09-01,Sudeste,MG,Caatinga,55.18,42257.3,20,187.9,24.7,72053.38,7,Crítico
2015,9,2015-09-01,Sudeste,MG,Mata Atlântica,31.93,73429.63,18,104.2,28.7,41531.38,39,Baixo
2015,9,2015-09-01,Sudeste,MG,Pampa,79.94,48580.12,15,189.8,27.3,2746.73,15,Alto
2015,9,2015-09-01,Sudeste,ES,Amazônia,42.62,76446.56,14,45.0,29.0,5782.41,12,Alto
2015,9,2015-09-01,Sudeste,ES,Cerrado,11.37,34834.2,15,61.5,27.2,9314.07,23,Crítico
2015,9,2015-09-01,Sudeste,ES,Cerrado,36.2,13777.77,18,90.5,24.6,23022.22,28,Médio
2015,9,2015-09-01,Sul,PR,Pampa,55.35,6238.04,21,65.4,25.7,55746.51,31,Alto
2015,9,2015-09-01,Sul,PR,Cerrado,17.54,15280.75,9,54.4,27.1,83599.51,31,Médio
2015,9,2015-09-01,Sul,SC,Pantanal,24.52,59681.3,13,73.7,27.9,31092.45,17,Crítico
2015,9,2015-09-01,Sul,SC,Caatinga,69.55,34945.3,13,37.7,27.1,21750.59,20,Crítico
2015,9,2015-09-01,Sul,RS,Mata Atlântica,46.5,74726.84,14,15.7,29.5,30594.87,11,Alto
2015,9,2015-09-01,Sul,RS,Pampa,21.41,9999.3,17,125.8,29.3,78537.09,7,Crítico
2015,10,2015-10-01,Norte,AM,Cerrado,17.81,14413.68,13,190.1,23.3,70445.44,9,Crítico
2015,10,2015-10-01,Norte,PA,Amazônia,74.01,66151.68,13,64.2,28.7,38954.95,31,Baixo
2015,10,2015-10-01,Norte,PA,Caatinga,211.68,9503.39,17,80.7,25.5,84290.24,18,Alto
2015,10,2015-10-01,Norte,RO,Pantanal,18.15,26496.91,14,30.7,26.2,12025.4,21,Crítico
2015,10,2015-10-01,Norte,TO,Mata Atlântica,55.42,23039.85,14,153.0,27.8,23326.45,15,Baixo
2015,10,2015-10-01,Nordeste,BA,Pantanal,20.32,50623.81,14,107.6,26.7,45794.87,37,Crítico
2015,10,2015-10-01,Nordeste,BA,Caatinga,98.46,43760.19,16,44.6,28.0,81773.97,29,Crítico
2015,10,2015-10-01,Nordeste,PE,Cerrado,61.23,18677.04,26,103.0,27.9,67699.53,17,Crítico
2015,10,2015-10-01,Nordeste,PE,Caatinga,112.36,72582.71,22,46.1,29.5,24784.88,33,Alto
2015,10,2015-10-01,Nordeste,CE,Pampa,105.31,14675.68,15,226.9,31.6,33110.47,26,Crítico
2015,10,2015-10-01,Nordeste,CE,Pantanal,25.07,76253.12,17,105.2,28.3,30681.49,26,Alto
2015,10,2015-10-01,Nordeste,MA,Cerrado,27.75,42258.31,8,219.8,30.5,54853.38,38,Baixo
2015,10,2015-10-01,Nordeste,PB,Cerrado,33.64,31953.72,11,59.5,27.9,29890.62,36,Crítico
2015,10,2015-10-01,Centro-Oeste,DF,Amazônia,190.51,23509.71,14,71.1,22.6,9309.46,36,Alto
2015,10,2015-10-01,Centro-Oeste,GO,Caatinga,75.99,23024.34,9,173.6,28.5,79595.3,24,Baixo
2015,10,2015-10-01,Centro-Oeste,GO,Mata Atlântica,82.87,53693.7,16,86.1,24.0,28605.74,29,Baixo
2015,10,2015-10-01,Centro-Oeste,MT,Pantanal,13.49,25553.2,13,39.7,26.8,54651.16,11,Baixo
2015,10,2015-10-01,Centro-Oeste,MS,Pantanal,30.71,41695.93,18,16.4,27.9,32663.34,26,Médio
2015,10,2015-10-01,Sudeste,SP,Caatinga,35.86,50802.91,13,59.4,26.5,59558.08,27,Médio
2015,10,2015-10-01,Sudeste,SP,Cerrado,45.34,44531.14,10,33.4,26.0,21528.9,5,Crítico
2015,10,2015-10-01,Sudeste,SP,Pampa,47.29,18749.69,13,146.6,23.2,60137.25,34,Baixo
2015,10,2015-10-01,Sudeste,RJ,Pantanal,59.78,16550.54,11,147.0,27.1,25216.31,28,Alto
2015,10,2015-10-01,Sudeste,RJ,Mata Atlântica,73.44,74493.65,24,80.5,25.8,43853.68,36,Baixo
2015,10,2015-10-01,Sudeste,RJ,Pantanal,46.57,14379.02,24,51.9,24.1,86459.53,36,Médio
2015,10,2015-10-01,Sudeste,RJ,Caatinga,50.33,6175.74,17,94.0,29.2,67254.11,10,Crítico
2015,10,2015-10-01,Sudeste,MG,Amazônia,125.64,1504.75,15,88.7,26.0,12224.29,5,Baixo
2015,10,2015-10-01,Sudeste,MG,Mata Atlântica,13.3,33726.26,22,58.1,26.5,48094.91,9,Baixo
2015,10,2015-10-01,Sudeste,MG,Pantanal,85.18,43853.8,18,110.7,33.6,35526.33,2,Baixo
2015,10,2015-10-01,Sudeste,ES,Amazônia,34.89,55298.96,26,21.8,23.5,19342.03,21,Crítico
2015,10,2015-10-01,Sudeste,ES,Caatinga,85.37,42901.01,10,73.5,30.3,7739.11,25,Médio
2015,10,2015-10-01,Sudeste,ES,Pampa,14.47,60932.57,19,66.6,31.2,86696.91,26,Baixo
2015,10,2015-10-01,Sul,PR,Cerrado,114.39,26975.98,10,86.7,33.7,36134.51,4,Baixo
2015,10,2015-10-01,Sul,PR,Pampa,68.01,62788.15,12,25.4,25.9,30261.15,14,Baixo
2015,10,2015-10-01,Sul,SC,Mata Atlântica,116.32,23085.27,27,89.8,24.5,19384.68,4,Baixo
2015,10,2015-10-01,Sul,SC,Mata Atlântica,75.69,76866.59,13,25.3,26.4,11475.65,17,Alto
2015,10,2015-10-01,Sul,RS,Mata Atlântica,13.53,68617.96,10,67.3,24.0,22724.35,22,Alto
2015,10,2015-10-01,Sul,RS,Cerrado,19.35,48996.7,7,45.5,16.3,5861.9,24,Médio
2015,11,2015-11-01,Norte,AM,Pantanal,57.37,58179.24,11,91.9,25.3,15263.8,29,Médio
2015,11,2015-11-01,Norte,PA,Pantanal,36.57,45279.89,20,86.9,22.3,21011.89,25,Crítico
2015,11,2015-11-01,Norte,PA,Mata Atlântica,83.89,60507.22,15,82.8,30.4,80462.47,15,Médio
2015,11,2015-11-01,Norte,RO,Pantanal,63.56,55998.89,16,39.7,27.5,83991.43,26,Baixo
2015,11,2015-11-01,Norte,TO,Cerrado,49.56,17314.97,17,235.4,28.6,39028.5,24,Crítico
2015,11,2015-11-01,Nordeste,BA,Pantanal,72.06,32292.32,25,227.6,30.4,35154.32,25,Alto
2015,11,2015-11-01,Nordeste,BA,Caatinga,125.88,4644.13,13,127.2,24.4,86685.17,10,Alto
2015,11,2015-11-01,Nordeste,PE,Mata Atlântica,54.81,46504.65,24,124.4,27.0,21789.9,25,Crítico
2015,11,2015-11-01,Nordeste,PE,Mata Atlântica,75.99,68158.4,12,103.7,26.6,70366.29,11,Baixo
2015,11,2015-11-01,Nordeste,CE,Pampa,41.72,55496.93,10,57.2,28.2,16563.33,33,Crítico
2015,11,2015-11-01,Nordeste,CE,Amazônia,16.58,5689.81,18,37.6,27.4,58069.52,2,Baixo
2015,11,2015-11-01,Nordeste,MA,Cerrado,66.03,65580.95,12,86.1,29.2,4499.06,24,Médio
2015,11,2015-11-01,Nordeste,PB,Mata Atlântica,87.32,66369.86,13,47.0,26.2,75443.85,20,Baixo
2015,11,2015-11-01,Centro-Oeste,DF,Cerrado,29.08,15516.93,8,119.0,23.7,36000.26,36,Baixo
2015,11,2015-11-01,Centro-Oeste,GO,Mata Atlântica,64.27,22888.9,18,105.6,24.9,38337.95,28,Alto
2015,11,2015-11-01,Centro-Oeste,GO,Amazônia,63.19,70969.21,17,113.0,26.1,39013.76,20,Alto
2015,11,2015-11-01,Centro-Oeste,MT,Pampa,106.11,11442.71,14,157.0,23.8,19824.97,3,Médio
2015,11,2015-11-01,Centro-Oeste,MS,Cerrado,34.38,43579.66,16,79.3,27.5,4723.47,28,Alto
2015,11,2015-11-01,Sudeste,SP,Caatinga,62.17,3998.46,11,100.4,27.4,44691.16,13,Baixo
2015,11,2015-11-01,Sudeste,SP,Mata Atlântica,141.36,59369.6,16,90.6,31.3,78761.9,1,Baixo
2015,11,2015-11-01,Sudeste,SP,Mata Atlântica,29.28,6941.07,20,84.7,25.6,23947.97,26,Baixo
2015,11,2015-11-01,Sudeste,RJ,Pantanal,56.63,15930.0,12,58.4,25.1,58898.19,6,Baixo
2015,11,2015-11-01,Sudeste,RJ,Pantanal,34.76,21944.97,15,301.0,29.7,32205.36,12,Baixo
2015,11,2015-11-01,Sudeste,RJ,Pampa,6.95,36337.78,8,64.7,27.0,8269.83,20,Crítico
2015,11,2015-11-01,Sudeste,RJ,Mata Atlântica,109.84,50342.0,13,154.9,26.7,16336.49,7,Baixo
2015,11,2015-11-01,Sudeste,MG,Amazônia,52.31,38783.39,10,161.0,31.3,79295.97,21,Baixo
2015,11,2015-11-01,Sudeste,MG,Pampa,36.64,64443.78,13,131.1,29.5,20452.81,39,Alto
2015,11,2015-11-01,Sudeste,MG,Caatinga,88.69,19517.31,22,118.2,32.2,79014.47,22,Alto
2015,11,2015-11-01,Sudeste,ES,Amazônia,10.93,72154.0,13,180.1,24.7,35363.77,30,Médio
2015,11,2015-11-01,Sudeste,ES,Amazônia,31.56,63727.62,12,120.7,33.8,27644.01,12,Crítico
2015,11,2015-11-01,Sudeste,ES,Amazônia,97.24,12886.88,15,59.7,24.3,45264.32,32,Crítico
2015,11,2015-11-01,Sul,PR,Mata Atlântica,78.55,35848.11,16,90.7,29.8,9420.52,6,Crítico
2015,11,2015-11-01,Sul,PR,Pantanal,13.66,3192.21,27,88.2,31.3,7534.06,12,Alto
2015,11,2015-11-01,Sul,SC,Amazônia,110.4,64779.49,16,160.1,28.8,10819.72,6,Baixo
2015,11,2015-11-01,Sul,SC,Cerrado,127.91,14790.77,19,105.7,26.4,67233.64,34,Crítico
2015,11,2015-11-01,Sul,RS,Cerrado,21.47,55455.58,11,144.5,27.1,37640.39,2,Alto
2015,11,2015-11-01,Sul,RS,Amazônia,210.18,19313.47,14,20.9,29.2,27193.05,2,Médio
2015,12,2015-12-01,Norte,AM,Caatinga,54.0,68704.58,13,103.6,31.0,40605.85,1,Crítico
2015,12,2015-12-01,Norte,PA,Cerrado,75.4,26082.44,8,64.8,24.9,42104.2,15,Baixo
2015,12,2015-12-01,Norte,PA,Pantanal,35.83,16953.58,5,95.3,25.3,40137.25,37,Médio
2015,12,2015-12-01,Norte,RO,Caatinga,18.72,40342.92,18,104.6,24.8,66319.84,24,Baixo
2015,12,2015-12-01,Norte,TO,Amazônia,211.43,29855.55,10,45.6,28.1,57579.7,2,Médio
2015,12,2015-12-01,Nordeste,BA,Caatinga,36.22,23859.11,17,105.6,25.2,21497.28,29,Médio
2015,12,2015-12-01,Nordeste,BA,Mata Atlântica,104.3,22868.51,12,62.7,29.1,48547.62,39,Crítico
2015,12,2015-12-01,Nordeste,PE,Cerrado,32.44,12724.13,18,46.6,20.2,48872.7,25,Alto
2015,12,2015-12-01,Nordeste,PE,Amazônia,33.75,49975.81,22,17.6,30.9,52548.78,24,Alto
2015,12,2015-12-01,Nordeste,CE,Cerrado,116.26,36427.36,12,128.2,25.9,45253.2,1,Baixo
2015,12,2015-12-01,Nordeste,CE,Pampa,70.6,15267.09,13,133.9,26.8,8287.73,19,Crítico
2015,12,2015-12-01,Nordeste,MA,Pampa,94.55,33591.91,21,112.7,25.7,83775.76,38,Médio
2015,12,2015-12-01,Nordeste,PB,Pantanal,65.11,46534.54,17,71.3,28.5,35492.92,32,Crítico
2015,12,2015-12-01,Centro-Oeste,DF,Mata Atlântica,65.35,51076.1,8,46.6,26.2,36616.06,12,Alto
2015,12,2015-12-01,Centro-Oeste,GO,Pantanal,21.19,58635.38,15,61.2,25.4,15274.78,18,Crítico
2015,12,2015-12-01,Centro-Oeste,GO,Pantanal,97.54,39057.24,17,69.7,29.5,73498.43,2,Alto
2015,12,2015-12-01,Centro-Oeste,MT,Pantanal,74.36,27490.83,12,132.4,20.7,31666.04,22,Alto
2015,12,2015-12-01,Centro-Oeste,MS,Mata Atlântica,49.06,65769.92,15,27.1,24.5,85202.94,14,Alto
2015,12,2015-12-01,Sudeste,SP,Caatinga,179.07,11851.58,23,120.5,36.1,6581.65,27,Alto
2015,12,2015-12-01,Sudeste,SP,Caatinga,32.08,14635.11,16,75.6,26.2,38543.3,12,Médio
2015,12,2015-12-01,Sudeste,SP,Mata Atlântica,23.33,13749.13,13,107.9,30.6,82471.63,34,Crítico
2015,12,2015-12-01,Sudeste,RJ,Pampa,56.86,14225.48,13,37.4,26.4,76015.77,24,Baixo
2015,12,2015-12-01,Sudeste,RJ,Caatinga,26.85,3141.29,19,187.5,27.3,32994.39,34,Médio
2015,12,2015-12-01,Sudeste,RJ,Pantanal,24.66,41351.8,14,145.8,28.2,73464.67,34,Crítico
2015,12,2015-12-01,Sudeste,RJ,Amazônia,95.86,70080.03,18,67.7,28.6,59382.33,26,Crítico
2015,12,2015-12-01,Sudeste,MG,Pantanal,47.66,34851.48,20,63.3,23.9,31011.88,7,Baixo
2015,12,2015-12-01,Sudeste,MG,Amazônia,154.83,20054.32,15,64.3,24.9,67371.17,13,Baixo
2015,12,2015-12-01,Sudeste,MG,Cerrado,51.62,27534.56,10,154.1,27.9,65264.61,10,Médio
2015,12,2015-12-01,Sudeste,ES,Cerrado,33.33,4623.26,9,103.8,28.1,88718.92,39,Baixo
2015,12,2015-12-01,Sudeste,ES,Pampa,66.11,75697.21,14,106.6,24.3,19049.49,26,Baixo
2015,12,2015-12-01,Sudeste,ES,Mata Atlântica,64.95,14533.19,14,30.9,28.2,54794.34,36,Alto
2015,12,2015-12-01,Sul,PR,Amazônia,85.29,3729.7,12,60.2,31.4,37852.63,16,Médio
2015,12,2015-12-01,Sul,PR,Pantanal,216.94,66616.78,19,28.4,29.2,56452.99,22,Médio
2015,12,2015-12-01,Sul,SC,Pantanal,86.54,73355.56,20,81.6,25.3,43503.54,33,Crítico
2015,12,2015-12-01,Sul,SC,Amazônia,100.74,53870.83,11,97.2,23.6,82420.64,13,Médio
2015,12,2015-12-01,Sul,RS,Amazônia,9.79,47217.59,17,82.4,23.0,17280.37,13,Médio
2015,12,2015-12-01,Sul,RS,Caatinga,19.28,10887.75,14,90.8,24.9,10270.95,16,Médio
2016,1,2016-01-01,Norte,AM,Mata Atlântica,71.84,17607.62,14,78.2,25.5,54579.61,3,Baixo
2016,1,2016-01-01,Norte,PA,Pampa,87.35,68827.24,14,138.1,20.8,12370.25,32,Crítico
2016,1,2016-01-01,Norte,PA,Pampa,33.01,46308.67,11,58.0,26.6,12319.81,22,Alto
2016,1,2016-01-01,Norte,RO,Mata Atlântica,86.32,77855.61,17,113.8,26.7,49621.53,18,Médio
2016,1,2016-01-01,Norte,TO,Amazônia,50.03,60313.41,14,42.7,27.6,34636.74,20,Crítico
2016,1,2016-01-01,Nordeste,BA,Mata Atlântica,27.13,47358.31,13,51.6,27.8,16261.65,31,Médio
2016,1,2016-01-01,Nordeste,BA,Mata Atlântica,9.06,14636.77,16,118.4,28.3,80014.29,24,Crítico
2016,1,2016-01-01,Nordeste,PE,Pantanal,39.25,60144.24,11,158.6,27.4,83737.28,26,Baixo
2016,1,2016-01-01,Nordeste,PE,Mata Atlântica,56.11,20573.12,11,125.2,27.9,12702.55,24,Crítico
2016,1,2016-01-01,Nordeste,CE,Pantanal,31.57,76791.72,11,86.2,30.1,81764.89,35,Alto
2016,1,2016-01-01,Nordeste,CE,Pampa,238.92,7911.73,15,81.6,28.4,12783.0,19,Baixo
2016,1,2016-01-01,Nordeste,MA,Amazônia,32.59,43997.52,11,50.9,26.0,12068.53,29,Crítico
2016,1,2016-01-01,Nordeste,PB,Pantanal,41.86,13607.78,20,13.9,25.4,86496.01,26,Alto
2016,1,2016-01-01,Centro-Oeste,DF,Mata Atlântica,66.82,74567.68,14,79.1,22.6,21486.47,21,Baixo
2016,1,2016-01-01,Centro-Oeste,GO,Mata Atlântica,90.15,45188.63,15,158.6,30.4,72548.29,2,Médio
2016,1,2016-01-01,Centro-Oeste,GO,Amazônia,30.16,51180.39,18,91.8,25.8,8265.74,25,Crítico
2016,1,2016-01-01,Centro-Oeste,MT,Cerrado,100.56,59529.06,13,31.3,24.5,57496.68,5,Crítico
2016,1,2016-01-01,Centro-Oeste,MS,Amazônia,93.58,73319.06,15,153.5,27.4,58815.48,21,Crítico
2016,1,2016-01-01,Sudeste,SP,Pampa,142.71,19572.46,14,95.9,26.4,26739.97,21,Médio
2016,1,2016-01-01,Sudeste,SP,Amazônia,7.79,25661.95,15,39.1,30.8,75284.29,12,Baixo
2016,1,2016-01-01,Sudeste,SP,Cerrado,34.13,70701.47,17,121.8,26.9,72162.87,13,Médio
2016,1,2016-01-01,Sudeste,RJ,Pantanal,91.79,15850.23,15,130.5,24.9,24643.48,14,Médio
2016,1,2016-01-01,Sudeste,RJ,Mata Atlântica,34.74,11348.7,11,109.5,20.7,88527.89,10,Médio
2016,1,2016-01-01,Sudeste,RJ,Mata Atlântica,50.99,19180.47,12,113.2,32.0,15648.23,39,Médio
2016,1,2016-01-01,Sudeste,RJ,Caatinga,46.38,21102.69,9,90.1,29.5,12538.57,8,Médio
2016,1,2016-01-01,Sudeste,MG,Caatinga,47.73,79518.99,21,57.2,32.0,75123.45,36,Alto
2016,1,2016-01-01,Sudeste,MG,Caatinga,75.19,64424.81,16,88.0,28.0,56857.85,33,Alto
2016,1,2016-01-01,Sudeste,MG,Mata Atlântica,22.97,54045.39,17,23.5,22.2,5544.84,3,Médio
2016,1,2016-01-01,Sudeste,ES,Caatinga,39.93,28912.79,6,78.6,30.0,46165.15,32,Baixo
2016,1,2016-01-01,Sudeste,ES,Mata Atlântica,63.32,45651.47,14,99.3,30.6,18023.83,13,Baixo
2016,1,2016-01-01,Sudeste,ES,Caatinga,127.04,40993.11,17,48.4,23.0,60691.55,1,Alto
2016,1,2016-01-01,Sul,PR,Cerrado,79.1,1633.03,17,83.5,27.8,7318.27,5,Crítico
2016,1,2016-01-01,Sul,PR,Cerrado,65.36,18563.41,16,135.8,21.4,48759.72,6,Médio
2016,1,2016-01-01,Sul,SC,Caatinga,43.69,35332.6,17,59.2,27.0,62984.15,6,Crítico
2016,1,2016-01-01,Sul,SC,Cerrado,160.66,16664.37,12,52.0,27.3,74571.83,19,Crítico
2016,1,2016-01-01,Sul,RS,Pantanal,30.97,34240.06,14,50.6,22.9,42608.08,1,Alto
2016,1,2016-01-01,Sul,RS,Pampa,43.46,67010.47,12,48.3,26.6,40225.68,15,Alto
2016,2,2016-02-01,Norte,AM,Pantanal,43.33,70257.69,16,35.0,24.9,14747.97,30,Médio
2016,2,2016-02-01,Norte,PA,Caatinga,70.79,58764.94,14,58.8,24.9,40718.99,39,Médio
2016,2,2016-02-01,Norte,PA,Caatinga,36.5,26113.33,9,76.8,24.5,30328.39,16,Médio
2016,2,2016-02-01,Norte,RO,Amazônia,54.8,45099.86,11,26.7,28.2,61565.82,1,Alto
2016,2,2016-02-01,Norte,TO,Amazônia,82.5,36583.43,24,77.4,26.9,71965.44,8,Baixo
2016,2,2016-02-01,Nordeste,BA,Amazônia,49.64,5250.53,15,61.7,30.6,76256.61,23,Médio
2016,2,2016-02-01,Nordeste,BA,Cerrado,97.33,38002.4,15,61.3,26.9,14045.23,22,Crítico
2016,2,2016-02-01,Nordeste,PE,Pampa,52.43,56743.13,20,47.9,25.5,19825.36,38,Crítico
2016,2,2016-02-01,Nordeste,PE,Mata Atlântica,39.38,76144.82,15,36.1,24.3,3875.62,22,Alto
2016,2,2016-02-01,Nordeste,CE,Pampa,43.52,66496.22,9,84.5,23.3,67231.56,2,Alto
2016,2,2016-02-01,Nordeste,CE,Pantanal,56.21,35956.41,9,84.6,24.8,52597.65,4,Alto
2016,2,2016-02-01,Nordeste,MA,Pantanal,150.18,15542.13,13,134.8,23.0,29433.03,38,Crítico
2016,2,2016-02-01,Nordeste,PB,Pantanal,12.07,11397.04,16,93.8,28.3,71118.66,17,Médio
2016,2,2016-02-01,Centro-Oeste,DF,Pantanal,62.5,29570.1,21,95.2,27.5,31835.04,9,Crítico
2016,2,2016-02-01,Centro-Oeste,GO,Amazônia,25.5,46647.18,18,38.7,25.2,59045.4,37,Baixo
2016,2,2016-02-01,Centro-Oeste,GO,Mata Atlântica,23.8,67282.32,12,30.1,25.4,33494.17,17,Alto
2016,2,2016-02-01,Centro-Oeste,MT,Mata Atlântica,51.8,24433.31,18,74.6,28.7,52877.46,8,Baixo
2016,2,2016-02-01,Centro-Oeste,MS,Pampa,126.42,58758.2,17,102.7,25.5,6026.41,20,Crítico
2016,2,2016-02-01,Sudeste,SP,Pantanal,33.55,2367.22,13,76.8,23.2,72406.34,39,Crítico
2016,2,2016-02-01,Sudeste,SP,Pampa,25.15,67654.86,17,50.9,29.1,75893.65,25,Crítico
2016,2,2016-02-01,Sudeste,SP,Caatinga,125.82,74936.05,14,101.3,24.6,82084.6,28,Crítico
2016,2,2016-02-01,Sudeste,RJ,Caatinga,116.69,68839.19,22,15.4,31.3,26711.28,4,Alto
2016,2,2016-02-01,Sudeste,RJ,Caatinga,38.9,79762.26,12,31.7,26.1,49954.02,13,Crítico
2016,2,2016-02-01,Sudeste,RJ,Caatinga,30.14,48907.29,18,41.5,29.7,57108.91,39,Crítico
2016,2,2016-02-01,Sudeste,RJ,Pantanal,48.08,14938.65,18,26.5,30.4,44528.1,39,Médio
2016,2,2016-02-01,Sudeste,MG,Pantanal,46.29,38790.28,11,186.3,21.5,58752.07,9,Médio
2016,2,2016-02-01,Sudeste,MG,Pampa,151.71,73784.66,10,53.3,24.2,20652.84,35,Baixo
2016,2,2016-02-01,Sudeste,MG,Amazônia,59.63,13593.21,19,59.1,31.7,39220.78,17,Alto
2016,2,2016-02-01,Sudeste,ES,Pampa,72.0,41640.31,18,53.6,29.6,6849.09,33,Baixo
2016,2,2016-02-01,Sudeste,ES,Mata Atlântica,94.71,4825.31,13,75.8,26.1,33217.79,30,Alto
2016,2,2016-02-01,Sudeste,ES,Caatinga,72.59,17572.65,18,49.0,27.2,41775.51,26,Crítico
2016,2,2016-02-01,Sul,PR,Pampa,8.64,25065.87,16,51.5,25.9,20637.91,37,Alto
2016,2,2016-02-01,Sul,PR,Amazônia,53.85,19782.34,11,82.9,25.1,76588.19,6,Baixo
2016,2,2016-02-01,Sul,SC,Pampa,26.5,55706.4,13,111.8,25.6,66155.16,14,Alto
2016,2,2016-02-01,Sul,SC,Caatinga,30.35,48957.38,16,114.5,28.5,6448.71,22,Crítico
2016,2,2016-02-01,Sul,RS,Caatinga,8.54,13801.63,15,86.2,30.7,63358.36,32,Alto
2016,2,2016-02-01,Sul,RS,Pantanal,28.95,31392.33,20,58.6,28.4,79937.04,33,Médio
2016,3,2016-03-01,Norte,AM,Pantanal,24.43,70232.15,10,145.6,29.7,4532.61,36,Alto
2016,3,2016-03-01,Norte,PA,Amazônia,39.8,54628.13,21,54.6,26.4,30096.47,14,Crítico
2016,3,2016-03-01,Norte,PA,Pantanal,88.22,69638.53,12,42.4,25.0,67053.07,27,Médio
2016,3,2016-03-01,Norte,RO,Amazônia,141.85,13782.24,14,104.8,22.7,45037.32,9,Baixo
2016,3,2016-03-01,Norte,TO,Mata Atlântica,16.38,27566.84,20,136.5,25.9,37924.29,24,Crítico
2016,3,2016-03-01,Nordeste,BA,Pampa,35.42,12874.04,18,105.4,29.7,47342.96,25,Crítico
2016,3,2016-03-01,Nordeste,BA,Amazônia,117.59,44654.53,18,24.4,29.6,1199.6,3,Crítico
2016,3,2016-03-01,Nordeste,PE,Amazônia,48.43,29256.0,18,57.3,25.6,77096.96,31,Crítico
2016,3,2016-03-01,Nordeste,PE,Pampa,18.67,70686.27,15,114.6,29.6,5978.23,21,Médio
2016,3,2016-03-01,Nordeste,CE,Caatinga,58.25,33202.51,20,92.7,26.3,85469.48,18,Crítico
2016,3,2016-03-01,Nordeste,CE,Caatinga,31.21,74317.98,15,43.5,25.2,67698.1,34,Médio
2016,3,2016-03-01,Nordeste,MA,Mata Atlântica,74.87,38198.56,11,91.1,23.5,62260.0,36,Médio
2016,3,2016-03-01,Nordeste,PB,Cerrado,85.07,13632.72,14,174.2,23.2,63674.66,27,Médio
2016,3,2016-03-01,Centro-Oeste,DF,Mata Atlântica,16.01,13075.86,15,156.1,30.9,40714.72,36,Alto
2016,3,2016-03-01,Centro-Oeste,GO,Caatinga,73.66,1360.77,10,100.6,33.2,49873.54,14,Baixo
2016,3,2016-03-01,Centro-Oeste,GO,Amazônia,94.65,35343.94,19,148.6,27.9,44895.41,9,Crítico
2016,3,2016-03-01,Centro-Oeste,MT,Pantanal,194.92,58013.81,18,153.9,27.7,49591.52,16,Baixo
2016,3,2016-03-01,Centro-Oeste,MS,Cerrado,153.54,7648.96,11,83.4,22.9,59471.44,4,Médio
2016,3,2016-03-01,Sudeste,SP,Pantanal,35.97,20942.72,14,109.7,25.5,50257.1,11,Crítico
2016,3,2016-03-01,Sudeste,SP,Pampa,58.77,68225.39,22,109.4,27.0,46908.73,6,Crítico
2016,3,2016-03-01,Sudeste,SP,Caatinga,145.95,69011.56,15,211.4,27.3,1975.38,23,Alto
2016,3,2016-03-01,Sudeste,RJ,Mata Atlântica,127.62,31490.44,15,138.7,27.2,87521.05,2,Médio
2016,3,2016-03-01,Sudeste,RJ,Pampa,109.6,9716.79,9,39.0,25.6,26985.79,14,Alto
2016,3,2016-03-01,Sudeste,RJ,Mata Atlântica,19.26,78173.63,9,92.3,24.2,77597.05,14,Baixo
2016,3,2016-03-01,Sudeste,RJ,Mata Atlântica,59.8,37118.9,20,62.4,26.8,87236.19,6,Baixo
2016,3,2016-03-01,Sudeste,MG,Mata Atlântica,54.86,16163.98,21,42.2,29.8,1532.85,25,Crítico
2016,3,2016-03-01,Sudeste,MG,Cerrado,81.3,52093.76,15,51.9,27.2,83614.41,13,Baixo
2016,3,2016-03-01,Sudeste,MG,Caatinga,39.56,46639.18,11,161.4,25.3,42942.69,26,Alto
2016,3,2016-03-01,Sudeste,ES,Amazônia,25.5,3377.84,16,149.5,27.2,57050.85,24,Alto
2016,3,2016-03-01,Sudeste,ES,Pampa,81.24,75091.72,15,187.3,26.9,5617.96,39,Baixo
2016,3,2016-03-01,Sudeste,ES,Amazônia,101.04,53605.96,17,83.3,26.6,41200.42,22,Crítico
2016,3,2016-03-01,Sul,PR,Cerrado,51.22,13155.94,15,63.3,27.2,63051.14,12,Crítico
2016,3,2016-03-01,Sul,PR,Cerrado,23.21,76078.57,18,71.2,28.9,37861.45,13,Alto
2016,3,2016-03-01,Sul,SC,Pantanal,8.22,14457.72,20,43.1,25.3,84563.37,31,Crítico
2016,3,2016-03-01,Sul,SC,Pampa,37.48,22283.6,11,69.4,23.6,68346.28,5,Baixo
2016,3,2016-03-01,Sul,RS,Mata Atlântica,66.26,11349.44,13,29.5,25.2,60542.49,23,Crítico
2016,3,2016-03-01,Sul,RS,Caatinga,65.96,50031.52,18,71.0,27.4,33527.73,2,Alto
2016,4,2016-04-01,Norte,AM,Cerrado,33.49,42272.82,21,67.4,32.7,68995.2,29,Médio
2016,4,2016-04-01,Norte,PA,Pampa,6.88,31223.68,20,154.8,25.8,6694.5,34,Médio
2016,4,2016-04-01,Norte,PA,Pampa,27.62,18905.91,16,172.2,27.7,49939.22,11,Crítico
2016,4,2016-04-01,Norte,RO,Caatinga,45.46,59935.09,13,34.1,26.4,11896.0,27,Médio
2016,4,2016-04-01,Norte,TO,Pampa,14.5,51958.9,16,63.9,27.1,18591.86,16,Baixo
2016,4,2016-04-01,Nordeste,BA,Cerrado,55.46,43316.44,13,124.9,21.1,65036.07,35,Baixo
2016,4,2016-04-01,Nordeste,BA,Caatinga,76.25,39219.68,20,100.1,25.0,15552.79,3,Crítico
2016,4,2016-04-01,Nordeste,PE,Caatinga,81.76,8811.06,14,70.5,24.2,85717.75,9,Alto
2016,4,2016-04-01,Nordeste,PE,Pantanal,125.73,8224.26,11,85.9,29.2,15034.92,17,Médio
2016,4,2016-04-01,Nordeste,CE,Caatinga,86.61,61178.86,15,99.1,29.0,10255.02,34,Baixo
2016,4,2016-04-01,Nordeste,CE,Amazônia,15.9,44513.7,18,62.4,24.7,63914.07,34,Alto
2016,4,2016-04-01,Nordeste,MA,Mata Atlântica,50.28,76018.66,15,31.7,29.3,56105.06,18,Crítico
2016,4,2016-04-01,Nordeste,PB,Mata Atlântica,46.4,69160.61,9,128.4,20.7,89557.59,2,Baixo
2016,4,2016-04-01,Centro-Oeste,DF,Pampa,35.93,26304.36,23,52.4,24.1,16634.12,21,Alto
2016,4,2016-04-01,Centro-Oeste,GO,Amazônia,18.26,3011.86,13,196.1,31.7,75817.5,21,Médio
2016,4,2016-04-01,Centro-Oeste,GO,Pantanal,64.36,51467.65,12,123.8,29.4,25339.92,10,Crítico
2016,4,2016-04-01,Centro-Oeste,MT,Pampa,40.08,56136.97,20,140.3,28.1,29259.26,26,Médio
2016,4,2016-04-01,Centro-Oeste,MS,Caatinga,44.67,72871.74,13,19.1,28.2,52012.56,17,Alto
2016,4,2016-04-01,Sudeste,SP,Mata Atlântica,20.38,56975.92,16,25.2,27.5,67772.89,23,Baixo
2016,4,2016-04-01,Sudeste,SP,Pantanal,90.23,51949.68,19,13.6,24.0,85461.11,27,Crítico
2016,4,2016-04-01,Sudeste,SP,Pampa,179.47,33414.47,16,22.8,24.7,15586.15,24,Crítico
2016,4,2016-04-01,Sudeste,RJ,Mata Atlântica,84.46,56643.19,17,51.7,30.5,51318.65,9,Médio
2016,4,2016-04-01,Sudeste,RJ,Pampa,84.81,8831.49,14,82.2,26.6,20732.49,4,Alto
2016,4,2016-04-01,Sudeste,RJ,Amazônia,102.63,44753.87,19,61.4,23.2,84988.51,21,Crítico
2016,4,2016-04-01,Sudeste,RJ,Caatinga,48.77,31126.99,11,147.9,29.9,17359.06,32,Alto
2016,4,2016-04-01,Sudeste,MG,Amazônia,32.87,23448.19,10,14.1,25.7,85290.35,10,Médio
2016,4,2016-04-01,Sudeste,MG,Caatinga,30.7,45213.21,18,20.6,24.0,86904.1,2,Baixo
2016,4,2016-04-01,Sudeste,MG,Pampa,0.11,21296.19,14,95.8,29.5,21366.52,12,Médio
2016,4,2016-04-01,Sudeste,ES,Mata Atlântica,48.18,75293.01,19,88.6,28.9,84657.44,18,Médio
2016,4,2016-04-01,Sudeste,ES,Pantanal,147.75,38774.85,17,43.4,29.7,42295.06,7,Alto
2016,4,2016-04-01,Sudeste,ES,Pampa,139.06,41285.2,16,70.7,27.6,65261.86,36,Médio
2016,4,2016-04-01,Sul,PR,Mata Atlântica,59.81,52902.89,15,55.8,25.7,4811.48,33,Médio
2016,4,2016-04-01,Sul,PR,Cerrado,30.66,7085.01,10,72.1,28.3,79849.29,21,Crítico
2016,4,2016-04-01,Sul,SC,Caatinga,68.36,37210.03,12,20.9,25.8,38099.95,39,Baixo
2016,4,2016-04-01,Sul,SC,Amazônia,24.63,77868.14,13,69.8,26.5,34915.78,27,Médio
2016,4,2016-04-01,Sul,RS,Caatinga,51.89,76596.27,15,103.6,21.3,39669.17,18,Baixo
2016,4,2016-04-01,Sul,RS,Mata Atlântica,25.67,2192.98,16,40.0,25.5,72844.77,26,Alto
2016,5,2016-05-01,Norte,AM,Cerrado,33.6,33031.77,19,164.0,26.7,44106.53,25,Crítico
2016,5,2016-05-01,Norte,PA,Pantanal,161.18,64473.18,14,147.6,30.2,11688.72,25,Médio
2016,5,2016-05-01,Norte,PA,Pantanal,37.96,58742.36,21,152.3,30.1,12489.65,26,Baixo
2016,5,2016-05-01,Norte,RO,Pampa,44.61,41774.52,15,94.4,28.5,74589.08,26,Baixo
2016,5,2016-05-01,Norte,TO,Mata Atlântica,79.56,10702.91,17,104.8,31.9,78872.89,7,Alto
2016,5,2016-05-01,Nordeste,BA,Pampa,79.83,46700.12,9,64.7,18.9,56199.93,30,Médio
2016,5,2016-05-01,Nordeste,BA,Mata Atlântica,102.19,31352.06,14,101.2,25.6,78476.67,6,Médio
2016,5,2016-05-01,Nordeste,PE,Amazônia,42.97,37758.04,14,25.9,28.6,36750.21,34,Alto
2016,5,2016-05-01,Nordeste,PE,Cerrado,56.26,72407.36,15,102.2,27.4,4048.39,6,Crítico
2016,5,2016-05-01,Nordeste,CE,Cerrado,16.26,60606.9,15,57.9,25.6,18481.5,13,Alto
2016,5,2016-05-01,Nordeste,CE,Amazônia,29.64,48362.11,12,56.6,20.6,89266.17,8,Alto
2016,5,2016-05-01,Nordeste,MA,Amazônia,95.47,33364.9,21,103.9,25.6,8092.43,27,Alto
2016,5,2016-05-01,Nordeste,PB,Pampa,158.28,9311.55,16,160.7,26.3,9586.15,11,Médio
2016,5,2016-05-01,Centro-Oeste,DF,Amazônia,20.67,69034.75,11,36.8,29.6,30280.64,27,Crítico
2016,5,2016-05-01,Centro-Oeste,GO,Pantanal,50.59,3603.1,16,132.0,28.9,40303.12,26,Crítico
2016,5,2016-05-01,Centro-Oeste,GO,Amazônia,50.82,62809.62,13,106.8,21.4,54604.33,2,Crítico
2016,5,2016-05-01,Centro-Oeste,MT,Pantanal,134.09,23392.89,16,41.0,28.6,62729.49,23,Médio
2016,5,2016-05-01,Centro-Oeste,MS,Cerrado,188.97,60958.0,15,46.6,29.3,42672.8,8,Alto
2016,5,2016-05-01,Sudeste,SP,Pampa,38.68,57659.26,13,169.5,25.0,62233.63,17,Baixo
2016,5,2016-05-01,Sudeste,SP,Mata Atlântica,58.91,30840.58,17,98.1,29.6,73553.16,35,Crítico
2016,5,2016-05-01,Sudeste,SP,Cerrado,84.12,7538.16,14,52.7,30.6,75836.98,31,Baixo
2016,5,2016-05-01,Sudeste,RJ,Pampa,28.3,2959.09,10,35.7,30.2,4626.27,15,Alto
2016,5,2016-05-01,Sudeste,RJ,Mata Atlântica,7.97,67502.16,15,30.6,23.0,38805.02,32,Baixo
2016,5,2016-05-01,Sudeste,RJ,Cerrado,30.09,55116.03,12,153.6,23.3,5995.58,30,Baixo
2016,5,2016-05-01,Sudeste,RJ,Pantanal,46.86,42930.35,14,41.9,26.6,60625.26,5,Alto
2016,5,2016-05-01,Sudeste,MG,Cerrado,141.66,78542.15,14,18.0,27.7,37311.76,25,Crítico
2016,5,2016-05-01,Sudeste,MG,Amazônia,239.6,65238.5,18,70.9,29.3,30001.37,33,Médio
2016,5,2016-05-01,Sudeste,MG,Amazônia,140.12,5792.56,18,54.8,27.2,80774.24,11,Médio
2016,5,2016-05-01,Sudeste,ES,Pampa,85.47,34464.53,19,58.3,25.1,43892.97,35,Baixo
2016,5,2016-05-01,Sudeste,ES,Pantanal,33.16,42363.81,19,66.2,26.7,43873.39,37,Alto
2016,5,2016-05-01,Sudeste,ES,Cerrado,43.58,16588.87,6,58.7,27.3,76580.62,33,Baixo
2016,5,2016-05-01,Sul,PR,Pampa,18.57,55014.85,19,83.1,26.9,14324.64,17,Médio
2016,5,2016-05-01,Sul,PR,Caatinga,23.66,45577.48,11,90.6,23.8,78443.49,23,Médio
2016,5,2016-05-01,Sul,SC,Amazônia,33.56,33411.93,11,124.5,29.8,70937.93,15,Crítico
2016,5,2016-05-01,Sul,SC,Amazônia,87.89,39009.99,19,118.0,28.6,1916.84,12,Crítico
2016,5,2016-05-01,Sul,RS,Pampa,89.86,27405.49,12,131.3,26.3,43146.72,8,Crítico
2016,5,2016-05-01,Sul,RS,Caatinga,55.0,17117.85,15,39.1,25.4,33140.67,16,Médio
2016,6,2016-06-01,Norte,AM,Cerrado,76.1,11378.2,10,71.2,21.0,5058.8,27,Alto
2016,6,2016-06-01,Norte,PA,Pantanal,64.47,9914.27,22,174.4,23.5,54969.61,19,Médio
2016,6,2016-06-01,Norte,PA,Amazônia,20.04,79710.16,16,70.1,23.6,60639.21,3,Alto
2016,6,2016-06-01,Norte,RO,Caatinga,96.4,41084.31,21,44.6,26.2,16101.36,15,Alto
2016,6,2016-06-01,Norte,TO,Cerrado,119.8,58537.08,14,145.6,33.4,71214.13,35,Médio
2016,6,2016-06-01,Nordeste,BA,Pampa,32.57,57037.21,17,61.7,25.0,50376.56,8,Alto
2016,6,2016-06-01,Nordeste,BA,Cerrado,80.41,55184.77,18,82.9,25.9,76992.24,37,Médio
2016,6,2016-06-01,Nordeste,PE,Amazônia,65.94,61451.51,15,68.9,25.6,19535.16,6,Crítico
2016,6,2016-06-01,Nordeste,PE,Mata Atlântica,131.37,63059.62,16,27.2,22.8,78791.12,3,Médio
2016,6,2016-06-01,Nordeste,CE,Pampa,28.76,37303.21,20,35.5,26.9,41979.18,15,Crítico
2016,6,2016-06-01,Nordeste,CE,Cerrado,40.68,66410.47,14,65.5,27.8,6390.67,38,Baixo
2016,6,2016-06-01,Nordeste,MA,Pantanal,125.2,52877.36,10,72.2,24.9,78881.79,12,Baixo
2016,6,2016-06-01,Nordeste,PB,Cerrado,39.83,67801.68,15,13.4,28.8,11696.48,6,Médio
2016,6,2016-06-01,Centro-Oeste,DF,Pantanal,34.17,26906.5,23,117.9,25.8,29747.81,27,Médio
2016,6,2016-06-01,Centro-Oeste,GO,Mata Atlântica,64.71,34319.56,14,132.7,26.0,86963.36,25,Baixo
2016,6,2016-06-01,Centro-Oeste,GO,Mata Atlântica,5.98,48760.44,23,74.8,27.5,65677.55,7,Médio
2016,6,2016-06-01,Centro-Oeste,MT,Caatinga,126.75,26539.29,22,170.0,26.3,81949.85,22,Alto
2016,6,2016-06-01,Centro-Oeste,MS,Pampa,67.25,35630.99,10,93.3,27.3,14621.37,5,Crítico
2016,6,2016-06-01,Sudeste,SP,Pampa,134.82,55883.88,22,74.3,24.0,45323.39,25,Médio
2016,6,2016-06-01,Sudeste,SP,Pampa,33.92,52976.11,11,116.7,30.8,17298.52,37,Alto
2016,6,2016-06-01,Sudeste,SP,Amazônia,42.33,31094.24,11,75.3,26.6,46062.15,22,Crítico
2016,6,2016-06-01,Sudeste,RJ,Pampa,116.14,47798.54,17,36.8,24.0,75627.61,4,Crítico
2016,6,2016-06-01,Sudeste,RJ,Mata Atlântica,28.35,21872.3,10,83.7,26.9,62602.56,11,Baixo
2016,6,2016-06-01,Sudeste,RJ,Caatinga,25.08,63383.84,17,94.6,27.4,56072.5,19,Crítico
2016,6,2016-06-01,Sudeste,RJ,Cerrado,74.1,40399.33,15,91.6,23.8,27569.55,33,Baixo
2016,6,2016-06-01,Sudeste,MG,Mata Atlântica,53.38,59054.37,20,106.2,25.0,47226.38,36,Crítico
2016,6,2016-06-01,Sudeste,MG,Cerrado,102.06,42549.67,12,84.5,27.1,70524.75,10,Baixo
2016,6,2016-06-01,Sudeste,MG,Cerrado,72.26,17681.25,23,113.9,24.8,20576.34,34,Alto
2016,6,2016-06-01,Sudeste,ES,Caatinga,45.59,50215.32,18,177.7,27.4,13304.56,33,Crítico
2016,6,2016-06-01,Sudeste,ES,Mata Atlântica,82.94,52368.65,7,54.5,34.7,35419.1,39,Baixo
2016,6,2016-06-01,Sudeste,ES,Caatinga,59.86,47864.28,7,226.6,31.4,38852.97,5,Médio
2016,6,2016-06-01,Sul,PR,Caatinga,101.85,56199.18,18,76.0,24.3,54915.88,12,Crítico
2016,6,2016-06-01,Sul,PR,Mata Atlântica,101.83,22905.54,16,37.6,31.5,67623.16,21,Baixo
2016,6,2016-06-01,Sul,SC,Amazônia,91.43,22615.96,9,37.4,25.3,43345.84,28,Médio
2016,6,2016-06-01,Sul,SC,Mata Atlântica,94.89,30275.74,12,115.3,26.9,77432.24,33,Alto
2016,6,2016-06-01,Sul,RS,Pantanal,32.7,34123.06,10,29.8,29.4,83364.59,11,Alto
2016,6,2016-06-01,Sul,RS,Amazônia,29.72,42761.11,12,164.6,29.8,33994.61,38,Médio
2016,7,2016-07-01,Norte,AM,Mata Atlântica,19.94,34458.69,15,66.3,28.2,50351.75,19,Baixo
2016,7,2016-07-01,Norte,PA,Pampa,106.69,79501.57,16,17.1,22.8,57389.99,2,Alto
2016,7,2016-07-01,Norte,PA,Mata Atlântica,154.81,22911.12,12,117.7,26.8,19299.11,17,Médio
2016,7,2016-07-01,Norte,RO,Pampa,103.02,25569.82,12,50.9,25.1,57805.19,10,Crítico
2016,7,2016-07-01,Norte,TO,Mata Atlântica,37.33,4864.65,16,74.4,29.0,18066.06,12,Crítico
2016,7,2016-07-01,Nordeste,BA,Amazônia,156.42,58764.93,18,174.7,27.7,26004.89,24,Crítico
2016,7,2016-07-01,Nordeste,BA,Pampa,128.53,13698.61,12,93.6,27.5,28164.4,18,Baixo
2016,7,2016-07-01,Nordeste,PE,Mata Atlântica,153.91,16391.61,22,94.3,26.3,85539.5,32,Baixo
2016,7,2016-07-01,Nordeste,PE,Pampa,163.35,61580.88,14,126.3,28.6,53924.84,28,Crítico
2016,7,2016-07-01,Nordeste,CE,Pantanal,39.52,25721.0,20,100.2,20.3,5799.17,13,Baixo
2016,7,2016-07-01,Nordeste,CE,Caatinga,48.66,37584.5,19,58.5,23.8,76620.73,12,Baixo
2016,7,2016-07-01,Nordeste,MA,Mata Atlântica,158.17,62891.54,15,80.5,27.6,21740.01,19,Médio
2016,7,2016-07-01,Nordeste,PB,Pantanal,137.8,17025.76,11,54.6,24.9,57039.68,29,Crítico
2016,7,2016-07-01,Centro-Oeste,DF,Cerrado,96.9,60926.98,19,50.6,30.6,37376.96,25,Baixo
2016,7,2016-07-01,Centro-Oeste,GO,Pampa,50.06,42028.69,21,152.8,30.4,28449.35,21,Baixo
2016,7,2016-07-01,Centro-Oeste,GO,Mata Atlântica,42.58,12625.73,19,18.4,31.4,65725.42,37,Alto
2016,7,2016-07-01,Centro-Oeste,MT,Pampa,124.93,74094.7,13,148.2,28.5,58846.94,13,Baixo
2016,7,2016-07-01,Centro-Oeste,MS,Pantanal,81.23,42241.5,17,240.6,28.0,1426.67,31,Baixo
2016,7,2016-07-01,Sudeste,SP,Pampa,101.64,49195.82,24,33.8,31.5,12525.57,1,Alto
2016,7,2016-07-01,Sudeste,SP,Caatinga,51.78,70842.32,15,58.5,27.9,60729.16,15,Médio
2016,7,2016-07-01,Sudeste,SP,Cerrado,29.71,68934.96,13,92.2,28.2,76988.85,16,Crítico
2016,7,2016-07-01,Sudeste,RJ,Mata Atlântica,122.15,14924.6,20,202.0,30.3,84089.33,19,Alto
2016,7,2016-07-01,Sudeste,RJ,Caatinga,61.63,58712.19,10,68.3,25.3,56082.38,22,Crítico
2016,7,2016-07-01,Sudeste,RJ,Caatinga,54.01,11883.85,11,105.6,27.5,78022.84,34,Baixo
2016,7,2016-07-01,Sudeste,RJ,Cerrado,30.06,29800.41,16,133.6,31.0,23927.21,2,Crítico
2016,7,2016-07-01,Sudeste,MG,Pantanal,62.13,44276.25,16,84.6,21.0,53038.33,30,Baixo
2016,7,2016-07-01,Sudeste,MG,Pampa,38.86,9142.76,24,43.1,29.9,66003.33,19,Baixo
2016,7,2016-07-01,Sudeste,MG,Pampa,56.46,54423.76,7,55.3,25.1,3924.2,31,Crítico
2016,7,2016-07-01,Sudeste,ES,Mata Atlântica,112.42,42372.62,11,74.8,26.8,41781.87,6,Baixo
2016,7,2016-07-01,Sudeste,ES,Amazônia,72.46,36900.23,11,31.8,25.2,18322.3,26,Baixo
2016,7,2016-07-01,Sudeste,ES,Pampa,86.97,61883.46,16,120.9,26.4,78731.99,8,Alto
2016,7,2016-07-01,Sul,PR,Cerrado,142.48,9909.45,23,60.5,23.4,82271.8,24,Médio
2016,7,2016-07-01,Sul,PR,Pampa,29.99,33048.48,19,32.2,25.2,20928.84,37,Médio
2016,7,2016-07-01,Sul,SC,Cerrado,74.24,69723.66,20,158.7,26.1,18570.79,32,Médio
2016,7,2016-07-01,Sul,SC,Pantanal,56.81,10134.86,16,84.8,26.6,88967.0,4,Médio
2016,7,2016-07-01,Sul,RS,Pampa,70.53,43876.45,16,69.8,24.0,16068.96,4,Baixo
2016,7,2016-07-01,Sul,RS,Amazônia,23.09,9114.37,9,37.9,28.2,10539.26,33,Crítico
2016,8,2016-08-01,Norte,AM,Pantanal,58.51,14549.61,16,87.4,28.5,75357.52,31,Médio
2016,8,2016-08-01,Norte,PA,Mata Atlântica,52.59,34439.1,8,108.5,29.5,61693.28,23,Baixo
2016,8,2016-08-01,Norte,PA,Cerrado,65.22,77497.98,17,129.4,26.9,76021.1,29,Baixo
2016,8,2016-08-01,Norte,RO,Caatinga,104.3,41058.3,22,62.2,31.8,59518.46,10,Médio
2016,8,2016-08-01,Norte,TO,Mata Atlântica,50.81,11501.61,15,38.7,29.1,37155.56,12,Médio
2016,8,2016-08-01,Nordeste,BA,Pampa,164.7,36459.55,14,42.2,32.1,34420.68,14,Médio
2016,8,2016-08-01,Nordeste,BA,Caatinga,98.53,68934.88,14,48.9,30.2,53819.04,15,Baixo
2016,8,2016-08-01,Nordeste,PE,Mata Atlântica,133.65,38974.4,15,61.6,25.2,22670.46,34,Crítico
2016,8,2016-08-01,Nordeste,PE,Cerrado,18.32,4760.19,12,210.3,26.9,28167.15,37,Baixo
2016,8,2016-08-01,Nordeste,CE,Cerrado,57.25,23609.32,17,20.2,29.9,34610.04,35,Crítico
2016,8,2016-08-01,Nordeste,CE,Mata Atlântica,72.88,61825.57,5,138.3,28.6,49369.31,13,Baixo
2016,8,2016-08-01,Nordeste,MA,Cerrado,23.29,53626.87,19,65.4,28.3,74830.45,15,Crítico
2016,8,2016-08-01,Nordeste,PB,Pantanal,39.36,30725.49,15,31.5,23.2,79903.22,37,Alto
2016,8,2016-08-01,Centro-Oeste,DF,Mata Atlântica,31.29,60218.91,16,44.8,27.0,72471.63,2,Baixo
2016,8,2016-08-01,Centro-Oeste,GO,Amazônia,25.17,45116.18,16,64.3,26.1,53250.48,22,Crítico
2016,8,2016-08-01,Centro-Oeste,GO,Pantanal,21.35,16855.99,11,66.7,29.0,76690.97,35,Baixo
2016,8,2016-08-01,Centro-Oeste,MT,Mata Atlântica,16.01,16609.52,18,196.1,27.7,89191.44,10,Crítico
2016,8,2016-08-01,Centro-Oeste,MS,Pampa,43.27,47714.95,17,192.6,25.3,27276.99,31,Baixo
2016,8,2016-08-01,Sudeste,SP,Cerrado,12.41,3163.85,12,99.8,23.6,88281.65,21,Alto
2016,8,2016-08-01,Sudeste,SP,Mata Atlântica,16.32,64915.48,13,156.6,29.3,48236.42,30,Médio
2016,8,2016-08-01,Sudeste,SP,Cerrado,114.18,3073.36,13,144.2,27.1,57663.32,6,Crítico
2016,8,2016-08-01,Sudeste,RJ,Cerrado,78.93,6985.39,19,49.1,22.3,21395.47,4,Baixo
2016,8,2016-08-01,Sudeste,RJ,Amazônia,184.3,45374.91,21,43.9,31.7,5243.55,29,Alto
2016,8,2016-08-01,Sudeste,RJ,Pantanal,141.72,58989.93,16,61.3,32.8,35075.99,33,Médio
2016,8,2016-08-01,Sudeste,RJ,Caatinga,156.0,59856.51,16,119.6,28.6,70842.56,19,Crítico
2016,8,2016-08-01,Sudeste,MG,Cerrado,25.35,78784.36,18,50.8,23.6,9280.7,4,Baixo
2016,8,2016-08-01,Sudeste,MG,Mata Atlântica,79.88,72773.57,19,53.8,32.5,6885.29,26,Alto
2016,8,2016-08-01,Sudeste,MG,Mata Atlântica,124.22,56992.43,13,12.2,30.1,18529.55,11,Crítico
2016,8,2016-08-01,Sudeste,ES,Pampa,9.98,53512.77,11,156.6,33.1,47879.61,17,Médio
2016,8,2016-08-01,Sudeste,ES,Pampa,66.11,56057.99,18,154.2,30.9,75321.22,30,Baixo
2016,8,2016-08-01,Sudeste,ES,Caatinga,141.96,48160.48,14,117.2,25.6,21863.51,30,Baixo
2016,8,2016-08-01,Sul,PR,Pampa,72.78,20959.79,7,33.8,29.5,54101.71,4,Alto
2016,8,2016-08-01,Sul,PR,Pantanal,35.48,76878.48,16,162.9,29.5,62787.19,34,Médio
2016,8,2016-08-01,Sul,SC,Cerrado,141.68,1176.19,15,154.3,25.1,20271.7,14,Médio
2016,8,2016-08-01,Sul,SC,Pampa,43.81,25119.07,12,39.6,30.7,85790.94,29,Alto
2016,8,2016-08-01,Sul,RS,Cerrado,37.64,56256.97,20,73.9,24.1,13610.62,39,Médio
2016,8,2016-08-01,Sul,RS,Amazônia,22.76,35078.71,15,48.7,25.0,81120.07,4,Crítico
2016,9,2016-09-01,Norte,AM,Cerrado,93.31,28326.49,11,146.9,26.7,79505.92,19,Baixo
2016,9,2016-09-01,Norte,PA,Mata Atlântica,195.26,71440.66,22,107.5,30.8,85045.81,39,Baixo
2016,9,2016-09-01,Norte,PA,Amazônia,112.27,16598.54,16,72.3,27.1,62853.39,22,Baixo
2016,9,2016-09-01,Norte,RO,Mata Atlântica,40.95,72041.2,18,80.5,23.1,60445.68,31,Crítico
2016,9,2016-09-01,Norte,TO,Cerrado,159.49,35484.54,12,48.8,28.1,80028.09,27,Alto
2016,9,2016-09-01,Nordeste,BA,Mata Atlântica,10.78,35804.91,16,43.0,31.8,59263.55,1,Baixo
2016,9,2016-09-01,Nordeste,BA,Caatinga,35.26,56639.48,13,43.2,33.3,86578.7,39,Alto
2016,9,2016-09-01,Nordeste,PE,Mata Atlântica,139.17,71478.63,15,71.4,24.6,5169.81,24,Alto
2016,9,2016-09-01,Nordeste,PE,Pantanal,109.75,50716.04,13,42.9,27.5,73000.94,34,Médio
2016,9,2016-09-01,Nordeste,CE,Cerrado,23.07,77854.82,11,47.8,28.9,23314.02,6,Baixo
2016,9,2016-09-01,Nordeste,CE,Mata Atlântica,68.97,16294.06,19,24.2,26.2,79095.23,17,Alto
2016,9,2016-09-01,Nordeste,MA,Pantanal,121.7,50297.35,16,83.2,25.7,39064.52,5,Baixo
2016,9,2016-09-01,Nordeste,PB,Caatinga,25.51,50415.36,22,120.9,28.4,21361.5,36,Crítico
2016,9,2016-09-01,Centro-Oeste,DF,Mata Atlântica,105.8,53385.53,20,153.1,29.2,2180.51,14,Alto
2016,9,2016-09-01,Centro-Oeste,GO,Caatinga,18.1,13272.95,18,50.9,27.8,19803.01,34,Crítico
2016,9,2016-09-01,Centro-Oeste,GO,Cerrado,81.06,72217.83,10,100.4,26.5,85171.11,17,Baixo
2016,9,2016-09-01,Centro-Oeste,MT,Pampa,113.23,65608.99,12,72.6,26.7,13484.3,28,Alto
2016,9,2016-09-01,Centro-Oeste,MS,Amazônia,44.96,20911.48,14,38.4,25.9,17704.43,1,Médio
2016,9,2016-09-01,Sudeste,SP,Pantanal,22.9,49567.17,10,93.0,31.8,26372.54,33,Baixo
2016,9,2016-09-01,Sudeste,SP,Cerrado,95.01,60568.57,15,78.7,26.0,74705.88,1,Crítico
2016,9,2016-09-01,Sudeste,SP,Pantanal,79.91,57875.75,13,15.3,33.6,88030.77,13,Médio
2016,9,2016-09-01,Sudeste,RJ,Pantanal,154.79,35346.63,17,58.2,25.6,4242.0,4,Baixo
2016,9,2016-09-01,Sudeste,RJ,Amazônia,101.0,41189.71,13,190.5,26.7,12799.25,7,Baixo
2016,9,2016-09-01,Sudeste,RJ,Mata Atlântica,53.22,44759.11,15,42.8,28.5,28432.71,14,Alto
2016,9,2016-09-01,Sudeste,RJ,Pampa,151.77,71574.13,7,130.3,32.8,47372.02,23,Baixo
2016,9,2016-09-01,Sudeste,MG,Pantanal,121.05,37526.5,10,114.7,26.5,36771.11,32,Alto
2016,9,2016-09-01,Sudeste,MG,Mata Atlântica,46.56,24411.86,10,69.4,23.0,4884.85,5,Baixo
2016,9,2016-09-01,Sudeste,MG,Mata Atlântica,40.21,9869.66,9,165.5,25.3,40952.17,28,Alto
2016,9,2016-09-01,Sudeste,ES,Caatinga,64.52,57126.95,24,52.3,26.2,20062.28,30,Médio
2016,9,2016-09-01,Sudeste,ES,Mata Atlântica,48.71,7726.42,15,81.8,31.1,41510.7,17,Crítico
2016,9,2016-09-01,Sudeste,ES,Pantanal,23.71,20602.11,21,188.7,23.9,71651.61,34,Crítico
2016,9,2016-09-01,Sul,PR,Mata Atlântica,136.07,73243.11,18,58.6,33.8,38576.46,31,Alto
2016,9,2016-09-01,Sul,PR,Pantanal,54.85,76635.69,8,15.5,26.4,69414.14,23,Alto
2016,9,2016-09-01,Sul,SC,Pampa,6.96,77695.71,16,16.5,28.9,88871.14,28,Médio
2016,9,2016-09-01,Sul,SC,Cerrado,124.3,10667.81,19,53.8,24.1,33939.66,13,Crítico
2016,9,2016-09-01,Sul,RS,Mata Atlântica,166.85,71332.54,14,84.2,27.3,21652.51,26,Médio
2016,9,2016-09-01,Sul,RS,Pantanal,74.23,60768.59,15,62.1,29.4,71566.33,38,Médio
2016,10,2016-10-01,Norte,AM,Cerrado,36.39,40341.37,11,108.0,30.8,75614.47,2,Baixo
2016,10,2016-10-01,Norte,PA,Pampa,21.36,40442.36,20,27.5,24.3,77633.68,10,Baixo
2016,10,2016-10-01,Norte,PA,Mata Atlântica,132.91,73572.74,22,113.0,26.3,27974.58,35,Médio
2016,10,2016-10-01,Norte,RO,Caatinga,34.44,62268.71,12,67.0,25.4,31406.57,31,Alto
2016,10,2016-10-01,Norte,TO,Mata Atlântica,88.35,42103.39,15,20.6,32.6,8363.07,12,Alto
2016,10,2016-10-01,Nordeste,BA,Cerrado,71.82,30694.04,14,57.5,25.1,50888.0,31,Médio
2016,10,2016-10-01,Nordeste,BA,Pampa,95.48,12410.52,22,39.0,26.6,71952.88,16,Crítico
2016,10,2016-10-01,Nordeste,PE,Mata Atlântica,44.02,63535.59,17,54.1,29.8,27825.18,28,Baixo
2016,10,2016-10-01,Nordeste,PE,Mata Atlântica,118.15,10526.0,13,55.7,22.4,80600.54,8,Alto
2016,10,2016-10-01,Nordeste,CE,Pampa,114.04,45496.93,8,49.0,28.6,4137.77,19,Médio
2016,10,2016-10-01,Nordeste,CE,Cerrado,46.08,57282.21,13,61.9,29.1,47510.09,8,Crítico
2016,10,2016-10-01,Nordeste,MA,Pampa,10.27,71088.09,15,63.6,29.3,61458.07,19,Baixo
2016,10,2016-10-01,Nordeste,PB,Pampa,30.2,6773.09,10,103.6,24.3,53187.5,21,Baixo
2016,10,2016-10-01,Centro-Oeste,DF,Caatinga,53.66,71144.91,15,148.7,31.4,26707.98,32,Baixo
2016,10,2016-10-01,Centro-Oeste,GO,Pampa,112.47,67147.17,12,160.9,31.0,72392.56,33,Crítico
2016,10,2016-10-01,Centro-Oeste,GO,Pantanal,35.92,22665.63,16,79.6,24.9,57564.87,20,Crítico
2016,10,2016-10-01,Centro-Oeste,MT,Cerrado,47.56,37205.0,10,95.5,25.9,7592.21,10,Crítico
2016,10,2016-10-01,Centro-Oeste,MS,Mata Atlântica,88.17,33368.76,20,55.7,27.6,9413.26,36,Médio
2016,10,2016-10-01,Sudeste,SP,Pantanal,54.06,61042.85,11,49.6,18.6,73164.59,34,Médio
2016,10,2016-10-01,Sudeste,SP,Cerrado,74.29,65241.65,11,34.1,27.3,72018.63,37,Baixo
2016,10,2016-10-01,Sudeste,SP,Pantanal,93.26,51326.35,14,74.5,26.9,21830.51,23,Médio
2016,10,2016-10-01,Sudeste,RJ,Pantanal,47.55,10642.22,7,164.3,26.9,86509.02,27,Médio
2016,10,2016-10-01,Sudeste,RJ,Pampa,23.84,70666.06,12,42.4,28.6,42403.86,36,Médio
2016,10,2016-10-01,Sudeste,RJ,Mata Atlântica,86.3,48380.71,15,66.3,29.8,42234.66,16,Baixo
2016,10,2016-10-01,Sudeste,RJ,Cerrado,50.94,59143.27,14,72.8,28.3,51959.86,31,Médio
2016,10,2016-10-01,Sudeste,MG,Pantanal,38.58,78912.23,19,169.9,30.9,34677.74,13,Alto
2016,10,2016-10-01,Sudeste,MG,Mata Atlântica,93.31,6211.0,16,205.4,31.6,52989.62,17,Alto
2016,10,2016-10-01,Sudeste,MG,Mata Atlântica,46.49,78143.78,14,106.1,30.9,55869.1,9,Baixo
2016,10,2016-10-01,Sudeste,ES,Pampa,82.24,26849.17,9,88.1,23.9,66996.24,17,Alto
2016,10,2016-10-01,Sudeste,ES,Cerrado,38.47,65289.1,16,65.6,32.6,9622.56,23,Médio
2016,10,2016-10-01,Sudeste,ES,Pampa,69.55,73873.77,15,83.8,24.9,88246.23,20,Médio
2016,10,2016-10-01,Sul,PR,Caatinga,42.89,39433.22,18,82.9,26.4,21396.77,38,Médio
2016,10,2016-10-01,Sul,PR,Pantanal,131.66,9408.43,15,49.1,27.2,4971.42,19,Alto
2016,10,2016-10-01,Sul,SC,Pampa,52.84,37886.68,14,46.7,28.4,85294.07,39,Baixo
2016,10,2016-10-01,Sul,SC,Mata Atlântica,177.0,77831.08,13,184.3,27.2,11889.42,26,Médio
2016,10,2016-10-01,Sul,RS,Cerrado,25.54,57239.48,20,44.8,31.3,56553.55,19,Alto
2016,10,2016-10-01,Sul,RS,Cerrado,26.56,49126.64,18,36.8,21.7,89401.25,36,Baixo
2016,11,2016-11-01,Norte,AM,Pampa,20.8,30752.02,21,6.5,31.3,23921.37,4,Crítico
2016,11,2016-11-01,Norte,PA,Cerrado,49.41,78233.07,12,77.6,30.0,77801.8,32,Alto
2016,11,2016-11-01,Norte,PA,Pampa,52.19,45324.38,12,45.9,26.1,3521.7,7,Baixo
2016,11,2016-11-01,Norte,RO,Mata Atlântica,28.29,70703.03,13,89.8,21.4,44555.91,35,Baixo
2016,11,2016-11-01,Norte,TO,Caatinga,92.6,22620.45,8,59.1,28.1,16848.71,39,Médio
2016,11,2016-11-01,Nordeste,BA,Cerrado,66.91,60729.86,15,90.1,25.7,27216.54,14,Alto
2016,11,2016-11-01,Nordeste,BA,Pantanal,369.11,2345.01,13,267.8,23.9,68080.67,21,Baixo
2016,11,2016-11-01,Nordeste,PE,Caatinga,22.07,30534.12,7,75.7,27.6,64192.62,9,Médio
2016,11,2016-11-01,Nordeste,PE,Caatinga,103.69,27147.23,15,46.1,23.7,41783.46,36,Baixo
2016,11,2016-11-01,Nordeste,CE,Amazônia,152.32,53213.06,16,79.2,28.5,57122.24,37,Médio
2016,11,2016-11-01,Nordeste,CE,Pampa,73.38,7886.83,21,51.9,30.2,24476.49,2,Médio
2016,11,2016-11-01,Nordeste,MA,Pampa,125.5,25413.01,18,23.4,27.1,79998.54,38,Baixo
2016,11,2016-11-01,Nordeste,PB,Cerrado,144.68,52792.82,20,136.0,25.0,80041.72,4,Crítico
2016,11,2016-11-01,Centro-Oeste,DF,Pampa,130.99,72002.65,13,62.1,20.8,12823.36,26,Alto
2016,11,2016-11-01,Centro-Oeste,GO,Amazônia,37.51,15575.5,11,62.7,26.2,31727.21,20,Médio
2016,11,2016-11-01,Centro-Oeste,GO,Pantanal,10.91,4457.38,12,72.4,29.9,67304.1,36,Baixo
2016,11,2016-11-01,Centro-Oeste,MT,Cerrado,45.69,29635.74,12,88.7,30.3,69313.68,39,Médio
2016,11,2016-11-01,Centro-Oeste,MS,Caatinga,78.49,18427.3,18,108.2,26.9,57210.31,21,Alto
2016,11,2016-11-01,Sudeste,SP,Pampa,13.97,47378.92,19,102.2,28.2,30106.81,2,Alto
2016,11,2016-11-01,Sudeste,SP,Amazônia,23.23,17476.72,10,31.8,31.2,21582.0,30,Médio
2016,11,2016-11-01,Sudeste,SP,Pantanal,94.1,11078.6,19,37.0,21.3,20662.78,24,Baixo
2016,11,2016-11-01,Sudeste,RJ,Pampa,26.82,72858.33,9,113.0,28.8,45613.88,27,Baixo
2016,11,2016-11-01,Sudeste,RJ,Cerrado,44.05,37548.34,20,37.2,27.7,26787.83,29,Baixo
2016,11,2016-11-01,Sudeste,RJ,Mata Atlântica,44.28,14168.99,13,126.6,27.8,38443.93,4,Baixo
2016,11,2016-11-01,Sudeste,RJ,Pampa,31.54,1724.62,8,112.7,28.5,45699.96,12,Baixo
2016,11,2016-11-01,Sudeste,MG,Pantanal,124.55,67465.79,14,79.0,24.6,73330.88,34,Alto
2016,11,2016-11-01,Sudeste,MG,Cerrado,48.4,49678.05,15,48.2,29.9,58690.25,9,Médio
2016,11,2016-11-01,Sudeste,MG,Caatinga,121.52,64925.15,11,12.7,26.4,81433.26,33,Médio
2016,11,2016-11-01,Sudeste,ES,Pantanal,71.14,11448.87,17,97.7,29.0,44999.35,26,Baixo
2016,11,2016-11-01,Sudeste,ES,Amazônia,60.5,52732.74,12,106.7,26.6,36628.75,29,Médio
2016,11,2016-11-01,Sudeste,ES,Amazônia,19.34,11273.95,17,64.8,24.1,60762.44,26,Alto
2016,11,2016-11-01,Sul,PR,Mata Atlântica,67.27,49368.99,14,67.8,27.7,76461.99,10,Crítico
2016,11,2016-11-01,Sul,PR,Amazônia,181.88,27185.33,12,89.0,28.3,71236.53,14,Crítico
2016,11,2016-11-01,Sul,SC,Pampa,55.29,35652.98,14,35.3,29.9,81635.02,38,Alto
2016,11,2016-11-01,Sul,SC,Caatinga,75.21,13915.5,15,46.8,22.5,17668.34,27,Crítico
2016,11,2016-11-01,Sul,RS,Mata Atlântica,75.36,60617.38,15,73.7,26.1,77579.01,19,Alto
2016,11,2016-11-01,Sul,RS,Cerrado,17.83,1848.79,12,102.7,30.5,61390.14,27,Baixo
2016,12,2016-12-01,Norte,AM,Cerrado,71.34,70515.52,23,42.5,28.1,17863.39,39,Alto
2016,12,2016-12-01,Norte,PA,Amazônia,79.11,17755.53,20,100.5,25.9,75812.99,9,Alto
2016,12,2016-12-01,Norte,PA,Caatinga,19.92,40500.3,12,10.5,21.5,35691.57,4,Médio
2016,12,2016-12-01,Norte,RO,Caatinga,93.31,65326.94,16,29.7,29.6,85102.4,27,Alto
2016,12,2016-12-01,Norte,TO,Pampa,60.69,12384.24,16,71.5,30.0,51613.71,31,Crítico
2016,12,2016-12-01,Nordeste,BA,Pantanal,106.54,79288.84,11,66.4,31.9,76342.9,4,Crítico
2016,12,2016-12-01,Nordeste,BA,Amazônia,38.04,11899.16,19,97.6,26.8,15973.56,37,Crítico
2016,12,2016-12-01,Nordeste,PE,Caatinga,54.25,25600.42,15,103.0,26.4,55933.71,7,Alto
2016,12,2016-12-01,Nordeste,PE,Caatinga,41.71,12188.38,17,38.3,23.9,46631.19,18,Crítico
2016,12,2016-12-01,Nordeste,CE,Cerrado,61.05,38817.95,10,35.7,29.4,12410.32,9,Médio
2016,12,2016-12-01,Nordeste,CE,Pampa,10.3,19631.64,15,93.2,21.8,17481.09,17,Baixo
2016,12,2016-12-01,Nordeste,MA,Mata Atlântica,67.12,7894.13,21,43.7,23.7,73261.87,16,Baixo
2016,12,2016-12-01,Nordeste,PB,Caatinga,20.23,46359.37,12,89.1,37.3,85545.5,10,Crítico
2016,12,2016-12-01,Centro-Oeste,DF,Pampa,60.84,30179.86,13,27.7,23.9,57720.55,19,Médio
2016,12,2016-12-01,Centro-Oeste,GO,Cerrado,122.2,10959.98,17,32.6,19.9,35897.94,2,Médio
2016,12,2016-12-01,Centro-Oeste,GO,Caatinga,155.34,31337.29,13,77.1,28.6,66906.04,34,Médio
2016,12,2016-12-01,Centro-Oeste,MT,Cerrado,37.94,49924.6,10,70.1,33.0,39497.07,35,Médio
2016,12,2016-12-01,Centro-Oeste,MS,Caatinga,12.58,37205.17,21,52.4,28.0,42479.66,10,Alto
2016,12,2016-12-01,Sudeste,SP,Pampa,138.33,76092.43,18,26.2,22.2,71802.5,18,Baixo
2016,12,2016-12-01,Sudeste,SP,Pampa,154.24,21284.4,14,64.3,33.4,55897.96,28,Médio
2016,12,2016-12-01,Sudeste,SP,Caatinga,53.6,75174.85,14,91.2,28.9,25001.31,18,Baixo
2016,12,2016-12-01,Sudeste,RJ,Pampa,223.47,27358.44,13,130.7,27.7,88111.72,26,Médio
2016,12,2016-12-01,Sudeste,RJ,Pantanal,85.51,1338.23,21,193.4,26.7,53845.88,26,Alto
2016,12,2016-12-01,Sudeste,RJ,Mata Atlântica,16.66,10984.52,14,33.2,29.9,23735.65,13,Alto
2016,12,2016-12-01,Sudeste,RJ,Caatinga,72.97,40400.6,14,97.7,25.1,33977.75,23,Baixo
2016,12,2016-12-01,Sudeste,MG,Mata Atlântica,96.78,26924.01,18,92.6,29.2,23830.2,16,Médio
2016,12,2016-12-01,Sudeste,MG,Mata Atlântica,68.79,75647.02,15,108.4,28.2,33911.39,18,Alto
2016,12,2016-12-01,Sudeste,MG,Mata Atlântica,22.77,74092.16,12,78.5,30.1,18870.11,36,Baixo
2016,12,2016-12-01,Sudeste,ES,Mata Atlântica,44.72,23455.41,14,177.7,24.2,81727.4,25,Alto
2016,12,2016-12-01,Sudeste,ES,Pampa,20.32,19756.86,20,18.7,31.7,81939.94,8,Médio
2016,12,2016-12-01,Sudeste,ES,Caatinga,38.07,64514.85,19,24.6,28.4,19237.31,2,Baixo
2016,12,2016-12-01,Sul,PR,Cerrado,22.3,46825.02,17,141.0,23.5,12210.64,24,Crítico
2016,12,2016-12-01,Sul,PR,Amazônia,181.7,25593.68,15,90.3,25.0,61271.63,27,Médio
2016,12,2016-12-01,Sul,SC,Amazônia,28.6,40879.94,14,50.6,26.4,20896.75,38,Médio
2016,12,2016-12-01,Sul,SC,Mata Atlântica,68.66,46521.43,11,90.5,24.8,73256.6,24,Alto
2016,12,2016-12-01,Sul,RS,Cerrado,108.39,28422.14,21,73.4,30.7,66296.94,19,Alto
2016,12,2016-12-01,Sul,RS,Caatinga,93.19,60167.71,10,97.6,29.0,39664.3,39,Alto
2017,1,2017-01-01,Norte,AM,Cerrado,67.62,35876.19,12,97.0,29.4,42849.63,35,Baixo
2017,1,2017-01-01,Norte,PA,Amazônia,104.47,61453.87,17,108.0,24.6,19598.2,14,Baixo
2017,1,2017-01-01,Norte,PA,Cerrado,18.71,3037.98,19,80.7,27.6,64007.67,17,Crítico
2017,1,2017-01-01,Norte,RO,Pampa,65.36,15717.15,17,130.5,27.7,32552.3,13,Médio
2017,1,2017-01-01,Norte,TO,Caatinga,46.64,70879.74,19,122.1,24.7,1067.61,22,Crítico
2017,1,2017-01-01,Nordeste,BA,Mata Atlântica,215.64,56724.17,20,137.3,26.9,23490.63,38,Médio
2017,1,2017-01-01,Nordeste,BA,Pampa,84.28,40677.82,14,43.4,26.3,67611.89,31,Crítico
2017,1,2017-01-01,Nordeste,PE,Caatinga,22.21,61310.89,10,79.3,29.0,20713.53,32,Crítico
2017,1,2017-01-01,Nordeste,PE,Mata Atlântica,132.75,22167.28,13,37.2,27.6,58045.22,25,Médio
2017,1,2017-01-01,Nordeste,CE,Pantanal,10.88,45124.82,19,73.8,23.9,35985.09,37,Crítico
2017,1,2017-01-01,Nordeste,CE,Mata Atlântica,124.36,29073.9,13,19.9,27.5,57760.86,19,Baixo
2017,1,2017-01-01,Nordeste,MA,Pantanal,43.4,78170.49,19,145.4,26.0,63859.14,38,Médio
2017,1,2017-01-01,Nordeste,PB,Amazônia,28.06,58623.74,15,97.6,25.7,60029.08,10,Médio
2017,1,2017-01-01,Centro-Oeste,DF,Mata Atlântica,60.43,9706.95,14,79.2,27.6,54911.26,17,Alto
2017,1,2017-01-01,Centro-Oeste,GO,Mata Atlântica,57.73,78217.27,21,129.2,28.8,38071.5,11,Médio
2017,1,2017-01-01,Centro-Oeste,GO,Pantanal,39.07,74218.14,19,92.1,24.0,23831.87,15,Baixo
2017,1,2017-01-01,Centro-Oeste,MT,Mata Atlântica,80.87,41512.69,10,94.3,29.8,46716.61,14,Alto
2017,1,2017-01-01,Centro-Oeste,MS,Amazônia,62.29,34407.55,14,55.3,22.6,13788.86,9,Médio
2017,1,2017-01-01,Sudeste,SP,Pampa,216.13,77866.88,12,62.0,30.5,23841.34,12,Alto
2017,1,2017-01-01,Sudeste,SP,Amazônia,19.77,57329.72,14,121.8,22.8,31625.46,2,Crítico
2017,1,2017-01-01,Sudeste,SP,Mata Atlântica,40.5,10717.46,17,28.7,29.6,30111.11,26,Alto
2017,1,2017-01-01,Sudeste,RJ,Pampa,43.07,76401.49,12,81.4,26.3,67000.16,21,Crítico
2017,1,2017-01-01,Sudeste,RJ,Pantanal,113.75,5186.7,16,83.3,26.7,16391.67,29,Médio
2017,1,2017-01-01,Sudeste,RJ,Mata Atlântica,147.67,27246.39,16,67.9,21.9,16463.67,39,Alto
2017,1,2017-01-01,Sudeste,RJ,Caatinga,166.5,20892.63,11,139.5,25.1,87001.35,17,Alto
2017,1,2017-01-01,Sudeste,MG,Cerrado,38.95,35599.44,19,116.8,27.0,78755.09,4,Médio
2017,1,2017-01-01,Sudeste,MG,Cerrado,157.19,32960.19,18,80.1,28.6,78368.86,27,Crítico
2017,1,2017-01-01,Sudeste,MG,Mata Atlântica,74.16,50638.76,16,215.8,25.1,59983.09,3,Baixo
2017,1,2017-01-01,Sudeste,ES,Pantanal,34.71,22238.62,11,15.9,28.2,59767.43,24,Alto
2017,1,2017-01-01,Sudeste,ES,Mata Atlântica,16.92,11601.15,17,138.5,25.7,78942.13,4,Médio
2017,1,2017-01-01,Sudeste,ES,Pantanal,85.53,62912.95,14,36.4,27.4,9510.48,9,Médio
2017,1,2017-01-01,Sul,PR,Mata Atlântica,30.29,64928.61,11,48.6,24.8,47470.61,32,Baixo
2017,1,2017-01-01,Sul,PR,Caatinga,40.38,30018.76,17,91.1,24.7,5388.75,35,Médio
2017,1,2017-01-01,Sul,SC,Cerrado,19.82,44603.1,20,72.0,24.6,57048.35,21,Alto
2017,1,2017-01-01,Sul,SC,Pantanal,220.61,53591.43,13,96.7,27.1,86835.03,32,Crítico
2017,1,2017-01-01,Sul,RS,Cerrado,36.8,52440.16,13,41.2,27.8,1440.53,39,Baixo
2017,1,2017-01-01,Sul,RS,Pantanal,56.38,67259.95,23,19.9,30.9,60676.33,28,Médio
2017,2,2017-02-01,Norte,AM,Pantanal,22.01,78747.64,13,114.6,26.8,24667.01,14,Alto
2017,2,2017-02-01,Norte,PA,Amazônia,185.36,6037.73,13,175.8,19.2,83523.38,11,Baixo
2017,2,2017-02-01,Norte,PA,Pantanal,106.96,67883.03,21,74.1,25.9,72150.51,36,Médio
2017,2,2017-02-01,Norte,RO,Mata Atlântica,48.36,77400.07,14,79.4,26.0,4624.36,14,Médio
2017,2,2017-02-01,Norte,TO,Amazônia,61.42,10519.31,14,44.8,26.8,54398.78,6,Médio
2017,2,2017-02-01,Nordeste,BA,Caatinga,25.13,64653.95,11,85.2,25.2,52028.98,26,Alto
2017,2,2017-02-01,Nordeste,BA,Mata Atlântica,122.25,78143.68,18,125.7,27.8,85087.17,25,Crítico
2017,2,2017-02-01,Nordeste,PE,Caatinga,73.66,9381.48,20,54.7,31.7,20617.84,16,Crítico
2017,2,2017-02-01,Nordeste,PE,Caatinga,220.96,72599.52,19,42.9,19.0,27581.37,12,Crítico
2017,2,2017-02-01,Nordeste,CE,Pampa,127.02,18986.94,14,65.0,29.8,67149.96,32,Baixo
2017,2,2017-02-01,Nordeste,CE,Mata Atlântica,76.19,1724.09,24,108.2,30.0,74391.48,7,Alto
2017,2,2017-02-01,Nordeste,MA,Amazônia,32.76,7747.91,12,19.8,27.4,63044.21,17,Médio
2017,2,2017-02-01,Nordeste,PB,Pantanal,8.22,14496.64,14,85.6,24.3,85091.37,22,Baixo
2017,2,2017-02-01,Centro-Oeste,DF,Amazônia,236.82,72293.62,15,80.0,29.4,41880.15,19,Crítico
2017,2,2017-02-01,Centro-Oeste,GO,Mata Atlântica,145.55,78016.22,23,68.2,23.9,48044.82,22,Médio
2017,2,2017-02-01,Centro-Oeste,GO,Caatinga,36.13,25141.67,13,133.5,27.0,65220.88,23,Médio
2017,2,2017-02-01,Centro-Oeste,MT,Pantanal,53.35,37553.33,16,51.6,24.4,63315.66,1,Alto
2017,2,2017-02-01,Centro-Oeste,MS,Caatinga,22.73,31489.17,16,76.9,29.5,38124.23,21,Alto
2017,2,2017-02-01,Sudeste,SP,Pampa,86.56,69566.59,16,97.2,23.6,21952.85,34,Baixo
2017,2,2017-02-01,Sudeste,SP,Pampa,68.98,24624.22,15,26.2,28.3,76518.01,7,Alto
2017,2,2017-02-01,Sudeste,SP,Mata Atlântica,131.46,79788.51,13,43.1,27.0,57388.66,16,Crítico
2017,2,2017-02-01,Sudeste,RJ,Amazônia,169.95,26704.18,16,61.5,29.8,69258.9,38,Alto
2017,2,2017-02-01,Sudeste,RJ,Pantanal,57.04,57519.79,16,42.1,28.0,78440.01,26,Crítico
2017,2,2017-02-01,Sudeste,RJ,Amazônia,114.33,18818.24,18,107.1,24.9,5493.75,6,Baixo
2017,2,2017-02-01,Sudeste,RJ,Pantanal,20.84,30220.97,14,129.2,30.4,59504.8,27,Baixo
2017,2,2017-02-01,Sudeste,MG,Pantanal,25.08,56874.97,16,47.5,27.4,11825.99,16,Alto
2017,2,2017-02-01,Sudeste,MG,Mata Atlântica,140.7,21383.77,8,50.8,20.7,16346.44,19,Alto
2017,2,2017-02-01,Sudeste,MG,Mata Atlântica,112.52,53552.32,10,94.2,22.7,85060.33,12,Alto
2017,2,2017-02-01,Sudeste,ES,Pampa,40.4,12684.73,18,27.0,25.2,87805.98,28,Baixo
2017,2,2017-02-01,Sudeste,ES,Pantanal,57.72,35043.31,18,30.6,28.2,65377.81,4,Médio
2017,2,2017-02-01,Sudeste,ES,Pampa,41.61,64049.45,16,91.9,27.4,59423.85,4,Crítico
2017,2,2017-02-01,Sul,PR,Cerrado,25.6,68950.76,14,106.9,20.8,78411.75,24,Baixo
2017,2,2017-02-01,Sul,PR,Caatinga,43.53,36609.97,20,253.9,25.2,53182.94,27,Alto
2017,2,2017-02-01,Sul,SC,Pantanal,31.41,5011.73,15,124.8,30.0,38161.46,20,Médio
2017,2,2017-02-01,Sul,SC,Mata Atlântica,84.68,31749.76,17,55.7,26.8,16956.17,27,Crítico
2017,2,2017-02-01,Sul,RS,Amazônia,73.18,38668.43,17,84.7,26.5,42709.13,29,Crítico
2017,2,2017-02-01,Sul,RS,Amazônia,44.31,74386.5,23,155.1,29.9,60310.76,35,Baixo
2017,3,2017-03-01,Norte,AM,Amazônia,40.4,60266.63,22,104.4,21.6,34863.77,32,Baixo
2017,3,2017-03-01,Norte,PA,Pantanal,62.1,21674.72,14,44.4,27.4,46959.52,31,Crítico
2017,3,2017-03-01,Norte,PA,Caatinga,105.08,63563.31,17,112.6,26.7,14235.85,17,Baixo
2017,3,2017-03-01,Norte,RO,Cerrado,71.16,72764.5,13,226.5,24.8,87663.51,10,Baixo
2017,3,2017-03-01,Norte,TO,Amazônia,175.18,30452.86,18,76.7,22.6,59332.02,27,Crítico
2017,3,2017-03-01,Nordeste,BA,Pantanal,228.33,10213.43,13,17.7,30.7,24605.11,15,Alto
2017,3,2017-03-01,Nordeste,BA,Mata Atlântica,31.29,14540.02,26,275.7,28.1,85070.43,3,Médio
2017,3,2017-03-01,Nordeste,PE,Cerrado,16.65,13427.46,18,89.9,26.6,10629.81,16,Baixo
2017,3,2017-03-01,Nordeste,PE,Amazônia,22.67,67211.76,12,206.4,29.9,19146.48,13,Médio
2017,3,2017-03-01,Nordeste,CE,Pantanal,33.85,52639.61,15,33.8,29.9,41427.84,21,Crítico
2017,3,2017-03-01,Nordeste,CE,Pampa,38.71,1651.52,19,81.7,25.7,13600.95,30,Baixo
2017,3,2017-03-01,Nordeste,MA,Pantanal,12.5,71095.14,6,89.4,28.9,34026.73,19,Crítico
2017,3,2017-03-01,Nordeste,PB,Mata Atlântica,31.34,46906.56,22,63.2,21.7,71172.99,17,Baixo
2017,3,2017-03-01,Centro-Oeste,DF,Caatinga,35.75,73304.28,15,110.2,25.1,59767.0,7,Alto
2017,3,2017-03-01,Centro-Oeste,GO,Cerrado,60.96,47358.42,12,135.1,30.7,20792.26,28,Baixo
2017,3,2017-03-01,Centro-Oeste,GO,Mata Atlântica,72.93,10738.16,15,104.2,24.2,77959.69,30,Crítico
2017,3,2017-03-01,Centro-Oeste,MT,Amazônia,61.31,36421.61,13,36.0,27.9,60188.44,33,Baixo
2017,3,2017-03-01,Centro-Oeste,MS,Pantanal,39.1,71891.15,15,62.4,26.3,8225.91,16,Baixo
2017,3,2017-03-01,Sudeste,SP,Pantanal,36.32,3287.45,10,106.5,28.1,68616.59,10,Alto
2017,3,2017-03-01,Sudeste,SP,Pantanal,18.39,11140.44,14,54.8,24.0,45143.92,27,Alto
2017,3,2017-03-01,Sudeste,SP,Caatinga,177.32,4582.82,27,67.7,24.6,80381.93,11,Crítico
2017,3,2017-03-01,Sudeste,RJ,Amazônia,5.5,23434.18,17,103.3,21.7,48429.21,31,Médio
2017,3,2017-03-01,Sudeste,RJ,Mata Atlântica,145.02,73953.74,6,24.4,33.1,66394.31,13,Crítico
2017,3,2017-03-01,Sudeste,RJ,Amazônia,28.97,59194.62,15,52.6,27.4,80020.75,26,Baixo
2017,3,2017-03-01,Sudeste,RJ,Pampa,42.76,61286.4,13,171.6,25.7,66019.33,25,Médio
2017,3,2017-03-01,Sudeste,MG,Mata Atlântica,27.02,64331.47,19,270.6,24.9,47552.04,24,Alto
2017,3,2017-03-01,Sudeste,MG,Caatinga,25.92,53589.87,11,215.0,24.0,72273.27,1,Crítico
2017,3,2017-03-01,Sudeste,MG,Caatinga,58.76,1773.53,19,24.9,30.1,79498.23,38,Médio
2017,3,2017-03-01,Sudeste,ES,Pantanal,20.49,69393.31,15,72.5,26.3,10255.67,38,Médio
2017,3,2017-03-01,Sudeste,ES,Pampa,187.72,25088.79,22,260.2,22.1,35820.93,2,Baixo
2017,3,2017-03-01,Sudeste,ES,Pampa,44.79,50136.39,20,12.6,31.6,55253.58,31,Crítico
2017,3,2017-03-01,Sul,PR,Pampa,90.21,64207.52,11,17.9,27.5,48953.57,4,Médio
2017,3,2017-03-01,Sul,PR,Cerrado,153.33,28925.52,13,35.6,28.8,32872.08,15,Baixo
2017,3,2017-03-01,Sul,SC,Amazônia,47.96,54786.94,14,77.9,32.4,88436.02,34,Alto
2017,3,2017-03-01,Sul,SC,Caatinga,132.47,38125.17,15,30.2,29.7,48140.56,5,Baixo
2017,3,2017-03-01,Sul,RS,Pampa,106.6,9112.74,16,57.1,31.8,24053.6,18,Baixo
2017,3,2017-03-01,Sul,RS,Cerrado,90.79,10374.94,19,159.1,24.4,67955.33,28,Médio
2017,4,2017-04-01,Norte,AM,Pantanal,121.87,56918.38,13,103.4,27.8,23492.2,31,Médio
2017,4,2017-04-01,Norte,PA,Amazônia,71.92,14903.09,17,77.6,26.1,34964.39,38,Médio
2017,4,2017-04-01,Norte,PA,Pantanal,74.76,19381.51,12,63.8,23.4,16083.27,25,Alto
2017,4,2017-04-01,Norte,RO,Mata Atlântica,123.18,79813.77,6,97.6,23.9,62783.87,23,Alto
2017,4,2017-04-01,Norte,TO,Caatinga,85.31,36647.28,15,103.2,26.6,26473.77,30,Crítico
2017,4,2017-04-01,Nordeste,BA,Amazônia,49.89,25270.88,14,104.9,24.0,7057.08,14,Crítico
2017,4,2017-04-01,Nordeste,BA,Pampa,32.49,48075.44,22,68.0,27.7,81316.38,26,Baixo
2017,4,2017-04-01,Nordeste,PE,Amazônia,58.33,36434.08,18,73.9,28.7,61176.48,3,Crítico
2017,4,2017-04-01,Nordeste,PE,Caatinga,27.63,41356.67,15,35.7,18.6,58062.19,5,Baixo
2017,4,2017-04-01,Nordeste,CE,Caatinga,49.03,36383.25,12,72.7,27.0,70217.59,17,Crítico
2017,4,2017-04-01,Nordeste,CE,Mata Atlântica,20.46,19359.31,25,32.5,31.3,70364.24,16,Médio
2017,4,2017-04-01,Nordeste,MA,Mata Atlântica,51.05,17288.11,14,127.0,31.4,81621.55,12,Alto
2017,4,2017-04-01,Nordeste,PB,Mata Atlântica,76.8,79055.77,15,22.0,23.5,12973.34,17,Crítico
2017,4,2017-04-01,Centro-Oeste,DF,Caatinga,38.77,32348.75,15,56.9,31.5,24301.94,10,Crítico
2017,4,2017-04-01,Centro-Oeste,GO,Mata Atlântica,49.82,8399.72,12,98.9,25.1,60119.57,2,Crítico
2017,4,2017-04-01,Centro-Oeste,GO,Caatinga,66.25,64511.19,17,109.1,25.1,76300.08,35,Médio
2017,4,2017-04-01,Centro-Oeste,MT,Caatinga,61.0,76873.71,14,85.8,25.9,45888.1,5,Alto
2017,4,2017-04-01,Centro-Oeste,MS,Mata Atlântica,25.26,24275.15,14,80.3,22.7,86030.14,27,Médio
2017,4,2017-04-01,Sudeste,SP,Caatinga,19.41,62664.3,14,98.2,27.2,10121.18,32,Alto
2017,4,2017-04-01,Sudeste,SP,Amazônia,37.25,63103.72,19,83.1,25.9,48452.98,38,Baixo
2017,4,2017-04-01,Sudeste,SP,Pampa,39.88,31021.28,14,45.1,29.6,26758.62,30,Crítico
2017,4,2017-04-01,Sudeste,RJ,Caatinga,25.59,41672.7,12,18.3,27.6,44773.07,7,Baixo
2017,4,2017-04-01,Sudeste,RJ,Amazônia,115.51,33090.15,22,41.0,30.8,54366.67,14,Baixo
2017,4,2017-04-01,Sudeste,RJ,Pampa,38.56,14630.07,12,82.7,27.9,45586.02,1,Alto
2017,4,2017-04-01,Sudeste,RJ,Cerrado,43.52,46866.74,8,72.4,28.8,63201.76,26,Baixo
2017,4,2017-04-01,Sudeste,MG,Caatinga,59.27,50832.1,18,179.7,28.0,74699.38,22,Baixo
2017,4,2017-04-01,Sudeste,MG,Pantanal,71.13,66108.05,14,32.9,25.5,47907.56,8,Médio
2017,4,2017-04-01,Sudeste,MG,Pantanal,21.99,51424.69,10,160.5,26.8,3412.0,20,Médio
2017,4,2017-04-01,Sudeste,ES,Cerrado,93.98,13038.94,14,104.2,25.6,51875.15,22,Crítico
2017,4,2017-04-01,Sudeste,ES,Mata Atlântica,164.38,64943.01,19,274.4,32.4,2294.61,10,Médio
2017,4,2017-04-01,Sudeste,ES,Caatinga,18.18,66147.9,17,56.7,25.0,63981.1,3,Baixo
2017,4,2017-04-01,Sul,PR,Caatinga,54.31,59104.3,15,43.7,25.9,16367.66,21,Baixo
2017,4,2017-04-01,Sul,PR,Pampa,114.66,8378.26,17,38.8,27.7,6009.88,38,Alto
2017,4,2017-04-01,Sul,SC,Amazônia,18.11,33968.7,11,28.3,23.5,38043.67,9,Médio
2017,4,2017-04-01,Sul,SC,Amazônia,240.51,78239.49,10,46.7,24.6,65803.99,15,Alto
2017,4,2017-04-01,Sul,RS,Amazônia,22.19,74116.09,19,58.1,27.6,7318.3,29,Alto
2017,4,2017-04-01,Sul,RS,Caatinga,68.27,61611.3,12,18.9,28.1,11830.92,14,Médio
2017,5,2017-05-01,Norte,AM,Pampa,148.72,2631.23,13,51.7,24.8,85271.41,14,Crítico
2017,5,2017-05-01,Norte,PA,Amazônia,102.34,4048.4,19,68.4,24.8,64171.75,23,Crítico
2017,5,2017-05-01,Norte,PA,Pantanal,31.53,14030.43,21,271.3,26.4,50489.89,17,Alto
2017,5,2017-05-01,Norte,RO,Caatinga,105.9,21744.03,19,77.1,26.6,58012.95,11,Médio
2017,5,2017-05-01,Norte,TO,Amazônia,62.95,63337.96,18,126.5,30.3,8429.13,22,Médio
2017,5,2017-05-01,Nordeste,BA,Pampa,120.0,49859.53,22,96.5,26.6,46792.37,7,Crítico
2017,5,2017-05-01,Nordeste,BA,Pantanal,42.73,19694.93,16,180.1,28.9,74975.71,20,Baixo
2017,5,2017-05-01,Nordeste,PE,Pampa,73.94,24248.0,10,37.7,23.2,11061.38,20,Médio
2017,5,2017-05-01,Nordeste,PE,Amazônia,56.01,30277.95,18,41.0,31.4,4630.88,33,Médio
2017,5,2017-05-01,Nordeste,CE,Caatinga,198.66,75277.03,19,107.6,25.1,41174.2,20,Baixo
2017,5,2017-05-01,Nordeste,CE,Cerrado,22.92,23006.66,19,30.7,28.4,81466.18,34,Crítico
2017,5,2017-05-01,Nordeste,MA,Amazônia,98.23,22298.48,13,72.7,20.1,84113.84,34,Alto
2017,5,2017-05-01,Nordeste,PB,Cerrado,57.38,73305.46,20,16.6,22.3,81244.09,19,Crítico
2017,5,2017-05-01,Centro-Oeste,DF,Pampa,75.36,15810.12,14,27.8,26.9,36626.8,15,Alto
2017,5,2017-05-01,Centro-Oeste,GO,Amazônia,53.69,46433.13,18,46.0,32.0,73622.26,35,Crítico
2017,5,2017-05-01,Centro-Oeste,GO,Pantanal,48.23,58068.18,11,168.0,30.6,70788.44,3,Médio
2017,5,2017-05-01,Centro-Oeste,MT,Mata Atlântica,65.92,42398.5,15,103.2,27.1,30516.43,33,Médio
2017,5,2017-05-01,Centro-Oeste,MS,Caatinga,43.55,63208.57,19,79.8,27.4,50333.16,11,Alto
2017,5,2017-05-01,Sudeste,SP,Amazônia,59.4,23470.48,12,81.2,24.5,12971.42,5,Crítico
2017,5,2017-05-01,Sudeste,SP,Amazônia,23.7,10179.07,14,142.3,26.9,35191.44,8,Baixo
2017,5,2017-05-01,Sudeste,SP,Cerrado,79.32,62930.8,19,59.3,25.0,19148.57,5,Alto
2017,5,2017-05-01,Sudeste,RJ,Pampa,64.23,11602.58,13,54.3,29.5,19787.92,5,Alto
2017,5,2017-05-01,Sudeste,RJ,Pampa,123.6,1538.28,17,87.1,26.6,19100.03,12,Crítico
2017,5,2017-05-01,Sudeste,RJ,Amazônia,80.95,37839.92,13,65.5,28.4,26694.57,4,Médio
2017,5,2017-05-01,Sudeste,RJ,Cerrado,35.6,61055.07,18,179.3,24.2,18930.7,21,Médio
2017,5,2017-05-01,Sudeste,MG,Pantanal,56.07,36227.49,12,53.9,28.1,62721.16,8,Baixo
2017,5,2017-05-01,Sudeste,MG,Mata Atlântica,32.2,44973.9,18,34.6,25.8,82237.41,9,Médio
2017,5,2017-05-01,Sudeste,MG,Cerrado,85.25,61653.62,20,58.5,28.7,40076.84,13,Alto
2017,5,2017-05-01,Sudeste,ES,Amazônia,101.28,3254.39,16,104.9,28.2,71660.32,21,Baixo
2017,5,2017-05-01,Sudeste,ES,Mata Atlântica,132.14,49759.27,15,176.3,29.6,39824.98,3,Baixo
2017,5,2017-05-01,Sudeste,ES,Pantanal,67.64,16325.0,17,92.6,22.4,25159.65,31,Crítico
2017,5,2017-05-01,Sul,PR,Amazônia,50.22,61699.19,16,107.7,24.5,76228.41,3,Alto
2017,5,2017-05-01,Sul,PR,Cerrado,139.26,61505.18,14,36.9,23.6,33419.86,3,Baixo
2017,5,2017-05-01,Sul,SC,Mata Atlântica,57.54,4831.19,16,25.2,27.4,10605.81,24,Médio
2017,5,2017-05-01,Sul,SC,Pantanal,71.89,40800.62,14,86.4,23.7,35848.79,20,Alto
2017,5,2017-05-01,Sul,RS,Cerrado,10.76,70543.8,18,123.4,29.8,57688.25,15,Baixo
2017,5,2017-05-01,Sul,RS,Pantanal,24.73,41472.43,11,146.7,26.6,14379.57,34,Médio
2017,6,2017-06-01,Norte,AM,Pantanal,44.76,72748.64,14,32.2,31.1,79207.75,14,Alto
2017,6,2017-06-01,Norte,PA,Mata Atlântica,129.31,23117.15,11,38.7,27.8,45485.64,34,Médio
2017,6,2017-06-01,Norte,PA,Cerrado,24.28,44850.16,16,94.5,23.6,62036.49,31,Alto
2017,6,2017-06-01,Norte,RO,Caatinga,19.15,75046.65,10,55.3,19.2,32576.76,18,Crítico
2017,6,2017-06-01,Norte,TO,Pantanal,75.62,57474.97,16,140.1,23.5,59598.84,19,Baixo
2017,6,2017-06-01,Nordeste,BA,Caatinga,53.74,7960.64,14,49.1,24.4,7270.6,27,Baixo
2017,6,2017-06-01,Nordeste,BA,Pantanal,348.03,4969.24,20,82.2,27.6,61477.09,1,Médio
2017,6,2017-06-01,Nordeste,PE,Pantanal,20.63,69902.12,10,77.1,30.0,29100.37,11,Crítico
2017,6,2017-06-01,Nordeste,PE,Pampa,95.12,68436.21,6,212.8,24.6,25814.35,15,Crítico
2017,6,2017-06-01,Nordeste,CE,Mata Atlântica,23.64,34652.09,14,73.5,32.5,87380.69,7,Crítico
2017,6,2017-06-01,Nordeste,CE,Mata Atlântica,49.58,49638.05,15,136.1,23.2,69906.88,26,Médio
2017,6,2017-06-01,Nordeste,MA,Cerrado,67.46,41482.86,23,64.2,21.4,70897.16,22,Alto
2017,6,2017-06-01,Nordeste,PB,Caatinga,45.5,13520.32,12,198.2,27.6,49652.92,21,Crítico
2017,6,2017-06-01,Centro-Oeste,DF,Mata Atlântica,53.28,75162.06,14,51.7,29.8,61208.13,16,Médio
2017,6,2017-06-01,Centro-Oeste,GO,Amazônia,50.91,54893.42,19,78.2,29.9,84326.66,19,Baixo
2017,6,2017-06-01,Centro-Oeste,GO,Pantanal,44.92,10804.31,15,93.5,30.6,20796.54,17,Crítico
2017,6,2017-06-01,Centro-Oeste,MT,Amazônia,196.09,51085.96,13,90.6,25.9,65970.95,37,Baixo
2017,6,2017-06-01,Centro-Oeste,MS,Mata Atlântica,115.79,30417.39,15,29.3,23.6,55581.41,7,Baixo
2017,6,2017-06-01,Sudeste,SP,Pantanal,24.96,24548.76,13,107.2,31.6,7506.16,25,Crítico
2017,6,2017-06-01,Sudeste,SP,Pampa,158.29,43576.82,10,85.2,26.3,60635.96,10,Crítico
2017,6,2017-06-01,Sudeste,SP,Pampa,60.82,1534.99,17,28.7,28.1,21355.36,13,Baixo
2017,6,2017-06-01,Sudeste,RJ,Pampa,15.72,18411.98,14,155.9,35.8,62162.03,13,Médio
2017,6,2017-06-01,Sudeste,RJ,Amazônia,132.23,36838.95,9,70.3,25.1,38941.24,10,Alto
2017,6,2017-06-01,Sudeste,RJ,Amazônia,89.14,47365.29,10,139.8,30.1,11810.93,18,Médio
2017,6,2017-06-01,Sudeste,RJ,Cerrado,22.36,63485.12,21,71.8,24.2,50708.02,39,Baixo
2017,6,2017-06-01,Sudeste,MG,Amazônia,59.29,26190.67,15,136.2,33.7,85614.42,3,Baixo
2017,6,2017-06-01,Sudeste,MG,Cerrado,47.17,3560.69,14,103.3,29.8,56519.16,31,Crítico
2017,6,2017-06-01,Sudeste,MG,Pantanal,61.99,30684.05,13,106.6,27.8,48508.22,22,Baixo
2017,6,2017-06-01,Sudeste,ES,Mata Atlântica,62.2,5434.79,17,55.6,28.1,10665.19,23,Médio
2017,6,2017-06-01,Sudeste,ES,Pantanal,10.91,70658.95,17,44.1,32.3,2695.38,7,Baixo
2017,6,2017-06-01,Sudeste,ES,Pampa,41.31,51127.4,15,78.0,22.7,62443.66,28,Crítico
2017,6,2017-06-01,Sul,PR,Amazônia,43.79,8384.05,18,124.1,31.2,64783.48,27,Médio
2017,6,2017-06-01,Sul,PR,Pantanal,130.82,52259.27,12,54.0,28.6,47018.49,39,Baixo
2017,6,2017-06-01,Sul,SC,Amazônia,63.97,64597.38,16,41.9,23.1,78929.44,4,Crítico
2017,6,2017-06-01,Sul,SC,Caatinga,77.8,24019.53,18,202.0,29.7,58892.7,38,Médio
2017,6,2017-06-01,Sul,RS,Caatinga,46.08,6699.78,14,41.1,28.4,17830.69,19,Médio
2017,6,2017-06-01,Sul,RS,Mata Atlântica,150.07,74177.55,17,108.5,29.7,30123.11,29,Alto
2017,7,2017-07-01,Norte,AM,Pantanal,61.52,56528.02,22,102.4,22.3,29294.58,12,Alto
2017,7,2017-07-01,Norte,PA,Caatinga,197.53,15019.2,16,48.4,28.4,28523.37,21,Alto
2017,7,2017-07-01,Norte,PA,Caatinga,20.99,79681.02,17,24.0,24.1,85360.12,39,Alto
2017,7,2017-07-01,Norte,RO,Amazônia,72.52,17201.36,25,109.0,24.8,7968.75,14,Alto
2017,7,2017-07-01,Norte,TO,Mata Atlântica,11.77,70472.49,9,201.7,25.0,45835.47,2,Médio
2017,7,2017-07-01,Nordeste,BA,Pantanal,28.03,64339.72,18,76.4,25.6,56179.07,7,Crítico
2017,7,2017-07-01,Nordeste,BA,Amazônia,96.15,15979.15,10,219.3,29.7,44030.45,8,Médio
2017,7,2017-07-01,Nordeste,PE,Cerrado,36.14,64452.94,13,119.8,26.6,62101.19,31,Alto
2017,7,2017-07-01,Nordeste,PE,Caatinga,94.31,68875.0,14,43.7,21.9,70811.33,7,Crítico
2017,7,2017-07-01,Nordeste,CE,Cerrado,115.08,26276.73,15,166.5,26.5,44172.83,16,Médio
2017,7,2017-07-01,Nordeste,CE,Mata Atlântica,28.76,58153.71,10,138.6,26.1,4231.7,11,Médio
2017,7,2017-07-01,Nordeste,MA,Amazônia,15.38,21152.36,18,49.4,25.3,49481.89,39,Crítico
2017,7,2017-07-01,Nordeste,PB,Pantanal,48.35,20669.28,15,106.9,25.5,85221.94,35,Crítico
2017,7,2017-07-01,Centro-Oeste,DF,Pantanal,166.18,43257.87,17,87.2,31.2,79692.14,27,Médio
2017,7,2017-07-01,Centro-Oeste,GO,Cerrado,38.94,16783.03,10,60.3,20.8,81410.4,33,Médio
2017,7,2017-07-01,Centro-Oeste,GO,Pampa,82.8,63078.04,20,87.6,28.5,56134.28,14,Baixo
2017,7,2017-07-01,Centro-Oeste,MT,Cerrado,29.66,28930.45,17,114.7,24.3,13341.66,16,Alto
2017,7,2017-07-01,Centro-Oeste,MS,Caatinga,25.39,68502.48,16,121.0,28.9,81503.41,2,Médio
2017,7,2017-07-01,Sudeste,SP,Amazônia,201.49,69833.84,12,131.1,26.3,58543.73,11,Crítico
2017,7,2017-07-01,Sudeste,SP,Mata Atlântica,113.98,56749.91,10,117.6,27.9,88601.42,4,Baixo
2017,7,2017-07-01,Sudeste,SP,Pampa,69.03,43930.12,17,60.2,24.7,71362.53,12,Baixo
2017,7,2017-07-01,Sudeste,RJ,Pantanal,101.14,78033.0,14,181.6,25.9,55795.89,4,Crítico
2017,7,2017-07-01,Sudeste,RJ,Cerrado,19.82,15356.44,9,44.1,26.1,15083.19,30,Baixo
2017,7,2017-07-01,Sudeste,RJ,Caatinga,54.79,54256.32,10,121.8,22.6,16740.61,23,Alto
2017,7,2017-07-01,Sudeste,RJ,Mata Atlântica,32.88,16734.62,18,57.0,27.2,69489.64,4,Crítico
2017,7,2017-07-01,Sudeste,MG,Cerrado,81.95,71562.1,17,86.4,26.3,82828.57,34,Alto
2017,7,2017-07-01,Sudeste,MG,Pampa,4.47,61085.34,16,34.9,29.7,60903.0,13,Médio
2017,7,2017-07-01,Sudeste,MG,Pampa,64.33,41730.97,14,90.9,26.0,1359.17,15,Médio
2017,7,2017-07-01,Sudeste,ES,Caatinga,319.89,36396.51,13,204.1,21.2,74079.86,28,Baixo
2017,7,2017-07-01,Sudeste,ES,Pantanal,145.28,68926.44,19,68.1,27.6,89194.07,4,Baixo
2017,7,2017-07-01,Sudeste,ES,Caatinga,41.24,56107.24,22,98.6,26.2,21888.13,23,Alto
2017,7,2017-07-01,Sul,PR,Amazônia,73.24,72625.11,11,32.5,27.6,87522.76,12,Médio
2017,7,2017-07-01,Sul,PR,Cerrado,54.91,17039.48,18,83.0,23.7,28443.65,13,Crítico
2017,7,2017-07-01,Sul,SC,Pantanal,111.77,75536.93,11,177.5,29.9,3319.32,21,Baixo
2017,7,2017-07-01,Sul,SC,Mata Atlântica,21.78,75815.75,15,113.7,26.3,37327.15,17,Crítico
2017,7,2017-07-01,Sul,RS,Mata Atlântica,161.8,72509.83,9,147.2,27.0,77533.63,23,Médio
2017,7,2017-07-01,Sul,RS,Pampa,213.3,13223.27,12,59.8,23.0,61162.94,7,Crítico
2017,8,2017-08-01,Norte,AM,Pampa,120.45,13261.87,16,65.1,24.8,45759.42,15,Médio
2017,8,2017-08-01,Norte,PA,Amazônia,14.18,34617.66,12,63.5,29.1,46919.43,30,Médio
2017,8,2017-08-01,Norte,PA,Cerrado,48.92,40212.57,19,121.5,19.9,43493.85,21,Médio
2017,8,2017-08-01,Norte,RO,Pantanal,63.31,63874.7,20,30.5,23.4,31208.11,39,Baixo
2017,8,2017-08-01,Norte,TO,Amazônia,112.12,69139.87,14,86.4,23.8,4055.89,6,Alto
2017,8,2017-08-01,Nordeste,BA,Cerrado,151.0,15223.4,14,149.6,27.5,87594.32,20,Médio
2017,8,2017-08-01,Nordeste,BA,Mata Atlântica,104.25,64068.69,13,94.7,29.9,12697.4,2,Alto
2017,8,2017-08-01,Nordeste,PE,Amazônia,55.63,7800.98,14,39.0,27.6,68764.81,20,Alto
2017,8,2017-08-01,Nordeste,PE,Caatinga,225.86,48689.1,11,46.1,30.0,10009.77,39,Crítico
2017,8,2017-08-01,Nordeste,CE,Mata Atlântica,89.78,35816.98,19,55.9,25.3,3545.75,13,Crítico
2017,8,2017-08-01,Nordeste,CE,Cerrado,88.6,7841.64,15,56.8,22.7,38756.24,37,Alto
2017,8,2017-08-01,Nordeste,MA,Cerrado,130.13,17560.4,26,4.9,24.2,87183.87,27,Alto
2017,8,2017-08-01,Nordeste,PB,Mata Atlântica,10.16,71293.24,20,119.8,26.3,13928.94,14,Crítico
2017,8,2017-08-01,Centro-Oeste,DF,Pantanal,120.21,23167.13,16,196.7,26.8,51419.0,11,Baixo
2017,8,2017-08-01,Centro-Oeste,GO,Cerrado,145.71,34535.23,21,46.7,25.9,88277.83,17,Médio
2017,8,2017-08-01,Centro-Oeste,GO,Pantanal,47.18,32931.37,15,13.4,22.9,73090.83,39,Crítico
2017,8,2017-08-01,Centro-Oeste,MT,Pampa,162.68,76317.02,17,42.3,26.1,14037.2,28,Crítico
2017,8,2017-08-01,Centro-Oeste,MS,Amazônia,27.33,9348.18,14,174.3,29.2,81991.95,14,Alto
2017,8,2017-08-01,Sudeste,SP,Mata Atlântica,60.85,67198.89,15,152.6,27.9,47153.31,19,Médio
2017,8,2017-08-01,Sudeste,SP,Mata Atlântica,24.09,28481.05,12,75.6,30.2,26172.24,20,Baixo
2017,8,2017-08-01,Sudeste,SP,Mata Atlântica,103.16,10489.57,15,69.7,27.1,51168.87,4,Crítico
2017,8,2017-08-01,Sudeste,RJ,Amazônia,22.51,29136.89,13,123.5,27.0,21694.95,20,Alto
2017,8,2017-08-01,Sudeste,RJ,Pampa,233.12,47869.16,12,153.8,26.0,23127.65,22,Baixo
2017,8,2017-08-01,Sudeste,RJ,Cerrado,35.42,31375.7,17,377.3,32.5,25931.06,22,Alto
2017,8,2017-08-01,Sudeste,RJ,Caatinga,138.0,51696.93,14,97.5,23.8,40017.48,17,Crítico
2017,8,2017-08-01,Sudeste,MG,Caatinga,82.39,78103.23,18,98.0,27.5,32454.29,13,Médio
2017,8,2017-08-01,Sudeste,MG,Mata Atlântica,42.24,71748.34,16,62.1,26.6,58405.0,8,Crítico
2017,8,2017-08-01,Sudeste,MG,Mata Atlântica,104.2,55158.0,16,83.0,27.9,11790.47,21,Alto
2017,8,2017-08-01,Sudeste,ES,Pantanal,73.21,61031.04,16,97.2,18.9,45457.89,18,Baixo
2017,8,2017-08-01,Sudeste,ES,Caatinga,49.93,56006.76,22,119.8,27.9,26310.11,38,Alto
2017,8,2017-08-01,Sudeste,ES,Cerrado,13.71,34791.8,14,110.8,27.3,48824.08,9,Médio
2017,8,2017-08-01,Sul,PR,Pantanal,91.51,25982.11,15,24.5,25.3,58161.58,27,Baixo
2017,8,2017-08-01,Sul,PR,Pampa,59.02,55806.76,16,86.2,27.2,7467.5,9,Médio
2017,8,2017-08-01,Sul,SC,Pantanal,179.8,45389.17,19,29.2,26.2,50446.09,37,Crítico
2017,8,2017-08-01,Sul,SC,Pampa,66.46,6635.77,11,6.4,27.2,58925.86,6,Médio
2017,8,2017-08-01,Sul,RS,Caatinga,13.87,40773.41,14,94.7,20.0,31903.03,27,Médio
2017,8,2017-08-01,Sul,RS,Cerrado,100.05,73472.48,12,139.3,27.1,61498.52,28,Crítico
2017,9,2017-09-01,Norte,AM,Mata Atlântica,157.11,72439.5,12,40.6,30.4,83299.74,10,Alto
2017,9,2017-09-01,Norte,PA,Caatinga,72.21,67907.71,20,77.5,30.3,48116.38,32,Crítico
2017,9,2017-09-01,Norte,PA,Amazônia,95.3,5722.23,10,197.5,29.6,59823.86,35,Médio
2017,9,2017-09-01,Norte,RO,Amazônia,72.76,36532.54,24,190.8,29.8,46570.29,21,Baixo
2017,9,2017-09-01,Norte,TO,Mata Atlântica,39.13,61315.71,11,44.9,27.9,50184.57,5,Médio
2017,9,2017-09-01,Nordeste,BA,Pantanal,75.86,33396.13,13,84.3,20.1,44388.92,15,Médio
2017,9,2017-09-01,Nordeste,BA,Amazônia,63.76,60965.67,13,108.8,27.1,63423.57,34,Alto
2017,9,2017-09-01,Nordeste,PE,Mata Atlântica,48.95,15352.17,14,101.5,31.9,16747.17,3,Médio
2017,9,2017-09-01,Nordeste,PE,Pantanal,90.84,37972.3,17,43.5,24.7,89859.02,25,Baixo
2017,9,2017-09-01,Nordeste,CE,Pantanal,96.6,34375.24,7,62.6,26.1,1337.59,6,Médio
2017,9,2017-09-01,Nordeste,CE,Amazônia,203.05,2144.93,15,64.3,30.0,47680.15,15,Médio
2017,9,2017-09-01,Nordeste,MA,Cerrado,30.47,8948.31,15,79.2,29.1,56476.08,31,Alto
2017,9,2017-09-01,Nordeste,PB,Mata Atlântica,22.27,18164.66,18,107.8,26.7,81696.95,32,Crítico
2017,9,2017-09-01,Centro-Oeste,DF,Pantanal,245.57,79211.5,16,175.7,25.0,62127.73,25,Alto
2017,9,2017-09-01,Centro-Oeste,GO,Cerrado,16.8,72412.2,18,73.7,23.0,51416.89,18,Alto
2017,9,2017-09-01,Centro-Oeste,GO,Mata Atlântica,281.7,19145.53,12,19.7,31.0,55373.66,11,Médio
2017,9,2017-09-01,Centro-Oeste,MT,Mata Atlântica,47.79,12821.12,22,121.1,26.6,4157.21,27,Médio
2017,9,2017-09-01,Centro-Oeste,MS,Amazônia,81.33,15314.17,15,119.6,24.9,29343.44,33,Alto
2017,9,2017-09-01,Sudeste,SP,Cerrado,40.97,38351.73,13,120.6,23.8,36119.04,4,Crítico
2017,9,2017-09-01,Sudeste,SP,Mata Atlântica,89.35,5112.38,12,33.3,29.1,86699.71,19,Alto
2017,9,2017-09-01,Sudeste,SP,Pantanal,31.17,48475.38,11,133.1,27.5,31307.6,28,Alto
2017,9,2017-09-01,Sudeste,RJ,Caatinga,62.75,16453.77,12,79.7,25.3,20075.04,27,Baixo
2017,9,2017-09-01,Sudeste,RJ,Pampa,127.21,67736.93,15,34.4,33.9,32074.03,15,Baixo
2017,9,2017-09-01,Sudeste,RJ,Amazônia,174.73,58102.56,20,78.8,26.8,79953.49,39,Crítico
2017,9,2017-09-01,Sudeste,RJ,Pampa,69.88,48510.6,13,3.9,29.3,26592.85,34,Crítico
2017,9,2017-09-01,Sudeste,MG,Mata Atlântica,73.83,73163.57,9,43.7,26.2,18916.77,11,Alto
2017,9,2017-09-01,Sudeste,MG,Cerrado,72.48,6241.88,14,179.6,29.2,34143.63,34,Crítico
2017,9,2017-09-01,Sudeste,MG,Pantanal,110.62,29220.47,15,61.6,26.8,30805.19,16,Alto
2017,9,2017-09-01,Sudeste,ES,Cerrado,157.67,74763.6,21,75.0,23.5,9512.35,29,Baixo
2017,9,2017-09-01,Sudeste,ES,Pantanal,117.07,41357.13,14,69.1,26.5,77988.64,8,Médio
2017,9,2017-09-01,Sudeste,ES,Mata Atlântica,53.53,41534.21,18,82.0,28.2,66348.97,27,Alto
2017,9,2017-09-01,Sul,PR,Pampa,40.67,44205.47,13,121.2,28.4,23121.69,29,Alto
2017,9,2017-09-01,Sul,PR,Mata Atlântica,82.16,38311.04,21,53.7,28.7,27211.98,21,Baixo
2017,9,2017-09-01,Sul,SC,Cerrado,28.47,32952.06,16,61.7,21.2,72511.65,4,Baixo
2017,9,2017-09-01,Sul,SC,Amazônia,71.05,7648.38,14,121.5,21.6,85243.35,35,Baixo
2017,9,2017-09-01,Sul,RS,Pantanal,70.61,32250.6,17,13.1,27.9,54480.67,36,Médio
2017,9,2017-09-01,Sul,RS,Pampa,11.41,40563.0,18,59.7,30.7,14337.97,2,Crítico
2017,10,2017-10-01,Norte,AM,Caatinga,134.1,33211.23,14,68.4,26.1,41109.78,27,Alto
2017,10,2017-10-01,Norte,PA,Mata Atlântica,6.99,59453.55,14,129.1,21.7,48700.32,3,Baixo
2017,10,2017-10-01,Norte,PA,Pantanal,13.83,29574.69,14,30.2,31.3,46268.67,32,Alto
2017,10,2017-10-01,Norte,RO,Amazônia,126.31,14389.41,15,82.7,30.6,28230.98,2,Crítico
2017,10,2017-10-01,Norte,TO,Pantanal,59.78,44194.47,10,158.3,24.8,73570.94,9,Alto
2017,10,2017-10-01,Nordeste,BA,Pampa,32.05,27140.25,15,112.2,28.1,77114.12,28,Baixo
2017,10,2017-10-01,Nordeste,BA,Pampa,74.73,7509.62,16,102.5,28.5,75581.92,16,Alto
2017,10,2017-10-01,Nordeste,PE,Caatinga,117.89,14960.14,9,30.2,32.4,12604.49,11,Baixo
2017,10,2017-10-01,Nordeste,PE,Pantanal,26.29,79173.37,18,27.7,28.0,58821.09,8,Médio
2017,10,2017-10-01,Nordeste,CE,Amazônia,20.77,18552.31,7,22.1,30.4,21909.04,26,Médio
2017,10,2017-10-01,Nordeste,CE,Cerrado,52.46,27980.35,13,158.6,25.1,82838.58,20,Médio
2017,10,2017-10-01,Nordeste,MA,Cerrado,75.0,40655.9,16,182.8,23.0,61959.57,5,Crítico
2017,10,2017-10-01,Nordeste,PB,Cerrado,107.44,55897.26,5,70.2,25.9,6937.11,34,Médio
2017,10,2017-10-01,Centro-Oeste,DF,Amazônia,18.51,36337.58,21,22.7,24.5,78318.95,31,Médio
2017,10,2017-10-01,Centro-Oeste,GO,Cerrado,128.04,10813.97,10,100.5,29.4,76798.51,16,Crítico
2017,10,2017-10-01,Centro-Oeste,GO,Cerrado,153.21,35804.39,10,70.6,25.1,51232.45,1,Baixo
2017,10,2017-10-01,Centro-Oeste,MT,Pantanal,26.49,61993.33,11,176.9,29.5,11152.64,8,Crítico
2017,10,2017-10-01,Centro-Oeste,MS,Mata Atlântica,91.86,26427.08,11,61.0,26.9,17085.36,11,Alto
2017,10,2017-10-01,Sudeste,SP,Caatinga,67.06,53646.46,16,71.3,25.9,13278.0,39,Crítico
2017,10,2017-10-01,Sudeste,SP,Pampa,29.28,60191.0,15,80.1,24.7,70935.81,32,Alto
2017,10,2017-10-01,Sudeste,SP,Caatinga,27.9,55637.96,6,149.2,23.5,2354.97,16,Alto
2017,10,2017-10-01,Sudeste,RJ,Mata Atlântica,17.4,11646.1,14,61.7,26.7,62402.35,26,Crítico
2017,10,2017-10-01,Sudeste,RJ,Mata Atlântica,132.04,31964.72,18,92.5,25.2,26889.72,5,Médio
2017,10,2017-10-01,Sudeste,RJ,Amazônia,33.21,64742.58,14,52.6,22.9,32509.54,22,Crítico
2017,10,2017-10-01,Sudeste,RJ,Cerrado,37.62,14334.79,14,86.8,31.5,18582.86,19,Baixo
2017,10,2017-10-01,Sudeste,MG,Cerrado,81.82,7751.7,15,56.0,29.0,76253.6,5,Baixo
2017,10,2017-10-01,Sudeste,MG,Cerrado,116.31,20650.22,16,55.8,24.4,59272.86,2,Alto
2017,10,2017-10-01,Sudeste,MG,Cerrado,73.14,16342.43,17,29.3,28.2,24275.1,3,Alto
2017,10,2017-10-01,Sudeste,ES,Pantanal,33.33,54770.81,19,69.4,27.1,38576.15,13,Baixo
2017,10,2017-10-01,Sudeste,ES,Pampa,120.9,26309.8,20,105.3,29.9,76958.52,3,Médio
2017,10,2017-10-01,Sudeste,ES,Cerrado,47.44,34669.34,13,31.9,26.4,28195.72,26,Crítico
2017,10,2017-10-01,Sul,PR,Mata Atlântica,16.49,19740.93,14,99.6,29.6,71852.66,32,Alto
2017,10,2017-10-01,Sul,PR,Cerrado,78.03,75257.5,5,185.8,28.1,51498.62,11,Crítico
2017,10,2017-10-01,Sul,SC,Mata Atlântica,129.36,1849.87,15,13.7,30.9,43721.75,23,Médio
2017,10,2017-10-01,Sul,SC,Mata Atlântica,49.53,52931.55,10,122.4,27.9,50444.54,31,Crítico
2017,10,2017-10-01,Sul,RS,Cerrado,148.66,40272.04,18,35.7,24.0,2331.03,22,Crítico
2017,10,2017-10-01,Sul,RS,Pampa,44.46,32687.23,13,77.3,29.1,5419.34,21,Médio
2017,11,2017-11-01,Norte,AM,Pampa,158.91,71880.48,15,183.0,29.9,89858.25,12,Alto
2017,11,2017-11-01,Norte,PA,Amazônia,33.38,57766.6,10,45.5,32.1,85328.57,22,Médio
2017,11,2017-11-01,Norte,PA,Amazônia,20.83,69513.86,10,166.6,29.1,18472.0,25,Alto
2017,11,2017-11-01,Norte,RO,Cerrado,87.03,73773.24,11,47.2,24.6,57966.29,26,Médio
2017,11,2017-11-01,Norte,TO,Cerrado,106.7,18553.23,14,97.7,28.0,54445.87,22,Médio
2017,11,2017-11-01,Nordeste,BA,Caatinga,223.4,73290.73,17,171.0,26.6,50861.03,25,Médio
2017,11,2017-11-01,Nordeste,BA,Pampa,107.57,22572.05,18,60.3,26.2,19429.93,2,Baixo
2017,11,2017-11-01,Nordeste,PE,Pantanal,100.28,41999.18,14,50.4,29.2,62490.98,18,Alto
2017,11,2017-11-01,Nordeste,PE,Amazônia,73.08,59547.24,22,53.8,27.8,86326.45,10,Médio
2017,11,2017-11-01,Nordeste,CE,Pantanal,111.22,44550.59,17,143.0,27.6,14441.98,5,Crítico
2017,11,2017-11-01,Nordeste,CE,Cerrado,33.1,9180.55,13,69.2,25.5,10690.6,35,Crítico
2017,11,2017-11-01,Nordeste,MA,Cerrado,32.86,46317.99,19,47.6,26.3,80695.74,33,Crítico
2017,11,2017-11-01,Nordeste,PB,Cerrado,48.45,79288.71,14,18.0,21.8,79256.15,36,Alto
2017,11,2017-11-01,Centro-Oeste,DF,Amazônia,26.68,24251.12,17,90.7,25.6,12240.11,17,Alto
2017,11,2017-11-01,Centro-Oeste,GO,Caatinga,20.47,15494.02,15,159.8,24.5,52641.84,21,Baixo
2017,11,2017-11-01,Centro-Oeste,GO,Amazônia,86.85,24189.26,16,293.8,25.0,78845.62,7,Baixo
2017,11,2017-11-01,Centro-Oeste,MT,Pantanal,111.28,3444.34,17,78.5,18.7,15097.4,21,Baixo
2017,11,2017-11-01,Centro-Oeste,MS,Pampa,59.28,22345.74,16,138.7,21.8,40089.53,15,Alto
2017,11,2017-11-01,Sudeste,SP,Pampa,103.49,19955.35,20,143.6,25.4,29165.36,18,Médio
2017,11,2017-11-01,Sudeste,SP,Pampa,36.39,24261.39,17,83.8,31.3,80621.96,35,Baixo
2017,11,2017-11-01,Sudeste,SP,Mata Atlântica,133.06,6668.55,22,129.1,22.7,68108.74,4,Médio
2017,11,2017-11-01,Sudeste,RJ,Mata Atlântica,185.63,16152.19,17,70.2,21.7,47296.48,33,Crítico
2017,11,2017-11-01,Sudeste,RJ,Pantanal,2.51,29396.92,23,77.3,31.9,48655.28,20,Médio
2017,11,2017-11-01,Sudeste,RJ,Pampa,102.34,44199.16,13,56.7,27.0,68716.37,28,Médio
2017,11,2017-11-01,Sudeste,RJ,Pampa,123.08,54472.09,18,96.2,30.7,12768.87,3,Crítico
2017,11,2017-11-01,Sudeste,MG,Pampa,21.54,58539.65,13,106.0,28.0,30425.11,32,Médio
2017,11,2017-11-01,Sudeste,MG,Cerrado,76.48,67977.13,15,99.4,29.1,21480.75,37,Baixo
2017,11,2017-11-01,Sudeste,MG,Pampa,138.16,47926.31,15,50.6,25.2,44586.37,15,Alto
2017,11,2017-11-01,Sudeste,ES,Pantanal,24.08,4745.47,14,24.5,26.0,12155.76,21,Crítico
2017,11,2017-11-01,Sudeste,ES,Pantanal,154.77,19405.52,12,78.2,17.2,33983.14,31,Alto
2017,11,2017-11-01,Sudeste,ES,Mata Atlântica,83.68,4248.78,16,117.0,26.8,18971.14,28,Alto
2017,11,2017-11-01,Sul,PR,Amazônia,26.26,68606.09,11,200.8,22.8,51779.09,7,Baixo
2017,11,2017-11-01,Sul,PR,Pantanal,80.26,52482.16,20,117.7,29.4,13925.03,32,Médio
2017,11,2017-11-01,Sul,SC,Amazônia,42.8,27066.75,19,31.6,26.3,60910.87,15,Baixo
2017,11,2017-11-01,Sul,SC,Pantanal,34.83,12565.03,15,74.5,28.5,54097.11,12,Crítico
2017,11,2017-11-01,Sul,RS,Amazônia,116.83,65280.52,10,57.1,33.0,76411.7,27,Baixo
2017,11,2017-11-01,Sul,RS,Pantanal,136.13,37636.97,20,121.9,26.0,52870.68,25,Crítico
2017,12,2017-12-01,Norte,AM,Amazônia,179.63,67506.17,18,80.0,23.6,40424.17,36,Médio
2017,12,2017-12-01,Norte,PA,Pantanal,6.22,6993.43,17,118.9,27.8,59629.3,12,Crítico
2017,12,2017-12-01,Norte,PA,Pantanal,48.57,70625.22,8,167.7,29.6,74265.78,35,Baixo
2017,12,2017-12-01,Norte,RO,Pantanal,19.41,79991.89,10,39.1,32.2,33184.32,8,Crítico
2017,12,2017-12-01,Norte,TO,Mata Atlântica,95.66,62953.61,17,54.3,22.6,63665.72,39,Médio
2017,12,2017-12-01,Nordeste,BA,Amazônia,18.78,61661.21,19,59.9,25.7,72032.03,6,Médio
2017,12,2017-12-01,Nordeste,BA,Amazônia,39.68,52701.16,17,95.6,25.2,17298.06,14,Baixo
2017,12,2017-12-01,Nordeste,PE,Mata Atlântica,214.17,19474.17,13,114.6,25.7,7262.4,15,Alto
2017,12,2017-12-01,Nordeste,PE,Mata Atlântica,37.77,45163.37,24,236.4,27.6,41564.95,20,Médio
2017,12,2017-12-01,Nordeste,CE,Mata Atlântica,49.12,57646.64,18,57.6,26.7,6278.6,3,Médio
2017,12,2017-12-01,Nordeste,CE,Pantanal,21.07,16374.79,14,74.8,30.2,39937.43,24,Alto
2017,12,2017-12-01,Nordeste,MA,Amazônia,14.42,69658.22,13,150.6,32.6,76693.73,23,Médio
2017,12,2017-12-01,Nordeste,PB,Amazônia,150.11,64509.6,11,40.4,24.4,79806.85,2,Crítico
2017,12,2017-12-01,Centro-Oeste,DF,Pampa,27.21,70922.55,12,77.9,27.0,36126.5,7,Crítico
2017,12,2017-12-01,Centro-Oeste,GO,Caatinga,90.23,22374.56,19,85.6,24.4,54867.32,33,Baixo
2017,12,2017-12-01,Centro-Oeste,GO,Caatinga,12.15,61769.54,16,179.8,28.6,55699.93,16,Médio
2017,12,2017-12-01,Centro-Oeste,MT,Mata Atlântica,70.4,36087.65,14,27.7,23.4,79805.18,2,Médio
2017,12,2017-12-01,Centro-Oeste,MS,Cerrado,33.43,43650.75,15,124.3,25.9,89602.92,6,Baixo
2017,12,2017-12-01,Sudeste,SP,Pampa,38.25,28754.69,17,91.5,31.9,54042.87,32,Médio
2017,12,2017-12-01,Sudeste,SP,Cerrado,60.66,68010.74,15,40.3,21.5,45871.07,17,Crítico
2017,12,2017-12-01,Sudeste,SP,Mata Atlântica,53.07,23201.27,16,71.9,22.3,55040.27,15,Crítico
2017,12,2017-12-01,Sudeste,RJ,Pantanal,119.93,60526.11,14,62.8,30.7,86666.19,4,Médio
2017,12,2017-12-01,Sudeste,RJ,Pantanal,56.94,24807.88,20,103.7,29.3,67811.27,4,Baixo
2017,12,2017-12-01,Sudeste,RJ,Pantanal,119.52,17261.97,21,181.1,27.4,89160.32,4,Crítico
2017,12,2017-12-01,Sudeste,RJ,Pampa,47.08,51813.49,16,26.1,24.0,45034.66,28,Médio
2017,12,2017-12-01,Sudeste,MG,Pantanal,105.8,22292.36,14,88.5,26.7,54339.35,5,Baixo
2017,12,2017-12-01,Sudeste,MG,Pampa,94.96,40863.92,12,136.3,29.0,89614.82,9,Crítico
2017,12,2017-12-01,Sudeste,MG,Amazônia,59.79,22128.53,19,133.9,24.7,55168.25,9,Crítico
2017,12,2017-12-01,Sudeste,ES,Caatinga,84.06,73506.9,7,59.4,27.7,39545.27,25,Baixo
2017,12,2017-12-01,Sudeste,ES,Amazônia,139.84,6753.19,10,99.9,31.9,18835.11,1,Baixo
2017,12,2017-12-01,Sudeste,ES,Pantanal,84.49,9782.93,13,55.0,23.5,71253.74,6,Crítico
2017,12,2017-12-01,Sul,PR,Pantanal,106.64,9452.35,10,83.0,28.3,59070.96,21,Baixo
2017,12,2017-12-01,Sul,PR,Caatinga,53.02,16288.02,18,88.0,26.7,63651.15,3,Crítico
2017,12,2017-12-01,Sul,SC,Pantanal,93.3,65238.39,15,104.6,30.7,59179.29,20,Crítico
2017,12,2017-12-01,Sul,SC,Caatinga,26.67,32488.88,23,74.0,28.3,55034.25,6,Crítico
2017,12,2017-12-01,Sul,RS,Pantanal,32.61,59592.15,14,134.3,27.4,21360.91,19,Baixo
2017,12,2017-12-01,Sul,RS,Caatinga,162.23,34758.77,20,175.9,30.7,8171.74,23,Médio
2018,1,2018-01-01,Norte,AM,Pantanal,63.03,72500.79,9,121.3,29.1,23669.26,18,Alto
2018,1,2018-01-01,Norte,PA,Pantanal,143.45,63826.7,14,45.9,24.8,66179.29,32,Alto
2018,1,2018-01-01,Norte,PA,Amazônia,9.95,64058.91,12,90.9,25.6,27390.69,13,Baixo
2018,1,2018-01-01,Norte,RO,Amazônia,64.53,52872.77,11,45.7,29.1,32627.86,28,Baixo
2018,1,2018-01-01,Norte,TO,Caatinga,41.41,8949.15,12,155.9,26.3,88022.49,2,Alto
2018,1,2018-01-01,Nordeste,BA,Amazônia,16.59,60839.92,9,13.9,25.2,53657.34,38,Baixo
2018,1,2018-01-01,Nordeste,BA,Cerrado,24.54,24260.38,20,110.6,23.6,54940.49,13,Crítico
2018,1,2018-01-01,Nordeste,PE,Mata Atlântica,47.78,13671.77,19,117.8,25.6,60605.9,18,Alto
2018,1,2018-01-01,Nordeste,PE,Mata Atlântica,129.46,36461.55,14,91.3,25.4,55055.14,35,Baixo
2018,1,2018-01-01,Nordeste,CE,Cerrado,64.49,55473.85,14,161.9,25.8,9446.33,3,Crítico
2018,1,2018-01-01,Nordeste,CE,Mata Atlântica,106.75,71754.06,13,107.8,30.9,64542.47,21,Crítico
2018,1,2018-01-01,Nordeste,MA,Mata Atlântica,35.5,36738.74,9,65.5,30.6,40493.49,25,Baixo
2018,1,2018-01-01,Nordeste,PB,Amazônia,99.3,26947.87,15,66.3,26.5,12232.01,24,Crítico
2018,1,2018-01-01,Centro-Oeste,DF,Pantanal,97.75,9730.15,16,97.2,24.0,41553.58,6,Alto
2018,1,2018-01-01,Centro-Oeste,GO,Pampa,16.18,8490.62,20,27.8,23.9,10119.75,23,Médio
2018,1,2018-01-01,Centro-Oeste,GO,Pampa,144.27,3857.06,13,48.0,26.5,71877.66,12,Baixo
2018,1,2018-01-01,Centro-Oeste,MT,Cerrado,58.55,50634.13,13,63.4,24.8,9325.98,13,Alto
2018,1,2018-01-01,Centro-Oeste,MS,Caatinga,82.63,61716.52,20,113.8,28.9,87702.92,11,Alto
2018,1,2018-01-01,Sudeste,SP,Amazônia,12.57,41449.72,18,173.0,22.6,1841.14,4,Alto
2018,1,2018-01-01,Sudeste,SP,Cerrado,65.59,25410.31,16,80.2,25.8,27185.88,9,Crítico
2018,1,2018-01-01,Sudeste,SP,Cerrado,21.69,4983.41,20,30.9,32.3,18684.69,25,Crítico
2018,1,2018-01-01,Sudeste,RJ,Mata Atlântica,15.73,23202.78,16,70.5,29.1,60511.95,3,Alto
2018,1,2018-01-01,Sudeste,RJ,Cerrado,127.17,3447.34,23,111.7,24.7,63528.84,27,Médio
2018,1,2018-01-01,Sudeste,RJ,Pampa,186.03,51523.0,16,26.0,25.5,54788.85,32,Médio
2018,1,2018-01-01,Sudeste,RJ,Pantanal,27.83,79513.28,15,92.1,31.9,28712.58,39,Médio
2018,1,2018-01-01,Sudeste,MG,Pampa,12.58,36112.09,22,117.1,27.0,68395.99,35,Baixo
2018,1,2018-01-01,Sudeste,MG,Pampa,120.03,66414.88,11,181.2,25.0,31779.57,6,Médio
2018,1,2018-01-01,Sudeste,MG,Amazônia,36.15,23987.62,18,99.2,25.4,15086.4,17,Crítico
2018,1,2018-01-01,Sudeste,ES,Cerrado,49.05,14526.41,12,101.6,27.8,79319.19,29,Baixo
2018,1,2018-01-01,Sudeste,ES,Mata Atlântica,9.62,51533.36,15,107.5,25.0,74408.57,15,Alto
2018,1,2018-01-01,Sudeste,ES,Caatinga,59.21,58342.08,17,66.5,29.2,57654.23,38,Médio
2018,1,2018-01-01,Sul,PR,Amazônia,47.69,26707.15,18,85.2,34.5,45624.88,21,Crítico
2018,1,2018-01-01,Sul,PR,Mata Atlântica,94.49,1926.99,12,57.8,29.6,28708.06,24,Médio
2018,1,2018-01-01,Sul,SC,Amazônia,114.76,76333.4,18,137.8,24.4,64731.95,15,Crítico
2018,1,2018-01-01,Sul,SC,Cerrado,24.89,6067.56,16,15.4,28.2,16178.53,13,Crítico
2018,1,2018-01-01,Sul,RS,Pantanal,113.24,13486.99,11,56.4,18.8,79320.56,26,Crítico
2018,1,2018-01-01,Sul,RS,Mata Atlântica,14.31,32758.98,19,77.8,21.2,1235.69,32,Baixo
2018,2,2018-02-01,Norte,AM,Mata Atlântica,107.05,5002.73,13,129.8,30.5,4271.7,21,Baixo
2018,2,2018-02-01,Norte,PA,Mata Atlântica,84.21,59510.41,15,92.9,25.5,26581.73,12,Médio
2018,2,2018-02-01,Norte,PA,Pampa,83.41,48955.23,19,74.2,28.3,30333.64,11,Médio
2018,2,2018-02-01,Norte,RO,Pampa,71.75,56486.26,14,39.0,29.1,26079.99,18,Alto
2018,2,2018-02-01,Norte,TO,Caatinga,72.44,49405.78,11,104.0,28.2,77647.96,30,Baixo
2018,2,2018-02-01,Nordeste,BA,Amazônia,78.18,25178.96,17,52.2,26.6,17296.03,35,Crítico
2018,2,2018-02-01,Nordeste,BA,Pampa,140.05,9299.17,16,143.5,29.1,65845.33,3,Alto
2018,2,2018-02-01,Nordeste,PE,Amazônia,31.48,26682.31,18,98.6,27.9,52673.65,9,Médio
2018,2,2018-02-01,Nordeste,PE,Mata Atlântica,35.48,14816.42,9,173.9,26.7,84543.53,20,Médio
2018,2,2018-02-01,Nordeste,CE,Cerrado,87.03,5619.89,16,249.2,32.2,70990.66,39,Crítico
2018,2,2018-02-01,Nordeste,CE,Amazônia,87.56,47530.26,15,79.0,24.6,34340.52,9,Alto
2018,2,2018-02-01,Nordeste,MA,Mata Atlântica,360.04,44120.03,10,79.9,24.1,56065.9,27,Baixo
2018,2,2018-02-01,Nordeste,PB,Cerrado,50.53,15205.14,20,141.6,23.7,28948.64,9,Crítico
2018,2,2018-02-01,Centro-Oeste,DF,Pampa,75.79,15594.59,17,71.3,31.6,22625.6,25,Alto
2018,2,2018-02-01,Centro-Oeste,GO,Cerrado,56.89,27722.03,12,65.5,27.7,79338.53,36,Médio
2018,2,2018-02-01,Centro-Oeste,GO,Amazônia,10.3,17718.39,19,26.8,28.7,41748.17,15,Alto
2018,2,2018-02-01,Centro-Oeste,MT,Amazônia,122.32,23734.51,9,92.2,20.7,53743.02,6,Baixo
2018,2,2018-02-01,Centro-Oeste,MS,Cerrado,26.66,46378.14,8,80.6,25.5,16693.88,9,Baixo
2018,2,2018-02-01,Sudeste,SP,Amazônia,40.29,11798.99,18,76.6,25.5,13328.83,11,Alto
2018,2,2018-02-01,Sudeste,SP,Pantanal,167.46,8290.43,14,169.0,29.3,45536.72,3,Baixo
2018,2,2018-02-01,Sudeste,SP,Pampa,311.17,27708.31,21,35.7,27.9,10664.01,34,Médio
2018,2,2018-02-01,Sudeste,RJ,Amazônia,28.61,14813.06,16,140.7,30.7,78315.1,34,Baixo
2018,2,2018-02-01,Sudeste,RJ,Cerrado,41.06,76378.06,16,75.0,29.6,2652.17,5,Baixo
2018,2,2018-02-01,Sudeste,RJ,Pampa,19.69,1809.47,17,99.5,25.7,36430.66,24,Baixo
2018,2,2018-02-01,Sudeste,RJ,Mata Atlântica,35.25,48845.92,9,156.6,25.9,44379.53,30,Alto
2018,2,2018-02-01,Sudeste,MG,Amazônia,40.54,64768.92,13,175.1,32.8,7341.54,12,Médio
2018,2,2018-02-01,Sudeste,MG,Cerrado,25.6,4558.0,17,112.0,23.0,49282.64,28,Crítico
2018,2,2018-02-01,Sudeste,MG,Caatinga,85.94,62254.74,18,121.8,35.7,56198.75,17,Baixo
2018,2,2018-02-01,Sudeste,ES,Amazônia,25.39,19614.76,18,129.1,24.6,3579.22,2,Médio
2018,2,2018-02-01,Sudeste,ES,Pampa,88.38,46645.03,17,117.1,25.1,60913.39,5,Baixo
2018,2,2018-02-01,Sudeste,ES,Cerrado,36.36,42439.26,18,21.8,25.8,40663.74,28,Médio
2018,2,2018-02-01,Sul,PR,Cerrado,61.2,49551.74,15,90.1,30.1,47883.26,10,Alto
2018,2,2018-02-01,Sul,PR,Pantanal,23.38,34496.07,21,69.5,25.8,79915.23,26,Baixo
2018,2,2018-02-01,Sul,SC,Pantanal,80.2,72217.37,21,29.9,30.2,22426.74,35,Médio
2018,2,2018-02-01,Sul,SC,Cerrado,140.74,60653.91,20,49.3,28.0,18599.98,21,Alto
2018,2,2018-02-01,Sul,RS,Amazônia,31.73,41282.54,13,54.7,28.3,50089.27,21,Médio
2018,2,2018-02-01,Sul,RS,Pantanal,103.38,62019.06,13,103.3,28.1,31536.38,34,Baixo
2018,3,2018-03-01,Norte,AM,Amazônia,136.23,33454.71,11,90.8,32.8,74264.49,37,Médio
2018,3,2018-03-01,Norte,PA,Pantanal,34.52,3043.32,14,37.1,30.0,40437.68,10,Crítico
2018,3,2018-03-01,Norte,PA,Pantanal,37.7,52054.98,19,141.1,26.9,83650.62,2,Baixo
2018,3,2018-03-01,Norte,RO,Amazônia,43.39,27920.16,20,27.4,34.1,28256.15,26,Alto
2018,3,2018-03-01,Norte,TO,Cerrado,90.43,35999.81,21,85.9,19.9,3855.07,29,Médio
2018,3,2018-03-01,Nordeste,BA,Cerrado,53.06,10939.61,19,50.9,20.7,16751.97,6,Baixo
2018,3,2018-03-01,Nordeste,BA,Mata Atlântica,17.68,6450.78,8,138.6,20.6,20769.44,28,Baixo
2018,3,2018-03-01,Nordeste,PE,Mata Atlântica,35.71,7286.0,12,85.1,26.8,39268.0,3,Médio
2018,3,2018-03-01,Nordeste,PE,Pantanal,113.22,30796.13,19,45.2,26.7,82901.43,16,Médio
2018,3,2018-03-01,Nordeste,CE,Pampa,38.58,5936.16,17,45.7,25.1,21902.79,10,Baixo
2018,3,2018-03-01,Nordeste,CE,Caatinga,36.28,19960.17,14,195.8,28.7,30873.24,19,Crítico
2018,3,2018-03-01,Nordeste,MA,Amazônia,65.1,13070.71,16,60.7,27.2,52866.79,38,Baixo
2018,3,2018-03-01,Nordeste,PB,Cerrado,11.81,70177.69,5,154.7,23.8,78074.26,37,Baixo
2018,3,2018-03-01,Centro-Oeste,DF,Mata Atlântica,34.68,10430.21,11,114.6,23.2,36551.31,26,Crítico
2018,3,2018-03-01,Centro-Oeste,GO,Mata Atlântica,5.18,51116.6,15,80.9,26.2,40406.17,16,Crítico
2018,3,2018-03-01,Centro-Oeste,GO,Pantanal,67.48,47611.25,15,27.4,25.4,71399.89,18,Baixo
2018,3,2018-03-01,Centro-Oeste,MT,Caatinga,40.77,17523.23,14,81.2,25.2,50483.91,29,Médio
2018,3,2018-03-01,Centro-Oeste,MS,Cerrado,56.26,59207.14,12,50.5,32.3,49401.53,13,Crítico
2018,3,2018-03-01,Sudeste,SP,Pantanal,24.86,28100.39,20,49.1,31.3,89103.8,15,Baixo
2018,3,2018-03-01,Sudeste,SP,Cerrado,17.55,50177.52,23,96.2,29.0,73625.18,15,Crítico
2018,3,2018-03-01,Sudeste,SP,Mata Atlântica,88.04,10423.51,13,178.7,26.2,11833.19,23,Médio
2018,3,2018-03-01,Sudeste,RJ,Caatinga,69.78,31172.77,21,58.4,24.9,49229.0,19,Médio
2018,3,2018-03-01,Sudeste,RJ,Pampa,70.14,50658.43,6,185.2,26.1,51904.63,38,Médio
2018,3,2018-03-01,Sudeste,RJ,Cerrado,101.44,14951.78,13,19.9,25.3,12663.56,24,Crítico
2018,3,2018-03-01,Sudeste,RJ,Mata Atlântica,44.54,79370.14,16,44.2,23.6,48733.52,13,Baixo
2018,3,2018-03-01,Sudeste,MG,Cerrado,33.8,69724.79,9,36.1,25.8,3418.31,27,Alto
2018,3,2018-03-01,Sudeste,MG,Amazônia,112.27,69278.53,9,48.6,25.8,59400.29,5,Alto
2018,3,2018-03-01,Sudeste,MG,Mata Atlântica,66.44,15725.3,17,22.7,27.9,58428.69,32,Crítico
2018,3,2018-03-01,Sudeste,ES,Cerrado,95.74,57696.79,14,260.8,23.7,27267.16,29,Alto
2018,3,2018-03-01,Sudeste,ES,Pantanal,55.67,30124.35,11,130.7,29.7,75982.65,36,Alto
2018,3,2018-03-01,Sudeste,ES,Amazônia,51.0,62567.64,10,104.6,28.9,89171.28,37,Crítico
2018,3,2018-03-01,Sul,PR,Pantanal,184.08,32866.75,21,96.6,26.2,70087.79,35,Baixo
2018,3,2018-03-01,Sul,PR,Caatinga,146.0,73350.91,10,116.0,29.9,55153.85,31,Baixo
2018,3,2018-03-01,Sul,SC,Pampa,75.06,64084.13,10,180.9,23.4,73496.3,29,Crítico
2018,3,2018-03-01,Sul,SC,Mata Atlântica,41.09,35902.08,17,140.3,23.9,64943.91,22,Alto
2018,3,2018-03-01,Sul,RS,Mata Atlântica,95.33,21486.04,16,88.8,29.4,50013.61,1,Baixo
2018,3,2018-03-01,Sul,RS,Cerrado,102.02,79334.33,16,25.4,26.6,29402.41,15,Alto
2018,4,2018-04-01,Norte,AM,Mata Atlântica,21.67,39972.88,15,19.7,23.2,75088.36,24,Baixo
2018,4,2018-04-01,Norte,PA,Mata Atlântica,118.51,64485.59,21,80.7,24.7,79971.93,15,Médio
2018,4,2018-04-01,Norte,PA,Cerrado,68.62,48674.05,14,193.7,25.7,85827.6,7,Baixo
2018,4,2018-04-01,Norte,RO,Pampa,38.46,34479.82,11,153.8,24.9,2337.1,24,Médio
2018,4,2018-04-01,Norte,TO,Pantanal,27.79,43996.74,15,82.4,27.3,84181.42,2,Alto
2018,4,2018-04-01,Nordeste,BA,Amazônia,12.53,46472.84,16,67.0,28.1,30004.05,39,Baixo
2018,4,2018-04-01,Nordeste,BA,Cerrado,110.57,12450.34,17,34.5,28.5,29855.84,24,Crítico
2018,4,2018-04-01,Nordeste,PE,Amazônia,36.72,35100.77,18,26.8,24.8,32918.83,36,Baixo
2018,4,2018-04-01,Nordeste,PE,Caatinga,159.37,13161.07,12,243.3,27.5,62515.16,27,Baixo
2018,4,2018-04-01,Nordeste,CE,Mata Atlântica,27.44,33248.63,19,57.8,25.1,17448.82,29,Alto
2018,4,2018-04-01,Nordeste,CE,Mata Atlântica,77.52,39114.35,13,37.5,26.0,4793.03,13,Alto
2018,4,2018-04-01,Nordeste,MA,Caatinga,90.07,21987.41,11,165.1,23.9,85762.94,15,Crítico
2018,4,2018-04-01,Nordeste,PB,Pampa,85.75,36729.63,19,67.2,26.0,76908.47,28,Baixo
2018,4,2018-04-01,Centro-Oeste,DF,Cerrado,6.49,49071.83,13,60.2,27.5,74472.08,16,Baixo
2018,4,2018-04-01,Centro-Oeste,GO,Pampa,71.09,13253.48,17,62.7,21.4,35117.07,30,Baixo
2018,4,2018-04-01,Centro-Oeste,GO,Pampa,140.06,5681.64,18,67.7,31.4,49640.6,19,Médio
2018,4,2018-04-01,Centro-Oeste,MT,Amazônia,73.62,56732.92,18,35.3,27.0,82582.73,36,Crítico
2018,4,2018-04-01,Centro-Oeste,MS,Pampa,63.79,51573.72,17,54.8,26.9,64457.24,8,Alto
2018,4,2018-04-01,Sudeste,SP,Amazônia,182.2,74867.93,21,171.9,25.1,82681.88,19,Alto
2018,4,2018-04-01,Sudeste,SP,Pampa,5.03,69444.61,17,98.4,23.6,35228.44,13,Baixo
2018,4,2018-04-01,Sudeste,SP,Pantanal,64.03,12460.73,22,121.1,19.3,69943.09,5,Crítico
2018,4,2018-04-01,Sudeste,RJ,Pampa,40.92,30687.16,18,211.8,30.4,57896.17,26,Baixo
2018,4,2018-04-01,Sudeste,RJ,Amazônia,67.39,60509.28,14,137.1,29.3,59472.32,5,Alto
2018,4,2018-04-01,Sudeste,RJ,Pampa,93.56,68849.18,14,103.0,27.9,36047.35,21,Médio
2018,4,2018-04-01,Sudeste,RJ,Cerrado,73.09,32893.26,16,160.4,29.2,2251.86,29,Baixo
2018,4,2018-04-01,Sudeste,MG,Pampa,54.91,41339.44,15,77.9,25.6,19975.3,20,Crítico
2018,4,2018-04-01,Sudeste,MG,Amazônia,69.86,59100.74,9,104.2,26.4,5924.01,7,Baixo
2018,4,2018-04-01,Sudeste,MG,Pantanal,187.28,18596.11,15,97.2,24.6,30424.35,19,Alto
2018,4,2018-04-01,Sudeste,ES,Pantanal,113.07,1135.78,11,276.3,24.0,32668.55,11,Alto
2018,4,2018-04-01,Sudeste,ES,Pampa,146.22,10641.75,16,102.7,25.9,32343.58,23,Crítico
2018,4,2018-04-01,Sudeste,ES,Amazônia,113.97,34943.64,15,41.0,26.0,52122.89,11,Baixo
2018,4,2018-04-01,Sul,PR,Cerrado,24.91,49239.96,13,115.2,25.5,60433.71,27,Alto
2018,4,2018-04-01,Sul,PR,Amazônia,44.74,51963.48,18,110.9,28.5,42337.72,15,Alto
2018,4,2018-04-01,Sul,SC,Amazônia,33.73,11361.28,14,39.0,27.4,76997.16,14,Médio
2018,4,2018-04-01,Sul,SC,Pampa,126.0,31858.0,16,46.2,22.6,14841.85,38,Alto
2018,4,2018-04-01,Sul,RS,Caatinga,131.94,37365.42,12,98.0,29.5,86410.55,32,Médio
2018,4,2018-04-01,Sul,RS,Caatinga,223.72,6348.51,11,108.6,25.6,68856.72,30,Médio
2018,5,2018-05-01,Norte,AM,Pampa,27.28,60607.66,7,32.4,29.3,12333.16,31,Baixo
2018,5,2018-05-01,Norte,PA,Mata Atlântica,14.29,77156.83,11,120.9,24.9,72394.48,20,Baixo
2018,5,2018-05-01,Norte,PA,Caatinga,167.77,52286.56,15,57.2,29.2,15863.67,11,Baixo
2018,5,2018-05-01,Norte,RO,Cerrado,6.96,22595.82,18,15.8,23.2,27304.74,5,Baixo
2018,5,2018-05-01,Norte,TO,Caatinga,17.22,9335.23,20,67.1,24.5,19197.44,2,Crítico
2018,5,2018-05-01,Nordeste,BA,Pampa,183.55,54081.86,16,77.5,29.8,24149.36,37,Crítico
2018,5,2018-05-01,Nordeste,BA,Pantanal,96.73,13921.72,10,100.0,29.2,29831.67,34,Médio
2018,5,2018-05-01,Nordeste,PE,Amazônia,12.85,68452.86,14,79.0,29.6,46705.73,28,Baixo
2018,5,2018-05-01,Nordeste,PE,Mata Atlântica,9.33,20417.46,12,19.5,26.2,63497.83,13,Crítico
2018,5,2018-05-01,Nordeste,CE,Pantanal,137.65,71437.16,10,68.9,28.6,58794.65,2,Crítico
2018,5,2018-05-01,Nordeste,CE,Mata Atlântica,67.93,46935.23,25,224.6,31.0,88152.91,34,Baixo
2018,5,2018-05-01,Nordeste,MA,Pampa,110.87,31451.88,14,125.3,26.9,63671.52,2,Médio
2018,5,2018-05-01,Nordeste,PB,Amazônia,20.86,57785.51,9,18.8,26.2,17343.21,5,Baixo
2018,5,2018-05-01,Centro-Oeste,DF,Pantanal,305.76,53801.45,13,223.2,26.0,43535.31,18,Crítico
2018,5,2018-05-01,Centro-Oeste,GO,Pantanal,49.06,53677.22,18,45.2,23.6,52599.21,37,Baixo
2018,5,2018-05-01,Centro-Oeste,GO,Mata Atlântica,138.6,64125.34,16,58.7,26.0,40019.9,20,Alto
2018,5,2018-05-01,Centro-Oeste,MT,Mata Atlântica,45.33,47084.62,18,93.9,25.4,88557.94,24,Alto
2018,5,2018-05-01,Centro-Oeste,MS,Pantanal,14.06,68161.46,20,184.3,24.4,57082.12,3,Baixo
2018,5,2018-05-01,Sudeste,SP,Pantanal,96.7,49706.5,7,110.1,27.4,72173.4,24,Crítico
2018,5,2018-05-01,Sudeste,SP,Pampa,113.14,54737.21,18,129.1,30.2,36595.76,18,Crítico
2018,5,2018-05-01,Sudeste,SP,Amazônia,25.84,2316.51,21,50.0,26.5,26796.87,10,Crítico
2018,5,2018-05-01,Sudeste,RJ,Pampa,48.05,12184.19,20,67.0,28.2,47516.16,20,Médio
2018,5,2018-05-01,Sudeste,RJ,Pampa,63.69,63343.63,9,168.7,26.5,50822.23,16,Médio
2018,5,2018-05-01,Sudeste,RJ,Pampa,39.15,68362.24,15,265.1,24.9,41647.18,28,Baixo
2018,5,2018-05-01,Sudeste,RJ,Caatinga,27.78,22865.62,20,42.7,19.3,19936.37,19,Médio
2018,5,2018-05-01,Sudeste,MG,Pampa,58.45,9830.17,18,70.1,28.6,75993.58,31,Alto
2018,5,2018-05-01,Sudeste,MG,Amazônia,38.71,9704.06,12,67.1,27.4,77242.53,24,Baixo
2018,5,2018-05-01,Sudeste,MG,Pampa,28.22,3711.87,14,96.4,19.9,75686.44,6,Crítico
2018,5,2018-05-01,Sudeste,ES,Pampa,108.99,40137.03,18,141.9,25.1,51092.87,35,Médio
2018,5,2018-05-01,Sudeste,ES,Amazônia,89.43,29589.09,10,134.0,19.2,4239.13,35,Crítico
2018,5,2018-05-01,Sudeste,ES,Caatinga,135.52,46556.97,16,194.2,32.5,65615.89,28,Baixo
2018,5,2018-05-01,Sul,PR,Pampa,49.13,43945.37,15,65.7,24.1,34011.29,11,Baixo
2018,5,2018-05-01,Sul,PR,Mata Atlântica,25.27,2164.89,7,109.4,26.6,4474.32,25,Baixo
2018,5,2018-05-01,Sul,SC,Pantanal,53.39,1726.12,18,154.4,21.2,50973.9,22,Alto
2018,5,2018-05-01,Sul,SC,Amazônia,23.34,7725.12,15,102.5,25.3,84249.56,34,Alto
2018,5,2018-05-01,Sul,RS,Amazônia,71.32,50962.45,11,79.2,21.9,63125.53,23,Crítico
2018,5,2018-05-01,Sul,RS,Caatinga,9.96,15687.6,26,34.3,23.3,27417.67,4,Médio
2018,6,2018-06-01,Norte,AM,Amazônia,160.29,47133.81,13,119.1,27.4,38264.43,22,Baixo
2018,6,2018-06-01,Norte,PA,Caatinga,15.82,4631.36,14,120.3,26.6,40982.2,18,Baixo
2018,6,2018-06-01,Norte,PA,Amazônia,55.84,62119.52,21,63.9,27.8,13809.79,14,Baixo
2018,6,2018-06-01,Norte,RO,Amazônia,44.27,7293.18,12,56.8,25.2,48155.82,21,Médio
2018,6,2018-06-01,Norte,TO,Caatinga,35.11,75718.56,12,65.4,28.5,21074.78,38,Baixo
2018,6,2018-06-01,Nordeste,BA,Cerrado,31.51,21868.96,13,77.5,30.6,49881.04,24,Médio
2018,6,2018-06-01,Nordeste,BA,Amazônia,45.31,27286.56,18,58.0,23.6,20437.28,18,Alto
2018,6,2018-06-01,Nordeste,PE,Amazônia,52.8,67423.17,12,135.9,22.9,78087.13,9,Baixo
2018,6,2018-06-01,Nordeste,PE,Amazônia,21.31,19753.12,12,27.7,27.7,60543.96,6,Crítico
2018,6,2018-06-01,Nordeste,CE,Caatinga,62.46,43930.5,15,17.7,33.8,40907.53,38,Baixo
2018,6,2018-06-01,Nordeste,CE,Amazônia,38.56,44523.89,13,73.6,25.0,34580.54,34,Médio
2018,6,2018-06-01,Nordeste,MA,Caatinga,120.89,75195.08,12,30.1,24.1,5152.64,33,Médio
2018,6,2018-06-01,Nordeste,PB,Caatinga,78.87,15478.44,17,31.9,31.3,22035.46,37,Médio
2018,6,2018-06-01,Centro-Oeste,DF,Cerrado,78.61,56165.89,22,72.3,31.5,19102.19,23,Alto
2018,6,2018-06-01,Centro-Oeste,GO,Caatinga,56.86,44935.92,10,69.5,26.6,4177.04,1,Baixo
2018,6,2018-06-01,Centro-Oeste,GO,Amazônia,81.64,5173.79,21,87.4,26.2,35441.99,15,Alto
2018,6,2018-06-01,Centro-Oeste,MT,Cerrado,63.48,10989.34,15,123.2,23.8,73853.83,29,Alto
2018,6,2018-06-01,Centro-Oeste,MS,Caatinga,209.07,8384.55,17,28.1,31.6,35341.17,18,Alto
2018,6,2018-06-01,Sudeste,SP,Amazônia,70.64,55807.56,11,70.1,28.8,89449.64,33,Médio
2018,6,2018-06-01,Sudeste,SP,Cerrado,65.59,6424.74,12,71.0,27.9,49851.35,5,Crítico
2018,6,2018-06-01,Sudeste,SP,Amazônia,160.86,79780.1,16,161.6,29.2,42333.93,12,Médio
2018,6,2018-06-01,Sudeste,RJ,Mata Atlântica,23.14,76935.63,13,86.5,25.7,10541.02,9,Alto
2018,6,2018-06-01,Sudeste,RJ,Pantanal,14.84,74261.19,17,45.0,24.4,51861.2,13,Baixo
2018,6,2018-06-01,Sudeste,RJ,Mata Atlântica,47.38,41165.03,11,75.1,27.2,58504.47,24,Crítico
2018,6,2018-06-01,Sudeste,RJ,Amazônia,10.64,43876.15,17,109.0,31.1,57062.5,11,Médio
2018,6,2018-06-01,Sudeste,MG,Amazônia,80.93,32247.85,13,13.3,27.2,1197.14,1,Alto
2018,6,2018-06-01,Sudeste,MG,Pampa,10.63,55681.57,22,85.3,26.0,42042.05,14,Alto
2018,6,2018-06-01,Sudeste,MG,Pantanal,43.14,69870.97,19,111.8,30.1,61398.41,37,Crítico
2018,6,2018-06-01,Sudeste,ES,Amazônia,155.69,30227.8,14,55.7,32.5,13830.4,14,Alto
2018,6,2018-06-01,Sudeste,ES,Caatinga,139.39,12909.72,11,24.2,25.1,60658.01,14,Crítico
2018,6,2018-06-01,Sudeste,ES,Amazônia,77.29,15256.62,15,59.9,27.0,52639.04,1,Baixo
2018,6,2018-06-01,Sul,PR,Mata Atlântica,65.15,77404.51,12,85.4,28.6,43984.65,16,Alto
2018,6,2018-06-01,Sul,PR,Pampa,61.23,37922.1,15,35.0,26.4,11757.03,8,Baixo
2018,6,2018-06-01,Sul,SC,Caatinga,29.19,46976.7,22,64.5,23.9,85330.95,32,Médio
2018,6,2018-06-01,Sul,SC,Pantanal,92.64,58702.15,12,15.8,30.4,25302.05,37,Crítico
2018,6,2018-06-01,Sul,RS,Caatinga,35.87,72126.42,10,256.2,28.2,76114.36,26,Médio
2018,6,2018-06-01,Sul,RS,Caatinga,71.68,63967.33,13,192.4,28.7,24881.04,10,Médio
2018,7,2018-07-01,Norte,AM,Caatinga,147.64,75883.31,11,135.5,26.6,68522.72,38,Crítico
2018,7,2018-07-01,Norte,PA,Caatinga,117.54,70522.99,13,85.5,24.7,61376.25,25,Alto
2018,7,2018-07-01,Norte,PA,Pampa,63.75,57653.73,15,42.8,25.1,49043.97,24,Baixo
2018,7,2018-07-01,Norte,RO,Caatinga,25.65,77322.34,13,61.3,25.4,23277.27,15,Crítico
2018,7,2018-07-01,Norte,TO,Caatinga,63.05,69418.98,22,166.6,25.5,50734.47,11,Alto
2018,7,2018-07-01,Nordeste,BA,Pantanal,97.7,37852.58,14,20.6,24.5,69580.01,4,Crítico
2018,7,2018-07-01,Nordeste,BA,Mata Atlântica,54.21,58388.59,13,198.6,22.6,82721.22,24,Médio
2018,7,2018-07-01,Nordeste,PE,Pampa,189.7,23244.36,14,70.8,28.5,37751.67,24,Alto
2018,7,2018-07-01,Nordeste,PE,Pantanal,36.54,40656.71,16,114.3,27.3,30471.41,29,Baixo
2018,7,2018-07-01,Nordeste,CE,Mata Atlântica,3.67,57792.95,11,90.4,22.5,31776.78,12,Crítico
2018,7,2018-07-01,Nordeste,CE,Pampa,47.14,48927.38,16,121.4,22.8,47273.73,37,Alto
2018,7,2018-07-01,Nordeste,MA,Caatinga,31.45,40341.5,16,67.5,31.6,72895.76,34,Alto
2018,7,2018-07-01,Nordeste,PB,Amazônia,28.16,11083.41,20,137.7,30.9,84106.85,23,Baixo
2018,7,2018-07-01,Centro-Oeste,DF,Amazônia,14.94,47717.12,16,124.5,23.5,87481.25,12,Alto
2018,7,2018-07-01,Centro-Oeste,GO,Caatinga,52.63,33678.17,11,33.7,25.5,61966.31,8,Crítico
2018,7,2018-07-01,Centro-Oeste,GO,Cerrado,57.48,48957.6,16,77.6,31.5,48054.14,2,Baixo
2018,7,2018-07-01,Centro-Oeste,MT,Pantanal,5.31,35924.7,18,30.0,25.1,69332.89,8,Alto
2018,7,2018-07-01,Centro-Oeste,MS,Pampa,24.44,41986.38,18,152.2,28.9,74599.09,8,Crítico
2018,7,2018-07-01,Sudeste,SP,Pantanal,66.73,58598.72,10,79.0,26.8,65201.94,18,Alto
2018,7,2018-07-01,Sudeste,SP,Pantanal,104.34,51965.5,17,48.3,28.5,74552.02,19,Médio
2018,7,2018-07-01,Sudeste,SP,Amazônia,60.85,49253.94,9,121.6,26.2,58883.0,34,Alto
2018,7,2018-07-01,Sudeste,RJ,Amazônia,48.35,24346.75,10,176.2,30.2,58236.08,3,Médio
2018,7,2018-07-01,Sudeste,RJ,Pampa,93.47,34916.38,12,128.6,28.3,66829.62,19,Médio
2018,7,2018-07-01,Sudeste,RJ,Mata Atlântica,36.42,51129.24,14,76.8,29.6,20804.13,12,Médio
2018,7,2018-07-01,Sudeste,RJ,Pantanal,157.77,64652.85,26,112.9,23.3,50522.41,38,Crítico
2018,7,2018-07-01,Sudeste,MG,Mata Atlântica,182.83,56857.73,13,101.6,31.1,57013.69,34,Baixo
2018,7,2018-07-01,Sudeste,MG,Pantanal,18.61,8032.69,16,112.5,26.9,11653.67,12,Crítico
2018,7,2018-07-01,Sudeste,MG,Mata Atlântica,26.58,65032.1,13,46.0,24.7,89394.58,2,Crítico
2018,7,2018-07-01,Sudeste,ES,Amazônia,7.02,19226.09,14,49.0,24.0,30622.3,1,Baixo
2018,7,2018-07-01,Sudeste,ES,Cerrado,204.52,26758.62,19,30.7,27.7,26144.62,5,Médio
2018,7,2018-07-01,Sudeste,ES,Pantanal,121.38,67883.19,17,98.5,24.6,25902.37,2,Alto
2018,7,2018-07-01,Sul,PR,Mata Atlântica,92.49,10427.97,10,140.8,29.1,70884.92,30,Crítico
2018,7,2018-07-01,Sul,PR,Amazônia,61.54,4806.89,19,46.3,24.0,49051.95,38,Alto
2018,7,2018-07-01,Sul,SC,Amazônia,93.65,24538.2,17,41.7,26.6,39692.28,37,Crítico
2018,7,2018-07-01,Sul,SC,Pantanal,93.38,65667.97,25,59.5,26.3,2158.41,36,Médio
2018,7,2018-07-01,Sul,RS,Amazônia,14.0,23482.89,16,60.4,30.9,89907.46,9,Médio
2018,7,2018-07-01,Sul,RS,Cerrado,122.09,44978.63,13,37.1,26.0,51238.91,29,Baixo
2018,8,2018-08-01,Norte,AM,Mata Atlântica,44.91,10200.6,15,156.5,27.0,79545.7,19,Baixo
2018,8,2018-08-01,Norte,PA,Amazônia,99.72,1003.97,14,85.2,23.3,89575.73,36,Crítico
2018,8,2018-08-01,Norte,PA,Cerrado,46.12,33421.7,21,26.1,25.3,30672.0,27,Baixo
2018,8,2018-08-01,Norte,RO,Pantanal,33.96,55231.91,20,53.3,28.5,72282.8,22,Médio
2018,8,2018-08-01,Norte,TO,Pampa,57.1,7151.61,12,140.3,28.9,60499.99,10,Crítico
2018,8,2018-08-01,Nordeste,BA,Pantanal,10.31,16638.95,8,96.3,29.6,13801.82,26,Alto
2018,8,2018-08-01,Nordeste,BA,Pampa,163.84,54591.95,14,31.2,24.2,37498.4,30,Crítico
2018,8,2018-08-01,Nordeste,PE,Amazônia,37.15,48781.36,20,123.1,30.0,64564.91,31,Crítico
2018,8,2018-08-01,Nordeste,PE,Pampa,67.84,2876.8,14,79.2,25.9,21744.95,13,Médio
2018,8,2018-08-01,Nordeste,CE,Pampa,36.57,43119.61,14,123.5,34.0,37180.93,22,Crítico
2018,8,2018-08-01,Nordeste,CE,Caatinga,20.17,19536.17,17,126.9,28.2,77368.69,21,Médio
2018,8,2018-08-01,Nordeste,MA,Amazônia,117.33,57135.9,21,79.0,27.3,89479.46,27,Baixo
2018,8,2018-08-01,Nordeste,PB,Mata Atlântica,156.75,10331.55,15,89.7,22.9,59746.8,28,Médio
2018,8,2018-08-01,Centro-Oeste,DF,Amazônia,61.0,58931.43,13,83.7,26.6,34492.76,12,Alto
2018,8,2018-08-01,Centro-Oeste,GO,Pampa,213.65,10000.61,11,67.2,26.1,3571.04,2,Alto
2018,8,2018-08-01,Centro-Oeste,GO,Pantanal,46.11,43157.62,16,46.9,21.7,89651.59,34,Baixo
2018,8,2018-08-01,Centro-Oeste,MT,Caatinga,82.12,67405.04,9,70.4,27.0,17472.16,8,Crítico
2018,8,2018-08-01,Centro-Oeste,MS,Cerrado,41.44,49354.89,17,78.7,28.3,13705.53,11,Médio
2018,8,2018-08-01,Sudeste,SP,Pampa,37.63,38912.05,15,63.8,28.5,64415.02,6,Médio
2018,8,2018-08-01,Sudeste,SP,Amazônia,106.02,52220.28,9,81.1,31.9,35904.11,29,Médio
2018,8,2018-08-01,Sudeste,SP,Caatinga,116.31,14926.86,9,91.8,24.1,1182.51,20,Baixo
2018,8,2018-08-01,Sudeste,RJ,Caatinga,7.17,76941.7,16,138.1,32.0,72504.14,17,Médio
2018,8,2018-08-01,Sudeste,RJ,Mata Atlântica,105.76,52657.41,25,28.7,31.8,25856.26,37,Alto
2018,8,2018-08-01,Sudeste,RJ,Caatinga,36.66,58338.93,19,161.6,27.0,3557.13,23,Crítico
2018,8,2018-08-01,Sudeste,RJ,Caatinga,38.04,78498.97,11,25.0,23.9,9646.23,34,Médio
2018,8,2018-08-01,Sudeste,MG,Mata Atlântica,17.69,78410.19,13,134.8,24.5,4177.24,34,Crítico
2018,8,2018-08-01,Sudeste,MG,Pampa,38.28,75999.62,16,139.5,32.0,59663.14,24,Alto
2018,8,2018-08-01,Sudeste,MG,Mata Atlântica,119.93,31000.58,15,276.1,25.5,33883.39,24,Alto
2018,8,2018-08-01,Sudeste,ES,Pantanal,28.69,18370.44,18,78.2,25.1,47116.6,13,Alto
2018,8,2018-08-01,Sudeste,ES,Caatinga,76.08,55758.49,15,129.6,25.5,82008.57,3,Médio
2018,8,2018-08-01,Sudeste,ES,Pampa,1.67,6057.2,20,51.2,27.9,20785.46,4,Médio
2018,8,2018-08-01,Sul,PR,Amazônia,167.29,42536.03,12,49.3,27.8,47530.38,18,Médio
2018,8,2018-08-01,Sul,PR,Pampa,33.36,78542.47,14,71.8,25.5,72076.16,28,Médio
2018,8,2018-08-01,Sul,SC,Mata Atlântica,81.25,8683.86,9,136.2,28.9,23498.35,39,Alto
2018,8,2018-08-01,Sul,SC,Pantanal,80.28,45524.76,17,254.8,26.0,85517.54,8,Crítico
2018,8,2018-08-01,Sul,RS,Cerrado,112.23,56298.75,18,22.3,22.8,84147.46,9,Crítico
2018,8,2018-08-01,Sul,RS,Amazônia,30.7,64003.3,20,114.0,23.7,65245.0,23,Alto
2018,9,2018-09-01,Norte,AM,Pampa,64.66,71876.29,17,47.0,30.2,77925.81,25,Alto
2018,9,2018-09-01,Norte,PA,Pantanal,65.83,19965.11,19,89.9,26.9,5777.79,37,Alto
2018,9,2018-09-01,Norte,PA,Amazônia,13.41,35317.18,14,88.5,25.9,66862.86,16,Médio
2018,9,2018-09-01,Norte,RO,Cerrado,21.33,2099.4,18,32.0,25.0,22576.61,7,Alto
2018,9,2018-09-01,Norte,TO,Caatinga,42.85,69733.47,20,64.9,21.4,7845.68,29,Baixo
2018,9,2018-09-01,Nordeste,BA,Mata Atlântica,59.39,43581.79,9,108.8,28.2,83179.63,11,Crítico
2018,9,2018-09-01,Nordeste,BA,Caatinga,55.99,56574.95,16,69.1,33.4,5206.42,9,Alto
2018,9,2018-09-01,Nordeste,PE,Caatinga,30.74,70052.29,13,74.2,25.1,8133.06,23,Alto
2018,9,2018-09-01,Nordeste,PE,Mata Atlântica,108.22,36254.14,13,67.1,23.9,72726.53,25,Baixo
2018,9,2018-09-01,Nordeste,CE,Caatinga,107.44,41711.03,15,53.0,24.0,46515.54,4,Alto
2018,9,2018-09-01,Nordeste,CE,Pampa,7.03,65887.54,15,195.3,17.2,13561.89,1,Alto
2018,9,2018-09-01,Nordeste,MA,Pampa,167.51,17814.45,19,39.4,27.0,68199.35,7,Baixo
2018,9,2018-09-01,Nordeste,PB,Cerrado,38.82,70591.58,16,104.2,26.6,52564.29,11,Crítico
2018,9,2018-09-01,Centro-Oeste,DF,Caatinga,45.1,64814.19,21,144.4,30.2,46298.33,2,Baixo
2018,9,2018-09-01,Centro-Oeste,GO,Mata Atlântica,13.68,53387.06,9,37.4,29.9,66026.28,36,Médio
2018,9,2018-09-01,Centro-Oeste,GO,Pampa,39.6,70937.69,12,133.0,28.0,74045.1,28,Alto
2018,9,2018-09-01,Centro-Oeste,MT,Amazônia,85.72,31278.68,21,113.1,24.9,5074.72,30,Alto
2018,9,2018-09-01,Centro-Oeste,MS,Pantanal,30.78,4393.52,18,70.7,25.0,12431.88,38,Crítico
2018,9,2018-09-01,Sudeste,SP,Pampa,13.24,77353.19,9,238.6,27.9,7793.65,26,Crítico
2018,9,2018-09-01,Sudeste,SP,Caatinga,38.68,69058.59,17,65.5,29.7,44177.76,15,Crítico
2018,9,2018-09-01,Sudeste,SP,Pampa,46.04,63505.75,16,100.7,22.5,32988.48,18,Baixo
2018,9,2018-09-01,Sudeste,RJ,Mata Atlântica,9.15,55953.07,12,104.8,30.7,21372.9,39,Alto
2018,9,2018-09-01,Sudeste,RJ,Mata Atlântica,231.57,64397.62,18,71.1,29.2,44861.72,24,Alto
2018,9,2018-09-01,Sudeste,RJ,Pantanal,60.62,59000.66,15,87.9,24.2,15362.29,31,Alto
2018,9,2018-09-01,Sudeste,RJ,Mata Atlântica,78.2,46866.65,13,19.0,22.8,54748.88,27,Baixo
2018,9,2018-09-01,Sudeste,MG,Pantanal,44.69,29209.65,20,176.0,24.7,15734.7,4,Alto
2018,9,2018-09-01,Sudeste,MG,Amazônia,59.86,54410.54,18,179.7,26.7,46308.6,23,Alto
2018,9,2018-09-01,Sudeste,MG,Mata Atlântica,27.44,23780.7,8,53.1,28.2,3148.55,9,Alto
2018,9,2018-09-01,Sudeste,ES,Cerrado,28.12,67963.62,13,104.3,29.2,8409.35,8,Alto
2018,9,2018-09-01,Sudeste,ES,Mata Atlântica,54.47,59619.17,18,77.8,26.3,83013.65,25,Crítico
2018,9,2018-09-01,Sudeste,ES,Mata Atlântica,46.85,52126.06,12,121.2,27.3,33744.05,33,Alto
2018,9,2018-09-01,Sul,PR,Pantanal,11.84,61408.81,10,248.7,24.3,88773.38,3,Médio
2018,9,2018-09-01,Sul,PR,Mata Atlântica,74.16,77990.76,16,86.1,29.0,17631.41,15,Alto
2018,9,2018-09-01,Sul,SC,Pantanal,91.6,27968.92,13,157.8,37.2,54193.75,23,Crítico
2018,9,2018-09-01,Sul,SC,Cerrado,109.86,33547.9,12,92.7,24.2,83775.84,28,Médio
2018,9,2018-09-01,Sul,RS,Cerrado,81.48,53005.06,20,16.2,25.0,45117.31,24,Alto
2018,9,2018-09-01,Sul,RS,Pampa,95.53,12173.41,16,139.7,26.6,41028.13,38,Baixo
2018,10,2018-10-01,Norte,AM,Cerrado,51.31,79098.62,10,106.7,25.6,78776.62,19,Baixo
2018,10,2018-10-01,Norte,PA,Amazônia,53.03,44081.52,15,15.9,30.5,11672.53,10,Médio
2018,10,2018-10-01,Norte,PA,Cerrado,312.95,59155.59,13,95.1,30.2,83733.18,21,Baixo
2018,10,2018-10-01,Norte,RO,Cerrado,91.26,71262.19,17,129.9,32.7,68494.56,26,Médio
2018,10,2018-10-01,Norte,TO,Pampa,180.46,74089.97,14,141.0,33.4,26118.86,23,Alto
2018,10,2018-10-01,Nordeste,BA,Amazônia,117.5,33614.6,15,86.9,26.8,47298.57,20,Crítico
2018,10,2018-10-01,Nordeste,BA,Pantanal,9.12,24647.36,12,63.3,25.0,89666.97,15,Baixo
2018,10,2018-10-01,Nordeste,PE,Cerrado,100.73,48180.35,14,33.8,29.6,42913.62,32,Médio
2018,10,2018-10-01,Nordeste,PE,Pampa,32.65,48374.96,19,15.5,32.2,42312.02,30,Alto
2018,10,2018-10-01,Nordeste,CE,Amazônia,15.44,21404.66,16,71.1,26.9,15736.17,24,Baixo
2018,10,2018-10-01,Nordeste,CE,Pantanal,50.97,48185.49,14,81.2,27.9,45033.84,33,Alto
2018,10,2018-10-01,Nordeste,MA,Mata Atlântica,29.99,59668.46,22,117.7,26.8,17488.53,32,Crítico
2018,10,2018-10-01,Nordeste,PB,Amazônia,39.94,53467.48,13,174.2,26.0,29093.19,39,Alto
2018,10,2018-10-01,Centro-Oeste,DF,Caatinga,97.38,32383.81,14,158.1,28.4,50896.8,3,Médio
2018,10,2018-10-01,Centro-Oeste,GO,Cerrado,81.54,15610.67,19,21.9,23.5,21719.75,24,Crítico
2018,10,2018-10-01,Centro-Oeste,GO,Caatinga,72.2,1816.69,17,48.1,25.2,46487.08,35,Alto
2018,10,2018-10-01,Centro-Oeste,MT,Pampa,13.73,4977.05,20,70.3,24.6,28150.98,1,Médio
2018,10,2018-10-01,Centro-Oeste,MS,Pampa,31.08,18049.75,19,45.9,29.2,45875.59,34,Crítico
2018,10,2018-10-01,Sudeste,SP,Caatinga,19.15,11189.93,19,182.6,27.7,58984.19,39,Médio
2018,10,2018-10-01,Sudeste,SP,Pantanal,22.86,52291.58,16,196.4,28.4,40942.25,29,Baixo
2018,10,2018-10-01,Sudeste,SP,Amazônia,36.6,68186.27,17,55.8,31.8,13257.51,24,Baixo
2018,10,2018-10-01,Sudeste,RJ,Amazônia,54.25,37808.6,10,62.3,28.2,85046.53,33,Crítico
2018,10,2018-10-01,Sudeste,RJ,Pampa,38.29,75150.97,9,32.2,29.1,74968.18,21,Médio
2018,10,2018-10-01,Sudeste,RJ,Cerrado,50.01,63288.47,17,83.4,26.1,35496.48,31,Alto
2018,10,2018-10-01,Sudeste,RJ,Caatinga,15.9,1774.77,12,29.7,25.1,16217.5,15,Baixo
2018,10,2018-10-01,Sudeste,MG,Pantanal,254.73,77339.04,12,47.6,24.9,79725.91,19,Alto
2018,10,2018-10-01,Sudeste,MG,Cerrado,110.01,33977.82,9,141.0,28.2,41026.86,19,Médio
2018,10,2018-10-01,Sudeste,MG,Pantanal,186.67,72653.31,13,186.7,29.5,53243.73,36,Médio
2018,10,2018-10-01,Sudeste,ES,Caatinga,222.25,62128.04,4,66.8,24.3,48468.22,30,Crítico
2018,10,2018-10-01,Sudeste,ES,Cerrado,82.1,26942.84,15,79.9,21.8,41210.89,16,Alto
2018,10,2018-10-01,Sudeste,ES,Pantanal,255.77,45809.54,15,127.3,25.6,7688.25,28,Alto
2018,10,2018-10-01,Sul,PR,Cerrado,23.36,38655.16,18,106.1,28.0,53022.29,30,Alto
2018,10,2018-10-01,Sul,PR,Cerrado,86.41,11479.25,17,8.6,34.4,32364.08,20,Baixo
2018,10,2018-10-01,Sul,SC,Pantanal,73.44,19902.71,12,154.1,26.7,57231.35,10,Médio
2018,10,2018-10-01,Sul,SC,Amazônia,59.94,26452.01,12,120.2,26.5,79372.21,19,Crítico
2018,10,2018-10-01,Sul,RS,Cerrado,25.54,10217.64,17,69.7,28.0,16496.32,4,Crítico
2018,10,2018-10-01,Sul,RS,Pantanal,66.07,59274.07,18,20.4,22.8,43303.4,10,Médio
2018,11,2018-11-01,Norte,AM,Mata Atlântica,184.59,21301.92,10,27.6,27.9,58135.31,24,Médio
2018,11,2018-11-01,Norte,PA,Cerrado,143.85,45502.1,18,132.5,26.3,27374.02,19,Médio
2018,11,2018-11-01,Norte,PA,Caatinga,62.8,70171.29,18,132.4,28.6,68945.93,17,Médio
2018,11,2018-11-01,Norte,RO,Cerrado,26.12,65136.83,15,112.7,26.1,44767.44,1,Baixo
2018,11,2018-11-01,Norte,TO,Amazônia,99.36,38392.36,17,61.4,24.4,38126.64,12,Médio
2018,11,2018-11-01,Nordeste,BA,Mata Atlântica,120.42,75467.86,13,63.7,30.0,67070.32,23,Médio
2018,11,2018-11-01,Nordeste,BA,Pantanal,183.41,6491.94,7,129.8,23.2,54309.27,28,Baixo
2018,11,2018-11-01,Nordeste,PE,Pampa,58.96,38857.99,18,130.3,26.2,12674.67,9,Médio
2018,11,2018-11-01,Nordeste,PE,Caatinga,25.52,23517.28,20,146.6,29.7,36350.07,6,Alto
2018,11,2018-11-01,Nordeste,CE,Cerrado,58.36,60593.8,16,138.8,30.9,83188.54,12,Alto
2018,11,2018-11-01,Nordeste,CE,Cerrado,16.14,26552.69,12,34.9,30.1,42931.98,24,Médio
2018,11,2018-11-01,Nordeste,MA,Mata Atlântica,50.34,34037.01,17,68.8,21.6,57681.47,25,Baixo
2018,11,2018-11-01,Nordeste,PB,Caatinga,8.33,60726.13,13,68.8,27.0,80300.57,12,Baixo
2018,11,2018-11-01,Centro-Oeste,DF,Cerrado,32.36,29486.34,13,158.1,25.3,22750.58,22,Médio
2018,11,2018-11-01,Centro-Oeste,GO,Pantanal,74.43,54062.68,14,98.7,29.5,57020.81,31,Crítico
2018,11,2018-11-01,Centro-Oeste,GO,Amazônia,46.63,65711.1,19,53.4,27.7,44544.44,4,Médio
2018,11,2018-11-01,Centro-Oeste,MT,Amazônia,34.07,38417.47,18,86.9,21.9,83201.62,26,Baixo
2018,11,2018-11-01,Centro-Oeste,MS,Caatinga,31.11,30951.16,13,106.0,30.7,29215.03,37,Alto
2018,11,2018-11-01,Sudeste,SP,Amazônia,62.09,29774.25,15,141.4,28.5,20516.36,23,Baixo
2018,11,2018-11-01,Sudeste,SP,Mata Atlântica,24.29,78757.43,18,114.8,28.6,68165.86,21,Baixo
2018,11,2018-11-01,Sudeste,SP,Pampa,90.74,55021.55,15,66.2,27.6,7479.75,9,Alto
2018,11,2018-11-01,Sudeste,RJ,Mata Atlântica,51.8,2416.45,13,68.4,24.6,89476.73,28,Médio
2018,11,2018-11-01,Sudeste,RJ,Caatinga,26.58,17928.36,20,53.0,29.3,9754.06,4,Alto
2018,11,2018-11-01,Sudeste,RJ,Amazônia,33.32,18350.54,19,70.9,22.5,88793.63,17,Alto
2018,11,2018-11-01,Sudeste,RJ,Pampa,15.33,16878.88,14,121.0,23.1,64644.31,38,Crítico
2018,11,2018-11-01,Sudeste,MG,Pampa,120.94,5120.48,11,60.8,22.7,27408.72,16,Médio
2018,11,2018-11-01,Sudeste,MG,Caatinga,117.8,32393.36,17,183.1,22.0,72547.38,10,Médio
2018,11,2018-11-01,Sudeste,MG,Mata Atlântica,80.33,70867.58,20,143.2,27.4,76627.99,24,Médio
2018,11,2018-11-01,Sudeste,ES,Caatinga,55.58,15507.89,16,76.5,24.0,62917.21,21,Alto
2018,11,2018-11-01,Sudeste,ES,Mata Atlântica,128.87,39718.22,13,111.4,29.7,59116.83,12,Médio
2018,11,2018-11-01,Sudeste,ES,Amazônia,116.39,27376.61,12,194.2,25.2,3462.8,28,Crítico
2018,11,2018-11-01,Sul,PR,Pantanal,156.98,74307.8,11,94.7,27.9,6544.25,23,Alto
2018,11,2018-11-01,Sul,PR,Pantanal,63.67,54254.31,18,40.6,28.2,63323.98,6,Alto
2018,11,2018-11-01,Sul,SC,Pampa,100.73,17811.33,13,77.5,27.3,56899.56,35,Baixo
2018,11,2018-11-01,Sul,SC,Cerrado,61.15,57740.49,8,129.4,27.5,45872.12,32,Médio
2018,11,2018-11-01,Sul,RS,Caatinga,65.74,69747.56,11,68.3,28.4,45607.09,35,Médio
2018,11,2018-11-01,Sul,RS,Amazônia,23.66,74539.25,23,44.8,28.0,65005.15,35,Médio
2018,12,2018-12-01,Norte,AM,Cerrado,41.68,78171.76,15,47.9,28.2,8050.5,32,Médio
2018,12,2018-12-01,Norte,PA,Cerrado,11.68,57633.19,14,159.2,30.1,78095.61,24,Alto
2018,12,2018-12-01,Norte,PA,Amazônia,26.81,70145.46,13,123.2,28.7,63121.37,5,Médio
2018,12,2018-12-01,Norte,RO,Cerrado,73.17,5632.12,18,131.6,26.1,14763.36,14,Alto
2018,12,2018-12-01,Norte,TO,Caatinga,12.97,76958.19,13,89.5,24.7,30061.49,28,Baixo
2018,12,2018-12-01,Nordeste,BA,Amazônia,39.88,55849.36,18,92.7,29.4,68337.74,20,Alto
2018,12,2018-12-01,Nordeste,BA,Pampa,178.34,38660.99,13,170.4,27.5,12841.72,32,Alto
2018,12,2018-12-01,Nordeste,PE,Pampa,36.14,33375.51,16,88.1,20.7,66931.43,9,Alto
2018,12,2018-12-01,Nordeste,PE,Mata Atlântica,35.51,36443.93,12,124.7,24.3,14223.41,37,Alto
2018,12,2018-12-01,Nordeste,CE,Cerrado,25.52,45234.73,12,139.3,23.8,52083.49,14,Baixo
2018,12,2018-12-01,Nordeste,CE,Mata Atlântica,29.2,60274.59,17,70.5,31.2,73624.96,26,Baixo
2018,12,2018-12-01,Nordeste,MA,Amazônia,65.76,5506.5,19,107.5,25.0,42271.42,18,Alto
2018,12,2018-12-01,Nordeste,PB,Pantanal,119.79,5841.71,11,24.4,27.8,66078.14,36,Médio
2018,12,2018-12-01,Centro-Oeste,DF,Cerrado,33.97,72208.94,14,68.4,30.5,38069.41,20,Médio
2018,12,2018-12-01,Centro-Oeste,GO,Caatinga,32.67,28774.86,13,78.0,27.1,33001.62,38,Médio
2018,12,2018-12-01,Centro-Oeste,GO,Amazônia,6.12,35889.23,15,67.8,18.6,81498.04,28,Médio
2018,12,2018-12-01,Centro-Oeste,MT,Pampa,79.94,75760.56,24,149.2,28.5,81800.72,34,Alto
2018,12,2018-12-01,Centro-Oeste,MS,Amazônia,162.17,57594.68,16,22.1,31.4,18231.27,37,Baixo
2018,12,2018-12-01,Sudeste,SP,Pantanal,8.47,68758.82,17,48.9,26.7,22001.84,36,Baixo
2018,12,2018-12-01,Sudeste,SP,Caatinga,93.29,54833.08,14,26.1,27.5,76060.75,29,Médio
2018,12,2018-12-01,Sudeste,SP,Cerrado,243.31,63570.05,16,30.4,30.3,77454.12,33,Alto
2018,12,2018-12-01,Sudeste,RJ,Pantanal,42.98,70623.8,17,32.6,23.6,42183.0,21,Crítico
2018,12,2018-12-01,Sudeste,RJ,Pampa,34.6,70707.8,13,143.5,24.9,46292.88,7,Crítico
2018,12,2018-12-01,Sudeste,RJ,Caatinga,169.08,38241.17,11,118.9,20.2,83714.17,24,Médio
2018,12,2018-12-01,Sudeste,RJ,Pampa,112.15,50326.1,14,46.2,24.3,47694.73,29,Crítico
2018,12,2018-12-01,Sudeste,MG,Caatinga,180.48,9020.47,16,29.3,23.3,7902.86,26,Médio
2018,12,2018-12-01,Sudeste,MG,Pantanal,88.17,40721.14,7,133.7,26.6,21399.05,14,Baixo
2018,12,2018-12-01,Sudeste,MG,Caatinga,141.99,8940.14,26,44.9,25.5,69280.56,30,Crítico
2018,12,2018-12-01,Sudeste,ES,Caatinga,114.51,60026.43,16,104.0,26.4,30917.79,27,Médio
2018,12,2018-12-01,Sudeste,ES,Mata Atlântica,114.34,1379.16,23,14.9,29.2,72460.25,8,Crítico
2018,12,2018-12-01,Sudeste,ES,Pantanal,102.52,42331.64,9,126.1,30.4,20893.96,2,Médio
2018,12,2018-12-01,Sul,PR,Amazônia,80.72,62236.65,9,111.8,31.0,75467.81,36,Crítico
2018,12,2018-12-01,Sul,PR,Cerrado,30.72,34737.58,16,44.7,26.8,65519.13,13,Alto
2018,12,2018-12-01,Sul,SC,Caatinga,33.03,36809.79,19,89.6,24.8,23468.94,6,Alto
2018,12,2018-12-01,Sul,SC,Caatinga,25.65,38111.6,12,70.2,23.6,17851.78,4,Crítico
2018,12,2018-12-01,Sul,RS,Mata Atlântica,95.06,52801.09,13,93.9,28.9,54537.02,2,Crítico
2018,12,2018-12-01,Sul,RS,Pampa,34.03,77116.8,15,86.8,24.9,46007.49,23,Baixo
2019,1,2019-01-01,Norte,AM,Cerrado,29.73,46922.46,18,177.5,27.9,16844.06,19,Médio
2019,1,2019-01-01,Norte,PA,Caatinga,17.05,68983.07,10,102.9,27.6,22401.62,27,Alto
2019,1,2019-01-01,Norte,PA,Pampa,42.3,52202.16,16,89.0,30.7,18073.78,29,Baixo
2019,1,2019-01-01,Norte,RO,Amazônia,12.46,57611.94,9,74.7,27.0,83946.2,22,Alto
2019,1,2019-01-01,Norte,TO,Mata Atlântica,20.67,70026.64,15,132.4,27.6,64739.91,19,Baixo
2019,1,2019-01-01,Nordeste,BA,Cerrado,114.2,53737.9,11,122.3,28.0,13891.15,32,Baixo
2019,1,2019-01-01,Nordeste,BA,Pampa,76.1,48751.3,15,112.5,27.5,38225.88,22,Crítico
2019,1,2019-01-01,Nordeste,PE,Cerrado,60.96,29866.32,19,162.7,26.7,62817.56,21,Médio
2019,1,2019-01-01,Nordeste,PE,Caatinga,55.64,72762.9,9,75.0,26.7,69118.77,29,Alto
2019,1,2019-01-01,Nordeste,CE,Pantanal,30.55,28934.84,19,98.7,25.4,31348.17,30,Crítico
2019,1,2019-01-01,Nordeste,CE,Caatinga,60.15,58669.42,15,132.6,31.0,22381.36,13,Médio
2019,1,2019-01-01,Nordeste,MA,Cerrado,41.72,7425.9,22,57.0,27.9,48591.23,23,Médio
2019,1,2019-01-01,Nordeste,PB,Cerrado,17.76,18977.69,18,120.9,31.7,17351.62,32,Crítico
2019,1,2019-01-01,Centro-Oeste,DF,Cerrado,103.34,67099.48,19,52.9,26.5,10755.03,5,Crítico
2019,1,2019-01-01,Centro-Oeste,GO,Pantanal,59.53,24901.71,12,78.2,24.9,88422.84,29,Baixo
2019,1,2019-01-01,Centro-Oeste,GO,Cerrado,90.87,78828.09,27,29.7,28.7,69020.43,2,Baixo
2019,1,2019-01-01,Centro-Oeste,MT,Pantanal,9.09,42751.7,22,74.1,30.5,87611.35,7,Baixo
2019,1,2019-01-01,Centro-Oeste,MS,Caatinga,72.15,17127.11,13,46.5,25.0,51213.75,7,Baixo
2019,1,2019-01-01,Sudeste,SP,Amazônia,68.64,28269.55,14,45.5,25.1,34011.05,21,Médio
2019,1,2019-01-01,Sudeste,SP,Amazônia,45.07,14869.56,22,68.9,28.2,88097.89,4,Médio
2019,1,2019-01-01,Sudeste,SP,Pampa,28.91,9701.33,17,47.8,34.8,64044.0,31,Baixo
2019,1,2019-01-01,Sudeste,RJ,Mata Atlântica,25.66,53656.01,21,130.0,26.7,62859.57,9,Alto
2019,1,2019-01-01,Sudeste,RJ,Pantanal,54.16,61519.81,16,60.1,23.5,38568.39,8,Crítico
2019,1,2019-01-01,Sudeste,RJ,Amazônia,114.64,56293.97,17,90.9,28.7,71412.97,12,Baixo
2019,1,2019-01-01,Sudeste,RJ,Caatinga,11.89,28911.46,9,70.5,27.8,9821.94,12,Médio
2019,1,2019-01-01,Sudeste,MG,Caatinga,39.96,58137.66,13,86.0,29.0,26231.94,21,Médio
2019,1,2019-01-01,Sudeste,MG,Amazônia,96.25,62109.09,16,91.6,29.6,43124.39,26,Crítico
2019,1,2019-01-01,Sudeste,MG,Cerrado,26.19,21303.63,17,108.0,23.7,6336.28,14,Crítico
2019,1,2019-01-01,Sudeste,ES,Caatinga,111.91,22503.88,18,122.5,26.5,76449.06,1,Médio
2019,1,2019-01-01,Sudeste,ES,Amazônia,46.93,45531.71,19,95.0,24.5,87005.09,30,Alto
2019,1,2019-01-01,Sudeste,ES,Caatinga,41.2,54475.16,19,51.2,27.7,2749.75,8,Crítico
2019,1,2019-01-01,Sul,PR,Amazônia,120.08,24442.01,21,94.3,27.5,50014.19,6,Crítico
2019,1,2019-01-01,Sul,PR,Caatinga,80.96,32316.22,18,141.2,22.4,9739.33,34,Crítico
2019,1,2019-01-01,Sul,SC,Amazônia,165.23,28897.91,16,39.1,28.1,47167.73,27,Alto
2019,1,2019-01-01,Sul,SC,Caatinga,23.57,70334.89,21,89.6,28.3,51315.94,7,Crítico
2019,1,2019-01-01,Sul,RS,Mata Atlântica,26.1,72871.71,20,159.5,32.4,80250.79,17,Médio
2019,1,2019-01-01,Sul,RS,Caatinga,138.99,65404.91,13,88.2,25.4,89152.1,39,Crítico
2019,2,2019-02-01,Norte,AM,Cerrado,66.48,13445.5,10,14.0,21.5,8078.03,13,Médio
2019,2,2019-02-01,Norte,PA,Amazônia,44.76,10537.48,19,98.2,26.4,72902.46,18,Médio
2019,2,2019-02-01,Norte,PA,Mata Atlântica,75.43,61908.17,21,80.2,28.0,3968.37,38,Médio
2019,2,2019-02-01,Norte,RO,Amazônia,60.41,61468.42,17,157.2,25.1,29438.94,7,Alto
2019,2,2019-02-01,Norte,TO,Caatinga,53.47,78759.06,19,72.5,27.6,26977.0,39,Alto
2019,2,2019-02-01,Nordeste,BA,Amazônia,72.85,47722.55,25,73.1,27.7,35044.61,36,Alto
2019,2,2019-02-01,Nordeste,BA,Pampa,107.49,74829.59,9,76.7,23.5,44886.32,26,Médio
2019,2,2019-02-01,Nordeste,PE,Pantanal,27.95,21137.22,13,23.2,30.3,21963.96,5,Alto
2019,2,2019-02-01,Nordeste,PE,Pampa,6.12,57413.03,19,54.5,30.6,20268.97,36,Baixo
2019,2,2019-02-01,Nordeste,CE,Amazônia,53.1,33662.53,20,85.3,30.7,24417.8,37,Alto
2019,2,2019-02-01,Nordeste,CE,Mata Atlântica,87.75,56586.07,17,33.8,23.8,9076.31,6,Crítico
2019,2,2019-02-01,Nordeste,MA,Cerrado,127.98,39813.86,20,34.4,31.0,43232.46,5,Baixo
2019,2,2019-02-01,Nordeste,PB,Amazônia,145.92,12632.76,9,99.9,24.1,79973.66,14,Médio
2019,2,2019-02-01,Centro-Oeste,DF,Mata Atlântica,160.5,26296.73,15,119.6,27.8,29843.3,23,Alto
2019,2,2019-02-01,Centro-Oeste,GO,Mata Atlântica,46.84,55810.91,13,48.8,28.0,20239.74,18,Baixo
2019,2,2019-02-01,Centro-Oeste,GO,Pampa,48.67,40446.7,16,65.0,30.3,42307.78,23,Crítico
2019,2,2019-02-01,Centro-Oeste,MT,Caatinga,18.54,52381.45,12,105.9,26.9,13192.42,39,Médio
2019,2,2019-02-01,Centro-Oeste,MS,Pampa,30.8,22180.58,15,20.6,29.3,10237.46,12,Médio
2019,2,2019-02-01,Sudeste,SP,Cerrado,79.8,37893.97,18,46.3,25.9,45733.36,9,Alto
2019,2,2019-02-01,Sudeste,SP,Pantanal,51.48,44939.25,12,87.8,25.4,3563.6,27,Médio
2019,2,2019-02-01,Sudeste,SP,Pampa,12.38,25460.25,20,126.0,35.3,44792.8,17,Alto
2019,2,2019-02-01,Sudeste,RJ,Mata Atlântica,152.73,1751.4,18,62.9,27.3,55991.32,23,Alto
2019,2,2019-02-01,Sudeste,RJ,Cerrado,20.48,23128.8,16,82.1,28.7,65831.62,19,Baixo
2019,2,2019-02-01,Sudeste,RJ,Mata Atlântica,103.66,56318.98,17,24.6,24.3,39206.52,19,Médio
2019,2,2019-02-01,Sudeste,RJ,Mata Atlântica,57.48,19953.06,18,77.5,25.2,78022.53,26,Alto
2019,2,2019-02-01,Sudeste,MG,Mata Atlântica,54.18,11833.02,19,14.6,23.6,9718.77,28,Médio
2019,2,2019-02-01,Sudeste,MG,Pantanal,180.29,42211.78,20,75.2,25.7,16883.5,37,Baixo
2019,2,2019-02-01,Sudeste,MG,Caatinga,14.46,63790.01,15,109.6,28.8,86664.05,11,Crítico
2019,2,2019-02-01,Sudeste,ES,Cerrado,49.31,68917.78,18,51.5,23.8,48758.42,34,Alto
2019,2,2019-02-01,Sudeste,ES,Pantanal,45.9,28478.71,22,157.6,30.1,54950.05,10,Crítico
2019,2,2019-02-01,Sudeste,ES,Amazônia,23.32,34090.12,15,35.1,31.7,9598.94,9,Crítico
2019,2,2019-02-01,Sul,PR,Pantanal,25.94,49607.09,15,68.5,20.3,59929.4,8,Alto
2019,2,2019-02-01,Sul,PR,Mata Atlântica,88.33,4284.21,10,88.7,25.6,41460.97,21,Crítico
2019,2,2019-02-01,Sul,SC,Pantanal,126.52,41599.69,8,37.9,32.9,24016.86,24,Médio
2019,2,2019-02-01,Sul,SC,Pantanal,64.57,9698.7,13,56.9,26.5,74280.4,12,Baixo
2019,2,2019-02-01,Sul,RS,Pantanal,14.37,64579.61,17,105.0,21.2,16130.13,5,Alto
2019,2,2019-02-01,Sul,RS,Pantanal,26.07,46308.32,11,134.7,24.1,35415.05,33,Baixo
2019,3,2019-03-01,Norte,AM,Mata Atlântica,95.69,77950.1,10,172.2,24.9,87051.01,8,Médio
2019,3,2019-03-01,Norte,PA,Mata Atlântica,6.15,3986.92,22,56.6,30.2,55707.35,9,Crítico
2019,3,2019-03-01,Norte,PA,Cerrado,36.92,78038.74,16,16.7,31.9,39528.6,11,Crítico
2019,3,2019-03-01,Norte,RO,Caatinga,162.16,68148.49,17,70.9,27.2,44334.46,10,Baixo
2019,3,2019-03-01,Norte,TO,Pantanal,27.94,1398.68,23,99.2,25.6,84405.28,24,Alto
2019,3,2019-03-01,Nordeste,BA,Pantanal,91.81,12950.72,13,88.7,27.7,9089.69,20,Baixo
2019,3,2019-03-01,Nordeste,BA,Pampa,48.99,67761.41,16,32.0,24.4,41816.47,1,Baixo
2019,3,2019-03-01,Nordeste,PE,Caatinga,68.79,45104.74,17,88.3,31.4,88065.75,23,Baixo
2019,3,2019-03-01,Nordeste,PE,Pampa,83.85,68175.14,15,66.8,19.4,51471.95,19,Alto
2019,3,2019-03-01,Nordeste,CE,Amazônia,5.11,68739.61,25,99.6,24.9,29527.23,19,Baixo
2019,3,2019-03-01,Nordeste,CE,Caatinga,21.26,55690.57,11,29.6,30.5,36386.02,32,Médio
2019,3,2019-03-01,Nordeste,MA,Cerrado,42.44,17564.42,16,100.5,22.1,28183.85,16,Baixo
2019,3,2019-03-01,Nordeste,PB,Amazônia,54.98,13732.72,23,31.3,21.1,60437.29,39,Crítico
2019,3,2019-03-01,Centro-Oeste,DF,Cerrado,27.14,38561.39,17,71.1,28.1,52893.86,36,Baixo
2019,3,2019-03-01,Centro-Oeste,GO,Pampa,141.81,15731.26,15,91.2,27.6,15555.01,15,Baixo
2019,3,2019-03-01,Centro-Oeste,GO,Pampa,39.52,54790.21,13,133.6,29.3,60688.5,11,Crítico
2019,3,2019-03-01,Centro-Oeste,MT,Pantanal,120.9,74685.29,13,68.4,29.3,39267.28,28,Médio
2019,3,2019-03-01,Centro-Oeste,MS,Pantanal,153.55,71361.9,16,143.3,29.8,74751.18,5,Médio
2019,3,2019-03-01,Sudeste,SP,Mata Atlântica,11.16,48528.51,14,121.8,29.2,40381.39,3,Médio
2019,3,2019-03-01,Sudeste,SP,Amazônia,16.01,65574.16,15,22.5,22.7,87625.67,14,Médio
2019,3,2019-03-01,Sudeste,SP,Amazônia,125.29,58401.38,10,38.3,26.6,76625.18,38,Alto
2019,3,2019-03-01,Sudeste,RJ,Cerrado,113.41,17927.08,16,5.1,24.8,44051.96,5,Crítico
2019,3,2019-03-01,Sudeste,RJ,Amazônia,32.79,49666.07,11,30.8,27.8,35764.82,7,Baixo
2019,3,2019-03-01,Sudeste,RJ,Mata Atlântica,59.37,53538.09,13,132.5,23.5,36794.6,26,Baixo
2019,3,2019-03-01,Sudeste,RJ,Caatinga,57.37,42728.13,18,70.3,27.4,60227.84,15,Médio
2019,3,2019-03-01,Sudeste,MG,Cerrado,23.66,3865.65,16,51.0,29.9,71387.04,25,Alto
2019,3,2019-03-01,Sudeste,MG,Amazônia,63.33,5493.51,18,72.4,33.9,62004.63,23,Baixo
2019,3,2019-03-01,Sudeste,MG,Cerrado,172.17,35780.64,8,125.1,27.4,87792.56,6,Alto
2019,3,2019-03-01,Sudeste,ES,Mata Atlântica,50.76,14990.3,26,27.7,23.3,85504.94,36,Alto
2019,3,2019-03-01,Sudeste,ES,Cerrado,205.09,21287.97,15,85.0,26.5,81228.89,17,Crítico
2019,3,2019-03-01,Sudeste,ES,Pantanal,47.71,79813.57,9,102.1,30.7,45691.66,25,Alto
2019,3,2019-03-01,Sul,PR,Amazônia,67.7,22533.38,15,151.9,30.1,12185.52,33,Baixo
2019,3,2019-03-01,Sul,PR,Cerrado,95.09,29699.25,22,83.6,28.0,75505.06,14,Baixo
2019,3,2019-03-01,Sul,SC,Mata Atlântica,13.68,6188.94,12,209.0,26.9,60436.4,16,Médio
2019,3,2019-03-01,Sul,SC,Amazônia,58.7,16443.63,13,24.0,25.9,8370.72,25,Crítico
2019,3,2019-03-01,Sul,RS,Mata Atlântica,38.4,7693.3,11,76.7,30.4,35772.95,29,Crítico
2019,3,2019-03-01,Sul,RS,Amazônia,38.04,38460.57,10,55.5,25.6,16355.18,37,Crítico
2019,4,2019-04-01,Norte,AM,Pampa,58.75,29159.59,13,150.7,23.4,78826.8,30,Crítico
2019,4,2019-04-01,Norte,PA,Cerrado,47.52,75930.11,18,79.7,25.0,52251.75,34,Médio
2019,4,2019-04-01,Norte,PA,Cerrado,93.98,20360.92,11,62.2,25.4,33730.24,13,Baixo
2019,4,2019-04-01,Norte,RO,Pampa,141.93,12387.29,14,83.3,23.4,31382.87,2,Médio
2019,4,2019-04-01,Norte,TO,Pampa,68.03,51289.55,20,100.2,25.7,46592.14,36,Baixo
2019,4,2019-04-01,Nordeste,BA,Mata Atlântica,197.67,57794.56,14,128.2,30.5,40810.63,14,Baixo
2019,4,2019-04-01,Nordeste,BA,Mata Atlântica,147.42,1409.3,21,54.7,29.8,23718.8,24,Baixo
2019,4,2019-04-01,Nordeste,PE,Pampa,86.04,2729.64,10,99.2,24.5,86625.65,12,Crítico
2019,4,2019-04-01,Nordeste,PE,Caatinga,48.73,56335.79,17,71.6,29.2,47992.77,24,Médio
2019,4,2019-04-01,Nordeste,CE,Amazônia,24.99,12406.96,15,115.8,30.1,54817.06,22,Baixo
2019,4,2019-04-01,Nordeste,CE,Caatinga,97.94,26355.85,16,45.7,30.2,60554.82,5,Alto
2019,4,2019-04-01,Nordeste,MA,Pampa,186.89,66794.04,14,162.9,30.5,29752.72,20,Alto
2019,4,2019-04-01,Nordeste,PB,Mata Atlântica,27.72,15234.31,14,172.6,26.1,29964.17,3,Crítico
2019,4,2019-04-01,Centro-Oeste,DF,Mata Atlântica,40.89,44608.95,20,68.9,29.0,74602.52,34,Baixo
2019,4,2019-04-01,Centro-Oeste,GO,Pantanal,67.84,23631.77,16,162.4,26.9,60511.17,27,Alto
2019,4,2019-04-01,Centro-Oeste,GO,Amazônia,21.22,15951.73,16,70.6,30.1,70671.57,27,Alto
2019,4,2019-04-01,Centro-Oeste,MT,Pampa,77.03,51435.75,17,112.7,22.9,7611.64,6,Baixo
2019,4,2019-04-01,Centro-Oeste,MS,Pantanal,45.73,58088.3,8,120.5,25.7,89658.95,34,Crítico
2019,4,2019-04-01,Sudeste,SP,Pantanal,25.18,76594.05,13,16.0,26.0,70911.21,23,Médio
2019,4,2019-04-01,Sudeste,SP,Amazônia,94.25,27650.18,17,10.3,26.8,36451.1,9,Médio
2019,4,2019-04-01,Sudeste,SP,Cerrado,57.28,23351.01,15,34.2,22.6,44462.22,11,Crítico
2019,4,2019-04-01,Sudeste,RJ,Cerrado,45.17,47789.09,10,62.1,31.9,20375.42,1,Médio
2019,4,2019-04-01,Sudeste,RJ,Pantanal,35.63,37902.11,17,120.2,29.9,35944.26,18,Crítico
2019,4,2019-04-01,Sudeste,RJ,Mata Atlântica,68.3,77787.48,10,44.5,23.1,13055.12,15,Médio
2019,4,2019-04-01,Sudeste,RJ,Mata Atlântica,25.86,30770.69,9,92.5,29.7,51732.46,20,Crítico
2019,4,2019-04-01,Sudeste,MG,Pampa,35.47,44040.45,16,97.1,31.5,38715.61,31,Médio
2019,4,2019-04-01,Sudeste,MG,Amazônia,30.75,64800.78,22,231.4,26.4,89039.74,27,Médio
2019,4,2019-04-01,Sudeste,MG,Caatinga,30.92,63854.44,24,57.0,28.6,39844.42,8,Crítico
2019,4,2019-04-01,Sudeste,ES,Caatinga,68.31,65881.8,15,46.5,27.7,18438.29,27,Alto
2019,4,2019-04-01,Sudeste,ES,Cerrado,168.97,11871.51,16,95.8,23.6,19248.74,24,Baixo
2019,4,2019-04-01,Sudeste,ES,Amazônia,71.98,46914.2,18,56.4,24.8,15480.34,27,Crítico
2019,4,2019-04-01,Sul,PR,Caatinga,36.87,58992.45,17,68.0,24.6,50712.16,27,Baixo
2019,4,2019-04-01,Sul,PR,Pantanal,40.83,33197.59,14,77.0,20.2,12399.34,6,Médio
2019,4,2019-04-01,Sul,SC,Mata Atlântica,96.36,1537.46,14,83.7,28.0,17984.41,3,Alto
2019,4,2019-04-01,Sul,SC,Caatinga,40.82,47157.68,17,52.1,27.0,64471.91,19,Baixo
2019,4,2019-04-01,Sul,RS,Mata Atlântica,65.86,8578.55,19,85.1,25.3,78561.8,12,Médio
2019,4,2019-04-01,Sul,RS,Pantanal,12.49,48187.38,23,119.6,24.7,21293.86,24,Crítico
2019,5,2019-05-01,Norte,AM,Pantanal,137.66,53565.72,14,42.5,25.6,79019.5,34,Médio
2019,5,2019-05-01,Norte,PA,Cerrado,26.79,58910.37,18,73.3,25.8,53983.96,16,Crítico
2019,5,2019-05-01,Norte,PA,Cerrado,103.38,77641.29,13,41.6,26.2,3709.27,20,Médio
2019,5,2019-05-01,Norte,RO,Mata Atlântica,31.39,10460.19,11,37.0,21.2,86065.14,10,Médio
2019,5,2019-05-01,Norte,TO,Mata Atlântica,99.4,54029.3,11,33.6,27.9,80110.39,30,Crítico
2019,5,2019-05-01,Nordeste,BA,Amazônia,122.95,73073.94,18,56.0,26.4,15446.99,20,Médio
2019,5,2019-05-01,Nordeste,BA,Pantanal,26.91,39513.74,13,123.0,26.6,20795.73,12,Alto
2019,5,2019-05-01,Nordeste,PE,Caatinga,92.8,12892.22,20,121.1,24.3,61999.68,30,Alto
2019,5,2019-05-01,Nordeste,PE,Cerrado,48.24,16648.56,13,228.1,26.0,8839.93,22,Baixo
2019,5,2019-05-01,Nordeste,CE,Mata Atlântica,11.92,28938.74,20,50.4,24.3,87365.15,31,Médio
2019,5,2019-05-01,Nordeste,CE,Cerrado,72.78,55974.77,17,158.0,28.3,89459.65,34,Crítico
2019,5,2019-05-01,Nordeste,MA,Pantanal,230.18,4451.19,17,59.9,27.5,23773.94,35,Médio
2019,5,2019-05-01,Nordeste,PB,Pampa,43.6,48029.55,15,106.5,27.5,31549.2,28,Crítico
2019,5,2019-05-01,Centro-Oeste,DF,Cerrado,188.08,37414.96,21,111.4,25.1,56783.79,2,Baixo
2019,5,2019-05-01,Centro-Oeste,GO,Pampa,33.19,58129.35,10,70.3,31.4,57692.41,25,Médio
2019,5,2019-05-01,Centro-Oeste,GO,Mata Atlântica,105.7,71267.99,11,155.8,27.2,38574.17,34,Alto
2019,5,2019-05-01,Centro-Oeste,MT,Cerrado,36.29,2627.1,8,35.8,24.9,89916.98,22,Baixo
2019,5,2019-05-01,Centro-Oeste,MS,Cerrado,39.49,29186.14,16,150.8,30.6,44255.65,33,Médio
2019,5,2019-05-01,Sudeste,SP,Caatinga,16.69,61184.97,15,67.3,32.6,8115.0,39,Alto
2019,5,2019-05-01,Sudeste,SP,Pampa,42.86,10186.23,18,60.3,27.6,26251.62,23,Crítico
2019,5,2019-05-01,Sudeste,SP,Cerrado,39.27,5714.56,22,79.1,25.7,77476.81,36,Médio
2019,5,2019-05-01,Sudeste,RJ,Cerrado,80.19,35161.76,13,68.0,26.9,48810.91,33,Baixo
2019,5,2019-05-01,Sudeste,RJ,Pantanal,11.52,16923.76,12,290.7,27.2,32825.2,27,Crítico
2019,5,2019-05-01,Sudeste,RJ,Pantanal,81.93,79752.31,8,56.2,29.6,56477.55,12,Alto
2019,5,2019-05-01,Sudeste,RJ,Cerrado,80.81,8302.11,17,214.5,28.4,2183.54,32,Crítico
2019,5,2019-05-01,Sudeste,MG,Mata Atlântica,61.91,54094.9,27,111.9,27.6,76094.19,12,Médio
2019,5,2019-05-01,Sudeste,MG,Pampa,24.89,30997.93,12,92.0,31.3,16538.25,7,Baixo
2019,5,2019-05-01,Sudeste,MG,Amazônia,77.36,75841.18,10,119.1,27.9,9398.7,28,Médio
2019,5,2019-05-01,Sudeste,ES,Pantanal,120.69,15591.29,16,182.9,25.4,33526.15,18,Alto
2019,5,2019-05-01,Sudeste,ES,Amazônia,120.18,13194.64,12,40.1,25.7,38250.44,38,Alto
2019,5,2019-05-01,Sudeste,ES,Pantanal,143.82,40262.27,9,88.0,27.4,8662.21,24,Crítico
2019,5,2019-05-01,Sul,PR,Pampa,69.28,15257.97,19,50.5,27.1,1491.89,7,Alto
2019,5,2019-05-01,Sul,PR,Caatinga,42.39,25904.18,13,117.6,26.4,31097.53,38,Médio
2019,5,2019-05-01,Sul,SC,Amazônia,57.18,23160.1,19,137.0,25.5,12025.74,5,Alto
2019,5,2019-05-01,Sul,SC,Pampa,39.06,65537.25,13,114.7,25.2,1903.05,11,Médio
2019,5,2019-05-01,Sul,RS,Caatinga,51.21,12103.18,23,85.7,30.2,56521.74,25,Médio
2019,5,2019-05-01,Sul,RS,Cerrado,15.32,6919.89,13,20.3,28.1,38494.52,26,Alto
2019,6,2019-06-01,Norte,AM,Pampa,7.38,44009.18,13,60.2,30.0,87063.58,37,Alto
2019,6,2019-06-01,Norte,PA,Mata Atlântica,132.48,46962.44,16,77.3,21.9,28483.08,34,Baixo
2019,6,2019-06-01,Norte,PA,Amazônia,61.72,79036.2,14,134.5,22.5,28960.77,3,Alto
2019,6,2019-06-01,Norte,RO,Pantanal,88.29,46454.75,17,47.7,25.6,48368.35,3,Crítico
2019,6,2019-06-01,Norte,TO,Pampa,44.96,75349.43,17,22.4,29.3,32670.78,25,Médio
2019,6,2019-06-01,Nordeste,BA,Pantanal,17.96,19663.96,19,15.1,23.3,85761.56,29,Médio
2019,6,2019-06-01,Nordeste,BA,Amazônia,47.42,77191.51,15,138.8,27.1,26295.42,18,Médio
2019,6,2019-06-01,Nordeste,PE,Pampa,35.34,31145.67,14,37.6,25.2,18498.1,26,Crítico
2019,6,2019-06-01,Nordeste,PE,Cerrado,45.13,12492.19,14,110.4,25.9,81824.92,21,Médio
2019,6,2019-06-01,Nordeste,CE,Cerrado,165.97,1598.49,15,73.4,26.9,77147.74,27,Alto
2019,6,2019-06-01,Nordeste,CE,Pantanal,15.02,9821.19,20,108.6,26.2,82531.43,16,Alto
2019,6,2019-06-01,Nordeste,MA,Amazônia,21.69,23276.51,19,64.4,24.6,32495.3,1,Médio
2019,6,2019-06-01,Nordeste,PB,Cerrado,121.72,59591.8,14,89.9,24.7,31279.1,19,Crítico
2019,6,2019-06-01,Centro-Oeste,DF,Pantanal,20.47,67243.72,14,55.4,24.9,70143.49,33,Alto
2019,6,2019-06-01,Centro-Oeste,GO,Pampa,75.31,25803.06,15,91.4,17.4,44416.98,16,Baixo
2019,6,2019-06-01,Centro-Oeste,GO,Cerrado,35.42,67098.24,11,148.5,21.8,3829.25,3,Médio
2019,6,2019-06-01,Centro-Oeste,MT,Mata Atlântica,172.83,41842.34,17,73.0,26.8,10144.26,9,Crítico
2019,6,2019-06-01,Centro-Oeste,MS,Mata Atlântica,236.55,44519.67,11,59.3,30.2,82144.71,16,Crítico
2019,6,2019-06-01,Sudeste,SP,Caatinga,100.05,48031.59,14,52.0,23.9,35388.0,23,Baixo
2019,6,2019-06-01,Sudeste,SP,Mata Atlântica,74.28,44800.11,19,166.9,25.4,67037.12,34,Médio
2019,6,2019-06-01,Sudeste,SP,Caatinga,55.84,65240.64,9,125.6,30.2,13275.72,31,Baixo
2019,6,2019-06-01,Sudeste,RJ,Cerrado,99.98,78071.54,12,17.4,28.2,71396.86,17,Alto
2019,6,2019-06-01,Sudeste,RJ,Caatinga,39.61,39749.83,8,78.3,28.4,68908.96,8,Alto
2019,6,2019-06-01,Sudeste,RJ,Pantanal,80.99,39936.39,14,44.4,30.0,50342.22,19,Alto
2019,6,2019-06-01,Sudeste,RJ,Amazônia,80.17,77426.36,6,136.5,24.3,46014.82,13,Médio
2019,6,2019-06-01,Sudeste,MG,Amazônia,214.04,60980.12,13,154.6,22.8,71227.18,23,Médio
2019,6,2019-06-01,Sudeste,MG,Pantanal,102.38,6841.08,11,75.3,32.6,88842.64,24,Baixo
2019,6,2019-06-01,Sudeste,MG,Cerrado,60.27,61089.89,8,193.5,26.5,65363.81,27,Crítico
2019,6,2019-06-01,Sudeste,ES,Mata Atlântica,69.51,31879.88,16,57.2,23.4,58964.25,18,Crítico
2019,6,2019-06-01,Sudeste,ES,Pantanal,89.72,17220.81,19,69.6,35.9,89846.01,30,Alto
2019,6,2019-06-01,Sudeste,ES,Cerrado,198.23,62099.79,14,97.8,25.7,38528.7,8,Baixo
2019,6,2019-06-01,Sul,PR,Pantanal,88.09,20993.48,14,44.6,30.9,63777.35,2,Alto
2019,6,2019-06-01,Sul,PR,Pantanal,69.24,25312.21,10,59.1,24.5,57632.48,39,Crítico
2019,6,2019-06-01,Sul,SC,Amazônia,48.07,56907.23,9,31.4,26.3,87733.72,17,Médio
2019,6,2019-06-01,Sul,SC,Amazônia,173.32,14560.24,17,48.7,25.9,51603.0,14,Crítico
2019,6,2019-06-01,Sul,RS,Cerrado,36.07,21728.41,11,101.5,31.8,65802.03,35,Alto
2019,6,2019-06-01,Sul,RS,Cerrado,116.42,27001.42,21,71.5,24.0,58383.05,19,Baixo
2019,7,2019-07-01,Norte,AM,Cerrado,188.32,67539.15,20,87.9,27.0,48050.34,37,Crítico
2019,7,2019-07-01,Norte,PA,Amazônia,100.99,8586.94,14,62.7,34.7,44926.12,32,Alto
2019,7,2019-07-01,Norte,PA,Pantanal,37.47,26058.21,13,49.0,24.5,70242.1,7,Baixo
2019,7,2019-07-01,Norte,RO,Pantanal,156.88,45947.26,17,46.1,28.7,31075.7,28,Baixo
2019,7,2019-07-01,Norte,TO,Caatinga,33.93,37399.2,16,119.8,23.7,34616.67,33,Crítico
2019,7,2019-07-01,Nordeste,BA,Pantanal,86.16,64332.87,13,143.1,30.0,25327.51,38,Crítico
2019,7,2019-07-01,Nordeste,BA,Pampa,24.33,54859.95,18,46.2,30.6,4622.9,23,Baixo
2019,7,2019-07-01,Nordeste,PE,Caatinga,129.48,70870.36,18,76.3,28.2,24748.14,10,Alto
2019,7,2019-07-01,Nordeste,PE,Mata Atlântica,59.93,49890.01,15,62.4,24.4,47053.55,18,Crítico
2019,7,2019-07-01,Nordeste,CE,Amazônia,38.83,50048.16,19,98.6,26.1,23926.11,28,Baixo
2019,7,2019-07-01,Nordeste,CE,Cerrado,3.98,58955.61,12,132.8,27.2,71415.74,23,Baixo
2019,7,2019-07-01,Nordeste,MA,Pantanal,182.13,47310.64,21,193.7,23.2,25088.79,23,Baixo
2019,7,2019-07-01,Nordeste,PB,Cerrado,28.17,60175.3,16,58.0,23.4,31285.22,2,Baixo
2019,7,2019-07-01,Centro-Oeste,DF,Pampa,27.61,23655.05,9,40.7,29.0,77512.4,21,Baixo
2019,7,2019-07-01,Centro-Oeste,GO,Pampa,31.04,54757.01,13,100.2,28.3,51797.58,20,Alto
2019,7,2019-07-01,Centro-Oeste,GO,Cerrado,116.56,1722.99,19,109.3,28.6,72003.14,32,Alto
2019,7,2019-07-01,Centro-Oeste,MT,Amazônia,145.69,32544.83,11,30.6,28.7,52394.83,3,Médio
2019,7,2019-07-01,Centro-Oeste,MS,Amazônia,19.28,28690.62,15,107.9,27.1,9923.22,4,Alto
2019,7,2019-07-01,Sudeste,SP,Pampa,97.8,63644.06,10,135.8,28.2,30421.67,36,Médio
2019,7,2019-07-01,Sudeste,SP,Cerrado,86.24,26834.95,9,81.7,28.4,3006.77,20,Baixo
2019,7,2019-07-01,Sudeste,SP,Amazônia,37.9,33518.68,13,148.7,28.0,83408.34,23,Crítico
2019,7,2019-07-01,Sudeste,RJ,Cerrado,79.99,58020.0,13,50.5,26.3,24095.47,29,Médio
2019,7,2019-07-01,Sudeste,RJ,Mata Atlântica,63.58,33652.07,13,171.8,26.2,29670.2,32,Crítico
2019,7,2019-07-01,Sudeste,RJ,Pantanal,58.26,24267.32,25,142.6,25.4,61003.43,4,Alto
2019,7,2019-07-01,Sudeste,RJ,Caatinga,14.36,78065.3,9,124.6,27.1,25507.26,38,Alto
2019,7,2019-07-01,Sudeste,MG,Cerrado,87.7,54618.45,13,107.7,30.5,67121.58,23,Alto
2019,7,2019-07-01,Sudeste,MG,Cerrado,57.91,11524.29,12,200.6,26.2,32701.58,14,Baixo
2019,7,2019-07-01,Sudeste,MG,Pantanal,44.11,24933.55,18,46.7,27.0,44173.09,14,Alto
2019,7,2019-07-01,Sudeste,ES,Caatinga,55.19,68237.05,7,90.1,24.4,86607.01,10,Alto
2019,7,2019-07-01,Sudeste,ES,Pantanal,101.24,40441.4,15,121.3,26.4,71536.96,25,Baixo
2019,7,2019-07-01,Sudeste,ES,Pampa,33.5,73493.19,15,67.7,23.3,12423.85,27,Médio
2019,7,2019-07-01,Sul,PR,Amazônia,103.94,12552.38,15,76.1,27.8,46401.49,35,Alto
2019,7,2019-07-01,Sul,PR,Pampa,91.58,19718.39,14,57.3,21.4,69130.65,30,Alto
2019,7,2019-07-01,Sul,SC,Pantanal,98.85,64050.89,14,142.1,26.4,56973.96,8,Baixo
2019,7,2019-07-01,Sul,SC,Caatinga,134.94,25949.54,17,102.8,25.6,47518.53,8,Crítico
2019,7,2019-07-01,Sul,RS,Pampa,13.94,59981.62,9,58.0,26.2,60238.65,14,Crítico
2019,7,2019-07-01,Sul,RS,Cerrado,12.05,25404.24,14,98.8,27.6,47333.69,19,Baixo
2019,8,2019-08-01,Norte,AM,Mata Atlântica,32.73,14714.35,10,17.3,26.8,62610.77,21,Alto
2019,8,2019-08-01,Norte,PA,Caatinga,59.51,39884.26,9,39.8,36.4,39385.46,36,Médio
2019,8,2019-08-01,Norte,PA,Caatinga,139.12,37365.65,17,131.6,24.5,11985.32,3,Baixo
2019,8,2019-08-01,Norte,RO,Pantanal,67.09,71796.25,13,153.7,28.3,58105.95,16,Médio
2019,8,2019-08-01,Norte,TO,Mata Atlântica,61.96,49039.23,12,197.1,20.5,66595.32,24,Baixo
2019,8,2019-08-01,Nordeste,BA,Cerrado,84.8,42762.85,19,121.0,26.7,22943.26,17,Crítico
2019,8,2019-08-01,Nordeste,BA,Amazônia,43.48,76366.49,15,137.5,26.9,57835.2,27,Alto
2019,8,2019-08-01,Nordeste,PE,Cerrado,110.35,43988.4,17,111.4,34.3,4240.18,25,Alto
2019,8,2019-08-01,Nordeste,PE,Caatinga,30.89,12560.27,19,51.2,26.5,37795.43,33,Médio
2019,8,2019-08-01,Nordeste,CE,Amazônia,120.88,14617.44,21,109.8,31.5,47927.73,13,Alto
2019,8,2019-08-01,Nordeste,CE,Pantanal,24.39,11501.37,18,53.6,29.5,28279.19,9,Médio
2019,8,2019-08-01,Nordeste,MA,Mata Atlântica,184.54,51889.23,12,95.8,23.6,19133.42,39,Médio
2019,8,2019-08-01,Nordeste,PB,Pantanal,81.45,76239.82,12,103.1,23.4,25392.81,1,Crítico
2019,8,2019-08-01,Centro-Oeste,DF,Pampa,168.42,20446.32,11,112.5,21.9,24121.94,15,Alto
2019,8,2019-08-01,Centro-Oeste,GO,Amazônia,38.69,39054.91,14,137.6,28.5,3186.01,8,Médio
2019,8,2019-08-01,Centro-Oeste,GO,Caatinga,30.31,38440.32,15,105.7,25.6,67082.77,39,Alto
2019,8,2019-08-01,Centro-Oeste,MT,Amazônia,90.94,17996.75,13,62.3,29.8,13196.44,24,Baixo
2019,8,2019-08-01,Centro-Oeste,MS,Caatinga,77.39,53169.69,20,52.9,31.1,21758.65,39,Crítico
2019,8,2019-08-01,Sudeste,SP,Caatinga,113.03,33038.11,15,157.7,23.0,22281.96,23,Médio
2019,8,2019-08-01,Sudeste,SP,Pantanal,32.9,2613.57,10,51.5,22.3,19848.92,21,Alto
2019,8,2019-08-01,Sudeste,SP,Pampa,39.94,44777.41,21,25.4,26.9,39659.76,31,Baixo
2019,8,2019-08-01,Sudeste,RJ,Pantanal,46.49,32388.41,11,42.6,27.6,35748.05,11,Alto
2019,8,2019-08-01,Sudeste,RJ,Cerrado,37.89,20133.65,13,55.7,23.8,28027.01,29,Baixo
2019,8,2019-08-01,Sudeste,RJ,Cerrado,8.33,35921.99,13,80.7,34.9,59175.23,24,Baixo
2019,8,2019-08-01,Sudeste,RJ,Pampa,19.24,2108.44,15,53.2,25.1,46246.25,7,Crítico
2019,8,2019-08-01,Sudeste,MG,Mata Atlântica,71.35,2950.24,18,73.7,31.5,9748.64,1,Baixo
2019,8,2019-08-01,Sudeste,MG,Pampa,15.82,52009.38,10,123.5,29.9,32797.4,7,Médio
2019,8,2019-08-01,Sudeste,MG,Mata Atlântica,109.73,77440.25,13,28.8,26.9,73839.64,15,Médio
2019,8,2019-08-01,Sudeste,ES,Pampa,87.39,41028.86,15,99.6,27.2,41848.13,34,Crítico
2019,8,2019-08-01,Sudeste,ES,Pantanal,100.2,71964.98,19,65.5,22.2,76899.27,4,Crítico
2019,8,2019-08-01,Sudeste,ES,Pantanal,50.1,37444.41,9,46.2,27.3,85717.41,24,Médio
2019,8,2019-08-01,Sul,PR,Cerrado,147.17,53187.03,20,52.5,28.1,25219.8,18,Crítico
2019,8,2019-08-01,Sul,PR,Amazônia,114.38,40150.0,16,138.0,27.5,6061.2,13,Baixo
2019,8,2019-08-01,Sul,SC,Amazônia,114.59,41636.86,18,71.0,24.3,11629.81,7,Crítico
2019,8,2019-08-01,Sul,SC,Pampa,112.33,61430.82,15,56.2,27.1,41067.29,26,Alto
2019,8,2019-08-01,Sul,RS,Cerrado,61.88,27571.9,7,59.1,33.9,41743.56,5,Médio
2019,8,2019-08-01,Sul,RS,Cerrado,10.85,5795.92,12,58.1,27.7,57812.13,24,Alto
2019,9,2019-09-01,Norte,AM,Mata Atlântica,17.68,9385.49,13,108.7,25.4,18934.57,4,Alto
2019,9,2019-09-01,Norte,PA,Pantanal,105.0,37829.16,15,46.6,30.6,10917.77,39,Alto
2019,9,2019-09-01,Norte,PA,Amazônia,70.84,14316.18,6,65.0,28.9,14532.73,26,Médio
2019,9,2019-09-01,Norte,RO,Amazônia,100.94,13110.55,14,132.4,24.7,16244.11,14,Médio
2019,9,2019-09-01,Norte,TO,Cerrado,100.91,77366.11,16,226.3,25.8,52761.68,13,Médio
2019,9,2019-09-01,Nordeste,BA,Pampa,88.25,60538.76,20,8.1,25.0,48201.65,25,Médio
2019,9,2019-09-01,Nordeste,BA,Amazônia,21.13,48521.63,23,83.3,25.5,66718.74,5,Baixo
2019,9,2019-09-01,Nordeste,PE,Pampa,36.5,53925.13,12,93.0,27.1,66209.01,37,Alto
2019,9,2019-09-01,Nordeste,PE,Mata Atlântica,14.85,41172.07,24,230.8,27.0,50313.13,26,Médio
2019,9,2019-09-01,Nordeste,CE,Pantanal,91.17,59300.39,14,24.7,26.4,66462.83,9,Baixo
2019,9,2019-09-01,Nordeste,CE,Amazônia,28.05,23767.34,14,95.5,22.4,82476.1,35,Baixo
2019,9,2019-09-01,Nordeste,MA,Pampa,47.16,55520.73,14,61.6,27.2,55236.04,3,Crítico
2019,9,2019-09-01,Nordeste,PB,Pampa,127.29,61694.27,15,8.0,24.0,85373.38,25,Crítico
2019,9,2019-09-01,Centro-Oeste,DF,Mata Atlântica,32.7,35252.76,9,63.2,30.9,15309.6,18,Baixo
2019,9,2019-09-01,Centro-Oeste,GO,Cerrado,46.79,63633.54,12,109.8,29.3,8983.86,25,Alto
2019,9,2019-09-01,Centro-Oeste,GO,Pantanal,38.59,60279.01,11,67.2,22.9,18581.92,26,Baixo
2019,9,2019-09-01,Centro-Oeste,MT,Cerrado,71.07,63403.76,16,75.8,19.1,20479.07,32,Médio
2019,9,2019-09-01,Centro-Oeste,MS,Mata Atlântica,3.17,26157.83,17,134.9,28.7,54406.85,14,Crítico
2019,9,2019-09-01,Sudeste,SP,Mata Atlântica,21.54,20434.72,17,17.8,28.6,50854.78,5,Médio
2019,9,2019-09-01,Sudeste,SP,Mata Atlântica,86.34,39999.0,14,117.5,31.6,68866.62,11,Médio
2019,9,2019-09-01,Sudeste,SP,Caatinga,92.44,41901.39,12,77.4,30.9,70530.36,34,Alto
2019,9,2019-09-01,Sudeste,RJ,Mata Atlântica,44.92,9315.6,18,184.0,25.3,30480.39,10,Crítico
2019,9,2019-09-01,Sudeste,RJ,Cerrado,163.14,71437.21,16,85.6,27.3,70648.61,38,Médio
2019,9,2019-09-01,Sudeste,RJ,Mata Atlântica,43.09,21377.53,17,144.1,27.2,79890.92,35,Baixo
2019,9,2019-09-01,Sudeste,RJ,Mata Atlântica,1.68,5193.83,16,44.9,25.3,78873.7,16,Alto
2019,9,2019-09-01,Sudeste,MG,Cerrado,99.99,23988.52,21,103.3,28.4,5808.41,11,Alto
2019,9,2019-09-01,Sudeste,MG,Caatinga,23.29,77720.12,4,24.7,33.1,48519.93,1,Médio
2019,9,2019-09-01,Sudeste,MG,Caatinga,84.37,37064.52,9,182.0,29.5,65212.34,30,Médio
2019,9,2019-09-01,Sudeste,ES,Pantanal,220.2,60588.89,10,148.5,29.5,50955.2,27,Alto
2019,9,2019-09-01,Sudeste,ES,Pampa,13.42,63534.95,14,28.5,30.7,79035.63,3,Crítico
2019,9,2019-09-01,Sudeste,ES,Mata Atlântica,23.29,70804.87,14,124.2,25.0,12293.96,36,Alto
2019,9,2019-09-01,Sul,PR,Caatinga,62.4,22197.77,11,34.5,28.9,27471.62,22,Médio
2019,9,2019-09-01,Sul,PR,Pampa,60.05,3397.2,13,108.7,24.1,39643.93,9,Médio
2019,9,2019-09-01,Sul,SC,Pampa,107.11,59903.64,16,77.2,32.0,56675.43,38,Alto
2019,9,2019-09-01,Sul,SC,Pampa,34.21,39389.84,20,126.7,25.0,75122.29,38,Baixo
2019,9,2019-09-01,Sul,RS,Mata Atlântica,136.64,25329.37,9,45.0,25.8,43017.05,30,Baixo
2019,9,2019-09-01,Sul,RS,Amazônia,18.01,44838.0,12,64.2,26.4,74530.7,29,Alto
2019,10,2019-10-01,Norte,AM,Amazônia,34.98,70459.61,16,139.1,33.2,31760.12,12,Crítico
2019,10,2019-10-01,Norte,PA,Pampa,79.74,71284.48,17,66.1,26.9,16434.52,7,Médio
2019,10,2019-10-01,Norte,PA,Mata Atlântica,3.17,77840.51,14,69.3,29.4,29833.06,18,Baixo
2019,10,2019-10-01,Norte,RO,Pampa,75.67,75831.06,21,44.4,22.2,24592.57,6,Alto
2019,10,2019-10-01,Norte,TO,Pampa,195.36,53360.56,13,42.0,22.5,65042.06,14,Alto
2019,10,2019-10-01,Nordeste,BA,Mata Atlântica,52.18,59924.36,14,69.6,24.4,53981.45,19,Crítico
2019,10,2019-10-01,Nordeste,BA,Amazônia,88.35,35931.01,15,64.2,33.0,7716.45,24,Alto
2019,10,2019-10-01,Nordeste,PE,Amazônia,56.2,15767.83,18,69.3,28.9,43303.03,22,Médio
2019,10,2019-10-01,Nordeste,PE,Mata Atlântica,117.45,52518.32,12,97.5,27.0,58410.69,34,Crítico
2019,10,2019-10-01,Nordeste,CE,Pantanal,16.97,51581.75,13,91.4,26.2,9736.18,3,Alto
2019,10,2019-10-01,Nordeste,CE,Amazônia,113.8,47352.19,10,88.7,35.8,59093.94,1,Baixo
2019,10,2019-10-01,Nordeste,MA,Pantanal,68.71,4556.29,14,100.1,26.6,87799.97,20,Alto
2019,10,2019-10-01,Nordeste,PB,Amazônia,64.07,73406.4,12,75.3,27.4,8073.76,30,Alto
2019,10,2019-10-01,Centro-Oeste,DF,Caatinga,40.31,68629.93,22,35.9,28.6,62922.76,13,Baixo
2019,10,2019-10-01,Centro-Oeste,GO,Amazônia,74.38,41763.02,15,174.1,22.9,42407.76,33,Crítico
2019,10,2019-10-01,Centro-Oeste,GO,Caatinga,50.88,11234.18,9,45.1,28.2,46568.27,20,Crítico
2019,10,2019-10-01,Centro-Oeste,MT,Pantanal,26.98,71559.9,18,205.3,28.7,79120.82,6,Baixo
2019,10,2019-10-01,Centro-Oeste,MS,Amazônia,173.02,33183.18,9,213.7,27.9,37253.35,25,Baixo
2019,10,2019-10-01,Sudeste,SP,Caatinga,21.38,67017.36,17,134.9,26.6,65119.14,13,Baixo
2019,10,2019-10-01,Sudeste,SP,Pantanal,65.96,75234.82,13,39.9,27.2,67802.54,13,Crítico
2019,10,2019-10-01,Sudeste,SP,Caatinga,45.58,6971.36,14,72.5,22.9,32721.91,3,Crítico
2019,10,2019-10-01,Sudeste,RJ,Cerrado,56.13,1361.15,17,42.6,26.9,74887.3,9,Médio
2019,10,2019-10-01,Sudeste,RJ,Pantanal,24.85,26574.87,13,96.8,33.2,19499.03,31,Médio
2019,10,2019-10-01,Sudeste,RJ,Cerrado,14.46,26415.52,12,181.8,23.5,12330.85,13,Baixo
2019,10,2019-10-01,Sudeste,RJ,Caatinga,79.8,31647.02,14,23.5,25.9,26720.55,17,Alto
2019,10,2019-10-01,Sudeste,MG,Pantanal,42.37,64891.81,15,92.3,24.9,14395.05,15,Crítico
2019,10,2019-10-01,Sudeste,MG,Pantanal,81.33,28127.85,15,51.4,26.2,69423.15,24,Crítico
2019,10,2019-10-01,Sudeste,MG,Caatinga,35.17,31371.79,25,19.7,21.9,13352.19,13,Baixo
2019,10,2019-10-01,Sudeste,ES,Caatinga,79.81,51699.12,21,137.5,26.5,57001.94,24,Alto
2019,10,2019-10-01,Sudeste,ES,Pantanal,14.75,41435.16,12,89.6,26.4,69075.73,39,Crítico
2019,10,2019-10-01,Sudeste,ES,Caatinga,12.7,44843.14,11,101.3,27.8,37340.04,2,Crítico
2019,10,2019-10-01,Sul,PR,Mata Atlântica,42.23,17560.94,15,258.9,28.7,82352.05,16,Alto
2019,10,2019-10-01,Sul,PR,Pantanal,17.21,32925.92,6,108.9,23.6,72361.83,17,Médio
2019,10,2019-10-01,Sul,SC,Amazônia,7.16,74185.59,20,50.8,33.6,88674.25,30,Crítico
2019,10,2019-10-01,Sul,SC,Caatinga,69.63,48431.55,19,47.8,26.8,36342.3,28,Crítico
2019,10,2019-10-01,Sul,RS,Pampa,181.9,22772.73,18,162.3,21.6,8318.48,9,Alto
2019,10,2019-10-01,Sul,RS,Caatinga,213.92,35248.34,20,75.1,23.5,35158.29,33,Baixo
2019,11,2019-11-01,Norte,AM,Pantanal,27.68,29074.06,13,89.7,24.0,12713.84,24,Médio
2019,11,2019-11-01,Norte,PA,Caatinga,108.21,15928.79,15,79.1,26.4,64234.03,38,Alto
2019,11,2019-11-01,Norte,PA,Caatinga,41.8,70708.39,10,177.4,26.4,5375.65,7,Baixo
2019,11,2019-11-01,Norte,RO,Mata Atlântica,49.66,54000.3,15,75.6,27.3,9379.25,2,Baixo
2019,11,2019-11-01,Norte,TO,Mata Atlântica,42.58,50992.04,13,81.6,27.2,52449.61,15,Alto
2019,11,2019-11-01,Nordeste,BA,Mata Atlântica,78.92,58190.95,16,52.2,22.0,32060.24,1,Alto
2019,11,2019-11-01,Nordeste,BA,Caatinga,114.92,49071.54,14,30.5,24.9,75486.17,23,Baixo
2019,11,2019-11-01,Nordeste,PE,Pampa,26.13,4044.32,11,98.9,30.6,77935.41,10,Médio
2019,11,2019-11-01,Nordeste,PE,Cerrado,189.84,50359.6,12,111.0,30.6,77561.77,27,Médio
2019,11,2019-11-01,Nordeste,CE,Pantanal,93.92,17978.48,16,216.7,24.1,22464.72,34,Médio
2019,11,2019-11-01,Nordeste,CE,Amazônia,73.04,11113.32,14,78.2,29.2,67455.71,4,Crítico
2019,11,2019-11-01,Nordeste,MA,Mata Atlântica,61.71,37959.91,9,14.9,26.4,56835.36,2,Crítico
2019,11,2019-11-01,Nordeste,PB,Mata Atlântica,43.95,52705.52,18,61.7,27.5,72253.96,31,Médio
2019,11,2019-11-01,Centro-Oeste,DF,Pampa,37.61,79533.01,10,52.4,33.9,8241.3,10,Baixo
2019,11,2019-11-01,Centro-Oeste,GO,Pantanal,75.51,43861.06,16,64.5,27.6,48780.42,4,Alto
2019,11,2019-11-01,Centro-Oeste,GO,Caatinga,32.78,60207.03,14,54.7,24.7,66226.06,27,Crítico
2019,11,2019-11-01,Centro-Oeste,MT,Amazônia,117.17,26124.72,19,44.0,24.1,51345.5,5,Crítico
2019,11,2019-11-01,Centro-Oeste,MS,Pampa,52.13,73136.07,14,53.2,28.5,23787.93,9,Médio
2019,11,2019-11-01,Sudeste,SP,Caatinga,34.77,70229.7,19,95.3,31.0,1296.53,29,Baixo
2019,11,2019-11-01,Sudeste,SP,Pantanal,62.61,17491.26,13,285.3,30.2,17302.75,3,Crítico
2019,11,2019-11-01,Sudeste,SP,Amazônia,48.97,39872.57,13,6.8,23.4,6209.8,21,Crítico
2019,11,2019-11-01,Sudeste,RJ,Amazônia,14.08,29126.95,15,125.8,25.8,71387.04,15,Crítico
2019,11,2019-11-01,Sudeste,RJ,Pantanal,112.7,77253.13,16,82.0,23.2,48328.25,3,Alto
2019,11,2019-11-01,Sudeste,RJ,Pampa,53.29,79540.22,15,157.3,28.6,48062.34,27,Baixo
2019,11,2019-11-01,Sudeste,RJ,Caatinga,69.37,12663.34,13,70.8,26.4,13072.39,31,Baixo
2019,11,2019-11-01,Sudeste,MG,Pantanal,57.05,74163.15,17,54.0,25.7,30905.81,28,Crítico
2019,11,2019-11-01,Sudeste,MG,Amazônia,89.7,59605.13,18,231.6,37.1,19804.53,26,Crítico
2019,11,2019-11-01,Sudeste,MG,Mata Atlântica,127.14,60870.82,13,48.8,32.7,20701.99,13,Alto
2019,11,2019-11-01,Sudeste,ES,Pampa,47.63,10565.95,16,199.7,25.7,9552.14,32,Baixo
2019,11,2019-11-01,Sudeste,ES,Cerrado,23.1,53014.35,16,132.5,27.8,53782.49,33,Baixo
2019,11,2019-11-01,Sudeste,ES,Mata Atlântica,116.09,31527.93,12,74.7,25.4,10368.47,32,Crítico
2019,11,2019-11-01,Sul,PR,Cerrado,45.9,63377.18,13,231.9,30.1,7010.73,27,Alto
2019,11,2019-11-01,Sul,PR,Pampa,70.86,23840.68,11,119.3,28.7,87673.66,19,Crítico
2019,11,2019-11-01,Sul,SC,Amazônia,42.24,48674.04,11,53.2,34.0,84018.9,26,Crítico
2019,11,2019-11-01,Sul,SC,Pantanal,125.07,11728.16,12,52.2,29.3,8313.54,9,Alto
2019,11,2019-11-01,Sul,RS,Pampa,103.11,78020.88,12,80.6,24.1,33074.79,35,Baixo
2019,11,2019-11-01,Sul,RS,Cerrado,16.64,29934.22,15,43.3,26.6,63960.79,18,Crítico
2019,12,2019-12-01,Norte,AM,Pantanal,106.06,54045.64,13,72.8,29.5,44698.6,15,Alto
2019,12,2019-12-01,Norte,PA,Pampa,57.38,48766.92,16,89.9,24.0,87740.93,23,Crítico
2019,12,2019-12-01,Norte,PA,Pampa,60.37,62917.43,17,57.4,31.3,28822.82,21,Crítico
2019,12,2019-12-01,Norte,RO,Mata Atlântica,83.6,33359.11,20,137.0,28.8,48925.15,29,Baixo
2019,12,2019-12-01,Norte,TO,Caatinga,75.83,19180.41,14,37.6,26.2,89385.95,13,Alto
2019,12,2019-12-01,Nordeste,BA,Cerrado,124.06,37119.76,13,47.1,25.7,57739.95,34,Crítico
2019,12,2019-12-01,Nordeste,BA,Pantanal,57.09,64908.72,11,144.6,25.8,35870.19,8,Crítico
2019,12,2019-12-01,Nordeste,PE,Amazônia,40.28,61075.29,13,33.6,23.4,10817.83,22,Crítico
2019,12,2019-12-01,Nordeste,PE,Pampa,23.23,59853.56,20,96.9,28.7,33809.08,32,Baixo
2019,12,2019-12-01,Nordeste,CE,Amazônia,42.5,54686.28,10,140.8,26.5,3228.78,29,Crítico
2019,12,2019-12-01,Nordeste,CE,Amazônia,5.51,36218.74,16,107.8,22.2,78486.16,20,Baixo
2019,12,2019-12-01,Nordeste,MA,Pantanal,64.31,42932.98,16,35.8,33.2,58082.3,38,Crítico
2019,12,2019-12-01,Nordeste,PB,Cerrado,126.16,68241.85,18,35.6,23.2,83810.23,17,Crítico
2019,12,2019-12-01,Centro-Oeste,DF,Pampa,21.05,72291.4,19,81.9,20.1,3716.28,14,Crítico
2019,12,2019-12-01,Centro-Oeste,GO,Pantanal,32.48,67890.52,18,61.0,25.7,73517.33,32,Alto
2019,12,2019-12-01,Centro-Oeste,GO,Mata Atlântica,78.84,74778.7,12,19.3,28.1,49544.53,24,Baixo
2019,12,2019-12-01,Centro-Oeste,MT,Caatinga,70.44,63410.53,19,206.9,26.4,77270.86,8,Médio
2019,12,2019-12-01,Centro-Oeste,MS,Mata Atlântica,100.01,38269.83,21,142.0,32.4,68787.04,4,Alto
2019,12,2019-12-01,Sudeste,SP,Mata Atlântica,35.06,32579.47,16,163.0,32.8,46132.13,27,Baixo
2019,12,2019-12-01,Sudeste,SP,Pantanal,128.25,4908.7,13,124.5,32.2,41301.64,33,Crítico
2019,12,2019-12-01,Sudeste,SP,Cerrado,128.7,37005.47,14,24.7,19.5,44014.96,1,Baixo
2019,12,2019-12-01,Sudeste,RJ,Mata Atlântica,117.29,54701.23,16,104.8,27.8,24494.7,26,Crítico
2019,12,2019-12-01,Sudeste,RJ,Pantanal,168.15,51729.72,12,93.7,31.4,25043.52,36,Crítico
2019,12,2019-12-01,Sudeste,RJ,Caatinga,45.44,55391.76,11,71.4,29.7,78188.92,25,Crítico
2019,12,2019-12-01,Sudeste,RJ,Caatinga,81.11,59887.64,9,36.4,25.5,14282.62,8,Crítico
2019,12,2019-12-01,Sudeste,MG,Amazônia,56.31,41636.77,16,184.2,27.7,33904.56,29,Alto
2019,12,2019-12-01,Sudeste,MG,Amazônia,48.93,65373.04,13,66.7,23.0,47187.45,34,Baixo
2019,12,2019-12-01,Sudeste,MG,Caatinga,86.82,68659.28,16,43.5,28.7,51538.59,18,Baixo
2019,12,2019-12-01,Sudeste,ES,Mata Atlântica,91.75,55368.72,14,136.4,28.0,55300.27,10,Alto
2019,12,2019-12-01,Sudeste,ES,Cerrado,26.69,8652.02,16,97.9,30.5,46324.04,6,Baixo
2019,12,2019-12-01,Sudeste,ES,Pantanal,56.05,73478.87,18,67.3,27.9,28547.4,15,Baixo
2019,12,2019-12-01,Sul,PR,Caatinga,46.48,21886.61,13,55.3,27.8,64237.07,24,Crítico
2019,12,2019-12-01,Sul,PR,Cerrado,110.08,30260.03,17,151.3,27.3,35212.02,14,Crítico
2019,12,2019-12-01,Sul,SC,Pantanal,5.41,26314.32,13,94.7,29.7,12292.48,26,Médio
2019,12,2019-12-01,Sul,SC,Pampa,83.25,39989.19,18,99.8,31.9,15357.06,4,Médio
2019,12,2019-12-01,Sul,RS,Pampa,55.3,40694.48,15,87.1,25.4,37517.86,1,Médio
2019,12,2019-12-01,Sul,RS,Pampa,102.29,38595.27,14,78.1,35.6,84407.46,3,Crítico
2020,1,2020-01-01,Norte,AM,Cerrado,40.05,71675.57,18,108.3,25.8,81473.72,38,Médio
2020,1,2020-01-01,Norte,PA,Caatinga,107.32,68361.23,12,54.7,21.9,86530.06,10,Crítico
2020,1,2020-01-01,Norte,PA,Pampa,43.43,11746.48,14,199.1,21.9,14770.1,37,Crítico
2020,1,2020-01-01,Norte,RO,Amazônia,28.92,17095.36,15,54.7,29.9,27148.63,17,Crítico
2020,1,2020-01-01,Norte,TO,Caatinga,17.26,44949.89,16,48.3,25.6,80567.03,6,Baixo
2020,1,2020-01-01,Nordeste,BA,Amazônia,50.27,14000.89,8,82.4,27.2,57911.02,17,Baixo
2020,1,2020-01-01,Nordeste,BA,Mata Atlântica,20.58,48259.34,16,227.4,19.5,56578.86,36,Médio
2020,1,2020-01-01,Nordeste,PE,Pantanal,34.18,59637.39,15,102.0,27.2,48991.14,19,Crítico
2020,1,2020-01-01,Nordeste,PE,Cerrado,103.21,51449.95,14,43.5,23.9,38764.91,30,Médio
2020,1,2020-01-01,Nordeste,CE,Cerrado,79.22,59762.19,14,149.1,29.5,64730.98,30,Médio
2020,1,2020-01-01,Nordeste,CE,Pampa,68.7,22157.27,10,16.9,26.8,45018.93,21,Alto
2020,1,2020-01-01,Nordeste,MA,Amazônia,56.63,38366.92,21,11.8,25.0,21107.5,6,Alto
2020,1,2020-01-01,Nordeste,PB,Mata Atlântica,86.77,65655.28,13,60.4,27.5,31437.33,28,Crítico
2020,1,2020-01-01,Centro-Oeste,DF,Caatinga,83.14,5667.03,13,84.9,26.6,47179.98,27,Alto
2020,1,2020-01-01,Centro-Oeste,GO,Mata Atlântica,31.99,62205.86,16,77.1,23.5,4708.64,4,Baixo
2020,1,2020-01-01,Centro-Oeste,GO,Mata Atlântica,89.04,48848.21,17,58.9,22.1,26428.17,32,Médio
2020,1,2020-01-01,Centro-Oeste,MT,Mata Atlântica,31.06,64813.56,19,11.3,33.4,15479.68,19,Médio
2020,1,2020-01-01,Centro-Oeste,MS,Mata Atlântica,33.4,49830.15,15,73.8,28.6,89258.75,3,Médio
2020,1,2020-01-01,Sudeste,SP,Amazônia,18.17,27121.28,9,87.6,32.0,71326.57,13,Baixo
2020,1,2020-01-01,Sudeste,SP,Caatinga,22.74,67268.6,25,106.0,20.5,17276.4,39,Baixo
2020,1,2020-01-01,Sudeste,SP,Pantanal,63.92,73003.1,14,123.0,26.0,68183.38,29,Baixo
2020,1,2020-01-01,Sudeste,RJ,Pampa,95.92,39988.95,12,54.4,27.6,79593.32,34,Crítico
2020,1,2020-01-01,Sudeste,RJ,Pampa,46.89,19153.18,14,50.2,29.7,54606.76,26,Crítico
2020,1,2020-01-01,Sudeste,RJ,Pantanal,62.59,69815.38,18,37.0,24.3,86675.83,18,Médio
2020,1,2020-01-01,Sudeste,RJ,Cerrado,36.25,49627.73,13,69.4,26.8,48985.02,37,Crítico
2020,1,2020-01-01,Sudeste,MG,Mata Atlântica,114.57,16904.46,7,77.4,27.8,49569.71,10,Baixo
2020,1,2020-01-01,Sudeste,MG,Amazônia,97.25,51090.58,10,157.1,30.1,89447.91,12,Alto
2020,1,2020-01-01,Sudeste,MG,Amazônia,22.67,3158.74,15,123.5,24.5,61484.08,11,Crítico
2020,1,2020-01-01,Sudeste,ES,Caatinga,35.51,2756.79,7,100.1,27.4,79456.86,31,Baixo
2020,1,2020-01-01,Sudeste,ES,Cerrado,70.52,56531.46,11,101.0,24.5,7692.58,33,Crítico
2020,1,2020-01-01,Sudeste,ES,Pampa,231.33,76652.21,9,54.5,25.2,55750.61,28,Baixo
2020,1,2020-01-01,Sul,PR,Pantanal,52.38,18524.94,10,68.4,31.8,68176.28,18,Baixo
2020,1,2020-01-01,Sul,PR,Caatinga,102.67,18505.68,17,60.1,23.1,69603.39,26,Médio
2020,1,2020-01-01,Sul,SC,Pampa,38.97,41982.7,16,108.6,20.0,45197.89,33,Alto
2020,1,2020-01-01,Sul,SC,Pantanal,80.38,46867.54,14,24.3,28.3,1444.19,16,Alto
2020,1,2020-01-01,Sul,RS,Amazônia,24.59,66979.69,14,90.0,30.3,53878.8,39,Alto
2020,1,2020-01-01,Sul,RS,Cerrado,23.06,54260.61,9,114.9,25.1,41391.35,36,Alto
2020,2,2020-02-01,Norte,AM,Caatinga,256.15,1608.23,16,25.3,27.4,28702.15,12,Alto
2020,2,2020-02-01,Norte,PA,Caatinga,30.96,77752.13,19,74.6,26.3,4718.62,14,Baixo
2020,2,2020-02-01,Norte,PA,Pampa,48.87,18407.47,11,212.8,23.4,82384.13,28,Baixo
2020,2,2020-02-01,Norte,RO,Pampa,93.43,71956.33,10,82.0,29.2,50575.68,37,Alto
2020,2,2020-02-01,Norte,TO,Mata Atlântica,13.4,28166.28,15,153.2,25.2,48880.07,19,Alto
2020,2,2020-02-01,Nordeste,BA,Pantanal,195.93,46532.63,17,116.3,27.7,7628.58,21,Baixo
2020,2,2020-02-01,Nordeste,BA,Cerrado,250.23,68175.32,9,78.2,30.7,29194.12,15,Alto
2020,2,2020-02-01,Nordeste,PE,Pampa,104.68,5462.76,18,50.8,20.7,3482.6,20,Médio
2020,2,2020-02-01,Nordeste,PE,Cerrado,130.93,50693.77,17,56.1,24.4,15999.55,10,Médio
2020,2,2020-02-01,Nordeste,CE,Amazônia,21.85,44575.0,16,90.1,28.3,5639.72,16,Médio
2020,2,2020-02-01,Nordeste,CE,Pantanal,81.07,24095.11,17,89.9,31.5,61488.57,24,Médio
2020,2,2020-02-01,Nordeste,MA,Amazônia,51.66,34989.33,15,49.0,27.1,41790.6,37,Médio
2020,2,2020-02-01,Nordeste,PB,Pampa,53.27,19677.58,21,38.8,29.4,81099.58,26,Médio
2020,2,2020-02-01,Centro-Oeste,DF,Pampa,180.39,71586.52,12,63.6,29.2,40299.57,38,Médio
2020,2,2020-02-01,Centro-Oeste,GO,Cerrado,81.75,27936.25,14,117.7,24.4,5023.18,12,Médio
2020,2,2020-02-01,Centro-Oeste,GO,Pampa,76.76,20285.59,14,35.0,29.8,56030.34,16,Médio
2020,2,2020-02-01,Centro-Oeste,MT,Mata Atlântica,65.58,49330.61,13,55.1,26.6,20999.71,16,Crítico
2020,2,2020-02-01,Centro-Oeste,MS,Pantanal,103.9,33814.07,10,58.9,24.5,76981.18,37,Alto
2020,2,2020-02-01,Sudeste,SP,Amazônia,98.05,18571.55,17,115.6,31.7,59215.31,37,Crítico
2020,2,2020-02-01,Sudeste,SP,Pampa,95.59,10466.16,14,115.3,32.1,22234.1,13,Baixo
2020,2,2020-02-01,Sudeste,SP,Pantanal,69.67,32372.64,20,144.9,23.9,73506.41,34,Médio
2020,2,2020-02-01,Sudeste,RJ,Amazônia,43.74,24174.11,15,81.2,26.1,15721.03,9,Médio
2020,2,2020-02-01,Sudeste,RJ,Pantanal,53.96,20889.95,11,30.0,28.3,56986.5,33,Alto
2020,2,2020-02-01,Sudeste,RJ,Caatinga,36.17,61656.18,16,47.8,25.5,60861.05,21,Baixo
2020,2,2020-02-01,Sudeste,RJ,Cerrado,67.77,58399.08,15,42.5,31.6,30754.04,15,Crítico
2020,2,2020-02-01,Sudeste,MG,Cerrado,127.17,28196.91,18,66.3,27.0,71337.03,2,Alto
2020,2,2020-02-01,Sudeste,MG,Pantanal,43.78,33700.4,16,110.7,28.2,31120.1,34,Alto
2020,2,2020-02-01,Sudeste,MG,Amazônia,64.68,18215.99,16,51.8,30.4,63393.78,7,Baixo
2020,2,2020-02-01,Sudeste,ES,Cerrado,94.28,77812.79,15,68.6,30.4,83965.36,3,Alto
2020,2,2020-02-01,Sudeste,ES,Pantanal,87.55,69970.07,11,100.1,24.6,5411.86,7,Alto
2020,2,2020-02-01,Sudeste,ES,Cerrado,0.68,8429.96,10,113.7,27.6,81278.45,1,Crítico
2020,2,2020-02-01,Sul,PR,Pantanal,45.71,59678.89,9,65.2,24.3,22278.69,2,Médio
2020,2,2020-02-01,Sul,PR,Amazônia,152.9,13397.81,16,73.0,21.5,86130.11,27,Baixo
2020,2,2020-02-01,Sul,SC,Caatinga,17.3,43963.74,11,118.4,27.2,60309.84,3,Alto
2020,2,2020-02-01,Sul,SC,Cerrado,161.37,47334.53,12,147.6,27.8,69857.37,6,Alto
2020,2,2020-02-01,Sul,RS,Pampa,40.94,21047.71,14,128.7,27.2,17465.62,19,Baixo
2020,2,2020-02-01,Sul,RS,Caatinga,48.58,37670.39,12,106.1,27.5,18431.91,18,Crítico
2020,3,2020-03-01,Norte,AM,Caatinga,242.18,34561.3,13,24.6,28.6,87873.97,39,Médio
2020,3,2020-03-01,Norte,PA,Cerrado,368.04,9253.02,17,57.8,29.4,79666.09,30,Crítico
2020,3,2020-03-01,Norte,PA,Pantanal,58.24,18160.9,10,41.7,28.1,60998.38,6,Baixo
2020,3,2020-03-01,Norte,RO,Pantanal,6.33,22828.93,21,52.1,27.3,73908.38,20,Médio
2020,3,2020-03-01,Norte,TO,Caatinga,44.05,75820.75,11,52.4,30.6,30556.89,16,Alto
2020,3,2020-03-01,Nordeste,BA,Mata Atlântica,31.56,24936.05,17,20.2,29.3,66246.98,39,Médio
2020,3,2020-03-01,Nordeste,BA,Pantanal,288.47,52421.93,9,149.3,27.1,10472.12,14,Baixo
2020,3,2020-03-01,Nordeste,PE,Pampa,158.01,68709.98,12,95.7,29.2,40344.15,17,Crítico
2020,3,2020-03-01,Nordeste,PE,Caatinga,31.78,78707.16,10,130.7,29.5,78361.46,5,Médio
2020,3,2020-03-01,Nordeste,CE,Pantanal,84.05,52438.01,7,54.2,33.7,33847.54,1,Médio
2020,3,2020-03-01,Nordeste,CE,Cerrado,7.66,53466.3,17,88.4,27.4,20480.91,31,Médio
2020,3,2020-03-01,Nordeste,MA,Pantanal,56.95,12542.99,11,153.9,24.7,63366.95,12,Médio
2020,3,2020-03-01,Nordeste,PB,Pantanal,20.84,61523.17,14,74.6,31.9,16697.72,5,Médio
2020,3,2020-03-01,Centro-Oeste,DF,Amazônia,118.84,46593.63,13,64.8,29.1,23313.28,33,Médio
2020,3,2020-03-01,Centro-Oeste,GO,Amazônia,16.49,65940.25,15,158.2,26.1,86318.69,27,Alto
2020,3,2020-03-01,Centro-Oeste,GO,Amazônia,39.54,3262.36,16,47.4,27.4,79722.29,34,Médio
2020,3,2020-03-01,Centro-Oeste,MT,Cerrado,55.41,38990.9,13,68.5,30.8,40144.8,4,Médio
2020,3,2020-03-01,Centro-Oeste,MS,Amazônia,32.77,10437.93,15,68.2,28.0,17063.18,38,Crítico
2020,3,2020-03-01,Sudeste,SP,Cerrado,73.43,67468.4,16,203.9,27.0,30270.9,19,Alto
2020,3,2020-03-01,Sudeste,SP,Amazônia,19.52,73114.05,7,74.0,29.3,66010.11,36,Médio
2020,3,2020-03-01,Sudeste,SP,Pantanal,33.14,52938.76,12,115.3,26.9,16763.32,28,Alto
2020,3,2020-03-01,Sudeste,RJ,Caatinga,126.11,77965.25,12,109.4,25.6,21093.58,16,Baixo
2020,3,2020-03-01,Sudeste,RJ,Cerrado,32.36,56577.44,19,13.2,34.2,2867.46,1,Baixo
2020,3,2020-03-01,Sudeste,RJ,Amazônia,32.32,21875.16,6,117.5,28.4,43243.48,26,Alto
2020,3,2020-03-01,Sudeste,RJ,Mata Atlântica,71.82,19541.35,15,109.5,25.8,65102.13,10,Médio
2020,3,2020-03-01,Sudeste,MG,Mata Atlântica,27.99,12928.25,24,109.5,29.3,55821.44,22,Médio
2020,3,2020-03-01,Sudeste,MG,Caatinga,81.81,44260.46,20,17.7,28.5,88221.84,26,Baixo
2020,3,2020-03-01,Sudeste,MG,Pampa,164.79,10760.63,14,56.8,32.3,55392.46,20,Baixo
2020,3,2020-03-01,Sudeste,ES,Caatinga,41.02,50197.79,13,54.3,19.1,12995.2,26,Baixo
2020,3,2020-03-01,Sudeste,ES,Caatinga,210.67,36470.26,16,55.2,22.5,72168.62,30,Alto
2020,3,2020-03-01,Sudeste,ES,Pampa,74.58,24216.27,10,52.0,25.4,40327.5,3,Alto
2020,3,2020-03-01,Sul,PR,Cerrado,19.56,7043.46,10,91.8,29.7,87628.42,5,Alto
2020,3,2020-03-01,Sul,PR,Caatinga,30.59,70213.84,12,118.5,28.6,79755.57,1,Baixo
2020,3,2020-03-01,Sul,SC,Pampa,71.95,38472.27,10,68.9,23.9,23075.51,39,Crítico
2020,3,2020-03-01,Sul,SC,Mata Atlântica,35.57,56913.39,14,13.4,28.9,29238.61,14,Médio
2020,3,2020-03-01,Sul,RS,Mata Atlântica,104.27,11993.97,12,51.5,26.6,45961.1,37,Crítico
2020,3,2020-03-01,Sul,RS,Amazônia,39.64,22198.96,16,65.5,32.7,14514.04,2,Alto
2020,4,2020-04-01,Norte,AM,Pantanal,37.54,44196.3,15,278.3,27.5,3243.33,9,Baixo
2020,4,2020-04-01,Norte,PA,Cerrado,99.49,18915.38,18,67.1,28.7,55568.27,31,Alto
2020,4,2020-04-01,Norte,PA,Amazônia,185.78,79319.11,9,29.6,28.2,50412.93,35,Alto
2020,4,2020-04-01,Norte,RO,Cerrado,39.75,46694.76,21,162.6,29.4,66707.34,11,Médio
2020,4,2020-04-01,Norte,TO,Pampa,199.09,49789.1,15,72.0,28.9,64867.24,21,Alto
2020,4,2020-04-01,Nordeste,BA,Mata Atlântica,55.43,53759.2,14,52.7,24.6,12754.72,20,Médio
2020,4,2020-04-01,Nordeste,BA,Amazônia,32.97,34492.27,21,118.7,32.1,19429.93,35,Crítico
2020,4,2020-04-01,Nordeste,PE,Pantanal,118.58,39947.61,13,29.1,28.3,1190.85,31,Médio
2020,4,2020-04-01,Nordeste,PE,Amazônia,21.47,26482.19,18,154.5,24.2,56096.91,35,Médio
2020,4,2020-04-01,Nordeste,CE,Mata Atlântica,33.15,30022.29,10,79.7,27.8,7517.8,7,Baixo
2020,4,2020-04-01,Nordeste,CE,Cerrado,27.08,53832.0,13,111.3,23.7,46665.49,25,Baixo
2020,4,2020-04-01,Nordeste,MA,Pantanal,38.03,74464.64,13,136.2,25.4,77089.26,18,Alto
2020,4,2020-04-01,Nordeste,PB,Caatinga,66.85,79147.33,13,24.8,22.0,58878.31,10,Alto
2020,4,2020-04-01,Centro-Oeste,DF,Cerrado,62.75,27112.47,20,105.4,27.0,36446.59,33,Médio
2020,4,2020-04-01,Centro-Oeste,GO,Cerrado,58.71,29718.45,16,61.4,24.4,54583.64,39,Alto
2020,4,2020-04-01,Centro-Oeste,GO,Pampa,94.98,60697.47,11,103.0,24.5,51635.57,5,Médio
2020,4,2020-04-01,Centro-Oeste,MT,Caatinga,122.19,25514.33,13,80.8,28.8,51893.91,22,Alto
2020,4,2020-04-01,Centro-Oeste,MS,Cerrado,54.99,15790.01,18,36.0,31.2,85225.08,7,Médio
2020,4,2020-04-01,Sudeste,SP,Amazônia,36.92,32581.0,15,72.0,25.5,76574.62,2,Médio
2020,4,2020-04-01,Sudeste,SP,Amazônia,11.16,9292.41,20,164.3,26.5,46064.97,39,Médio
2020,4,2020-04-01,Sudeste,SP,Mata Atlântica,25.01,39262.2,14,68.3,29.6,45541.84,20,Médio
2020,4,2020-04-01,Sudeste,RJ,Pampa,85.08,60546.4,21,171.2,26.4,62014.97,21,Baixo
2020,4,2020-04-01,Sudeste,RJ,Cerrado,67.39,3183.78,14,40.8,31.0,4728.46,37,Crítico
2020,4,2020-04-01,Sudeste,RJ,Mata Atlântica,79.91,14315.79,22,28.0,25.5,8562.52,9,Baixo
2020,4,2020-04-01,Sudeste,RJ,Amazônia,59.19,31134.24,9,84.6,25.5,89035.42,25,Crítico
2020,4,2020-04-01,Sudeste,MG,Amazônia,7.77,39833.13,16,93.6,29.8,13703.88,36,Crítico
2020,4,2020-04-01,Sudeste,MG,Cerrado,55.63,28146.81,17,145.4,25.9,82430.5,28,Baixo
2020,4,2020-04-01,Sudeste,MG,Cerrado,172.93,66044.19,12,54.8,30.7,21178.76,17,Alto
2020,4,2020-04-01,Sudeste,ES,Pampa,45.07,68662.46,20,145.5,25.5,32552.89,16,Crítico
2020,4,2020-04-01,Sudeste,ES,Cerrado,17.21,61048.02,15,193.2,29.0,34036.81,8,Alto
2020,4,2020-04-01,Sudeste,ES,Pampa,47.53,39447.39,10,96.7,19.2,65231.91,9,Médio
2020,4,2020-04-01,Sul,PR,Cerrado,141.59,70340.62,15,47.0,31.9,19235.89,28,Baixo
2020,4,2020-04-01,Sul,PR,Amazônia,108.44,36738.87,16,28.2,24.6,3867.01,8,Baixo
2020,4,2020-04-01,Sul,SC,Amazônia,9.01,14750.16,14,145.6,17.8,14214.02,20,Baixo
2020,4,2020-04-01,Sul,SC,Pampa,88.33,46351.56,11,99.3,30.1,32018.98,6,Alto
2020,4,2020-04-01,Sul,RS,Caatinga,77.57,77632.43,13,284.1,23.3,54525.13,39,Médio
2020,4,2020-04-01,Sul,RS,Pampa,59.18,2965.33,12,113.7,27.0,70717.47,35,Crítico
2020,5,2020-05-01,Norte,AM,Caatinga,35.79,51409.45,18,57.2,30.1,59247.54,23,Crítico
2020,5,2020-05-01,Norte,PA,Caatinga,45.39,1613.35,14,69.0,25.0,87616.4,24,Baixo
2020,5,2020-05-01,Norte,PA,Amazônia,4.25,32265.84,19,73.0,29.5,36965.32,29,Crítico
2020,5,2020-05-01,Norte,RO,Amazônia,69.02,26209.2,9,82.1,24.6,18705.68,25,Alto
2020,5,2020-05-01,Norte,TO,Pantanal,19.13,15947.75,15,40.7,30.1,50183.79,26,Médio
2020,5,2020-05-01,Nordeste,BA,Caatinga,114.36,36198.19,27,124.0,28.9,62601.73,25,Alto
2020,5,2020-05-01,Nordeste,BA,Mata Atlântica,215.29,46123.95,23,138.2,27.0,41645.27,22,Médio
2020,5,2020-05-01,Nordeste,PE,Mata Atlântica,149.24,42933.61,17,109.7,22.8,7928.68,8,Médio
2020,5,2020-05-01,Nordeste,PE,Mata Atlântica,10.22,16075.79,14,82.4,26.4,54814.52,28,Médio
2020,5,2020-05-01,Nordeste,CE,Mata Atlântica,55.33,27407.51,15,29.0,27.5,45737.81,27,Alto
2020,5,2020-05-01,Nordeste,CE,Caatinga,112.1,68747.87,16,45.3,31.3,51515.39,3,Alto
2020,5,2020-05-01,Nordeste,MA,Mata Atlântica,146.42,21143.71,18,48.6,24.9,79628.94,35,Baixo
2020,5,2020-05-01,Nordeste,PB,Amazônia,80.26,12346.04,18,64.4,29.6,22976.12,3,Crítico
2020,5,2020-05-01,Centro-Oeste,DF,Mata Atlântica,82.66,7513.45,15,190.9,26.6,14046.77,14,Baixo
2020,5,2020-05-01,Centro-Oeste,GO,Cerrado,124.42,31677.61,13,95.5,23.8,29634.52,8,Crítico
2020,5,2020-05-01,Centro-Oeste,GO,Caatinga,45.73,73089.89,13,55.1,28.4,19643.95,4,Crítico
2020,5,2020-05-01,Centro-Oeste,MT,Pampa,44.69,68450.88,20,69.1,23.5,63878.58,20,Baixo
2020,5,2020-05-01,Centro-Oeste,MS,Mata Atlântica,27.44,17290.47,22,99.9,24.9,60988.37,37,Baixo
2020,5,2020-05-01,Sudeste,SP,Mata Atlântica,118.61,46766.22,10,88.1,29.9,59735.96,12,Baixo
2020,5,2020-05-01,Sudeste,SP,Amazônia,22.32,48403.77,18,52.4,29.9,88217.67,8,Alto
2020,5,2020-05-01,Sudeste,SP,Amazônia,53.59,41626.58,14,110.8,31.4,69795.22,27,Alto
2020,5,2020-05-01,Sudeste,RJ,Caatinga,84.46,6546.86,10,28.8,31.8,21635.63,7,Crítico
2020,5,2020-05-01,Sudeste,RJ,Caatinga,64.75,8941.28,17,176.3,22.6,17207.25,14,Médio
2020,5,2020-05-01,Sudeste,RJ,Mata Atlântica,118.1,30102.33,17,95.5,28.0,9044.46,33,Alto
2020,5,2020-05-01,Sudeste,RJ,Pantanal,62.75,44576.74,16,134.9,29.8,84328.79,8,Alto
2020,5,2020-05-01,Sudeste,MG,Caatinga,74.05,14980.03,16,87.4,29.6,49211.03,13,Médio
2020,5,2020-05-01,Sudeste,MG,Pantanal,41.36,26887.82,15,122.8,27.4,73667.8,15,Alto
2020,5,2020-05-01,Sudeste,MG,Caatinga,92.93,7769.9,15,56.8,22.5,66594.27,23,Alto
2020,5,2020-05-01,Sudeste,ES,Amazônia,74.85,28806.72,15,126.4,25.7,85177.33,16,Crítico
2020,5,2020-05-01,Sudeste,ES,Pampa,5.57,11314.55,14,55.1,28.2,57064.84,18,Crítico
2020,5,2020-05-01,Sudeste,ES,Caatinga,179.17,45622.98,20,78.2,28.1,89751.73,14,Médio
2020,5,2020-05-01,Sul,PR,Caatinga,41.47,1345.61,16,58.4,28.1,28277.18,36,Crítico
2020,5,2020-05-01,Sul,PR,Pantanal,105.05,54177.23,14,105.5,26.3,19562.58,20,Médio
2020,5,2020-05-01,Sul,SC,Pampa,42.34,12607.12,15,207.3,27.1,7379.66,17,Baixo
2020,5,2020-05-01,Sul,SC,Amazônia,174.1,29029.32,14,126.6,28.9,9036.28,15,Crítico
2020,5,2020-05-01,Sul,RS,Cerrado,30.05,5722.3,14,88.3,21.5,27266.6,10,Alto
2020,5,2020-05-01,Sul,RS,Amazônia,24.05,53790.7,19,81.5,22.0,50489.38,13,Médio
2020,6,2020-06-01,Norte,AM,Amazônia,55.45,70951.1,21,133.3,25.6,16011.92,11,Crítico
2020,6,2020-06-01,Norte,PA,Pampa,91.56,79521.23,7,23.9,29.3,48612.99,29,Baixo
2020,6,2020-06-01,Norte,PA,Pampa,42.39,17283.13,15,65.2,29.5,64302.89,25,Crítico
2020,6,2020-06-01,Norte,RO,Pantanal,54.28,27009.57,15,109.4,27.5,66660.57,18,Crítico
2020,6,2020-06-01,Norte,TO,Pantanal,162.46,23968.31,19,218.0,25.3,73298.27,7,Alto
2020,6,2020-06-01,Nordeste,BA,Mata Atlântica,26.72,50132.34,16,97.7,23.5,13279.28,5,Crítico
2020,6,2020-06-01,Nordeste,BA,Pampa,136.95,63733.38,10,53.6,27.4,71955.89,19,Baixo
2020,6,2020-06-01,Nordeste,PE,Caatinga,61.51,55332.88,12,26.9,26.2,24564.04,29,Alto
2020,6,2020-06-01,Nordeste,PE,Cerrado,61.4,58904.7,16,132.1,25.1,3011.25,24,Baixo
2020,6,2020-06-01,Nordeste,CE,Mata Atlântica,48.85,11004.83,16,74.1,28.3,64526.24,32,Alto
2020,6,2020-06-01,Nordeste,CE,Pampa,20.26,39765.44,13,55.1,24.0,57380.88,21,Crítico
2020,6,2020-06-01,Nordeste,MA,Pantanal,50.19,41657.87,18,43.3,27.1,20243.43,38,Médio
2020,6,2020-06-01,Nordeste,PB,Mata Atlântica,67.45,1100.38,17,31.3,25.0,9229.99,5,Alto
2020,6,2020-06-01,Centro-Oeste,DF,Caatinga,21.29,44854.96,17,76.2,23.7,24717.08,38,Médio
2020,6,2020-06-01,Centro-Oeste,GO,Caatinga,68.34,23268.2,13,160.7,28.5,2221.33,34,Alto
2020,6,2020-06-01,Centro-Oeste,GO,Amazônia,29.51,7967.6,12,165.3,25.2,72696.28,33,Médio
2020,6,2020-06-01,Centro-Oeste,MT,Pampa,31.12,26131.5,21,116.0,22.7,53780.25,13,Médio
2020,6,2020-06-01,Centro-Oeste,MS,Amazônia,26.68,32263.97,15,28.7,26.8,35723.19,19,Alto
2020,6,2020-06-01,Sudeste,SP,Pampa,21.95,8191.38,10,127.0,27.5,53946.8,4,Médio
2020,6,2020-06-01,Sudeste,SP,Amazônia,146.08,33732.87,18,180.6,29.9,16529.47,33,Alto
2020,6,2020-06-01,Sudeste,SP,Caatinga,70.89,12502.13,15,55.6,30.0,42740.02,28,Médio
2020,6,2020-06-01,Sudeste,RJ,Caatinga,136.05,2673.35,21,16.4,26.5,43134.34,1,Baixo
2020,6,2020-06-01,Sudeste,RJ,Pantanal,96.8,34949.45,5,50.3,26.6,71116.2,7,Crítico
2020,6,2020-06-01,Sudeste,RJ,Cerrado,10.1,43659.65,14,31.7,24.5,45286.28,9,Baixo
2020,6,2020-06-01,Sudeste,RJ,Cerrado,5.58,30076.75,20,208.8,31.6,49923.03,19,Médio
2020,6,2020-06-01,Sudeste,MG,Pantanal,193.49,57408.62,10,44.4,29.5,83044.31,37,Baixo
2020,6,2020-06-01,Sudeste,MG,Pantanal,28.85,14753.34,18,71.0,27.5,24201.71,30,Crítico
2020,6,2020-06-01,Sudeste,MG,Amazônia,208.41,8261.55,14,141.8,28.7,41582.6,37,Médio
2020,6,2020-06-01,Sudeste,ES,Pantanal,86.39,9477.73,8,167.5,24.0,50042.31,18,Baixo
2020,6,2020-06-01,Sudeste,ES,Pampa,27.44,32947.2,17,78.7,29.1,62427.05,15,Médio
2020,6,2020-06-01,Sudeste,ES,Caatinga,78.45,46962.32,19,49.5,30.6,49299.78,5,Crítico
2020,6,2020-06-01,Sul,PR,Pantanal,92.95,51222.96,15,176.2,29.2,83456.64,7,Alto
2020,6,2020-06-01,Sul,PR,Pampa,54.28,38324.74,14,58.3,25.5,47108.22,25,Crítico
2020,6,2020-06-01,Sul,SC,Amazônia,47.34,50676.52,13,125.5,28.6,14433.8,18,Médio
2020,6,2020-06-01,Sul,SC,Pampa,64.94,38451.43,18,73.0,28.7,70616.47,4,Crítico
2020,6,2020-06-01,Sul,RS,Cerrado,125.43,46727.14,12,233.6,22.0,79403.78,16,Crítico
2020,6,2020-06-01,Sul,RS,Amazônia,18.68,37587.17,15,100.9,28.8,36882.88,13,Alto
2020,7,2020-07-01,Norte,AM,Caatinga,167.41,64209.74,17,143.1,27.1,15011.79,29,Alto
2020,7,2020-07-01,Norte,PA,Cerrado,148.1,40483.15,19,288.8,31.8,82934.58,38,Alto
2020,7,2020-07-01,Norte,PA,Mata Atlântica,25.41,33633.27,15,39.9,28.1,86115.13,22,Médio
2020,7,2020-07-01,Norte,RO,Pampa,48.27,55181.55,15,31.6,35.9,19536.91,14,Médio
2020,7,2020-07-01,Norte,TO,Pantanal,34.79,58638.74,14,60.5,27.6,9135.02,14,Alto
2020,7,2020-07-01,Nordeste,BA,Caatinga,38.15,28995.1,16,66.6,25.5,55880.82,24,Alto
2020,7,2020-07-01,Nordeste,BA,Mata Atlântica,96.73,64010.64,16,81.3,26.5,84375.84,23,Crítico
2020,7,2020-07-01,Nordeste,PE,Cerrado,34.74,47993.22,13,77.2,32.0,6612.83,32,Baixo
2020,7,2020-07-01,Nordeste,PE,Pantanal,99.41,16070.18,19,212.2,23.4,83505.21,32,Crítico
2020,7,2020-07-01,Nordeste,CE,Pampa,44.49,77389.25,9,82.8,29.9,64822.94,1,Baixo
2020,7,2020-07-01,Nordeste,CE,Cerrado,153.77,35335.8,7,102.2,26.9,24115.31,2,Alto
2020,7,2020-07-01,Nordeste,MA,Mata Atlântica,63.08,7655.62,17,63.3,22.6,77642.72,21,Alto
2020,7,2020-07-01,Nordeste,PB,Caatinga,106.45,26721.85,18,88.0,25.2,18563.97,1,Crítico
2020,7,2020-07-01,Centro-Oeste,DF,Pampa,117.11,21761.34,21,69.2,26.2,62096.71,15,Crítico
2020,7,2020-07-01,Centro-Oeste,GO,Mata Atlântica,132.13,34697.15,10,55.5,30.1,34316.43,23,Baixo
2020,7,2020-07-01,Centro-Oeste,GO,Amazônia,103.85,62821.41,12,45.0,28.2,85294.47,23,Alto
2020,7,2020-07-01,Centro-Oeste,MT,Pampa,152.69,40143.78,15,31.9,27.8,85306.63,11,Alto
2020,7,2020-07-01,Centro-Oeste,MS,Mata Atlântica,126.67,22988.05,18,79.4,28.8,5206.49,1,Baixo
2020,7,2020-07-01,Sudeste,SP,Pantanal,94.81,50550.81,11,98.2,25.0,13057.53,19,Crítico
2020,7,2020-07-01,Sudeste,SP,Pampa,38.16,35443.53,8,260.6,24.6,73109.88,7,Crítico
2020,7,2020-07-01,Sudeste,SP,Pampa,70.36,18522.6,15,72.3,28.3,40633.72,6,Alto
2020,7,2020-07-01,Sudeste,RJ,Amazônia,27.6,64313.35,9,130.2,24.0,19393.15,30,Médio
2020,7,2020-07-01,Sudeste,RJ,Pampa,10.24,70622.27,10,121.4,26.0,47195.24,39,Alto
2020,7,2020-07-01,Sudeste,RJ,Mata Atlântica,105.94,28596.13,13,14.1,29.4,54281.37,35,Crítico
2020,7,2020-07-01,Sudeste,RJ,Amazônia,35.34,19139.14,8,102.2,28.5,30048.12,29,Alto
2020,7,2020-07-01,Sudeste,MG,Cerrado,94.63,65985.32,18,112.7,21.6,18473.85,5,Crítico
2020,7,2020-07-01,Sudeste,MG,Caatinga,22.21,26650.15,12,58.3,26.5,48962.08,10,Médio
2020,7,2020-07-01,Sudeste,MG,Amazônia,20.81,36260.45,21,215.0,35.2,71051.97,36,Médio
2020,7,2020-07-01,Sudeste,ES,Caatinga,51.74,33100.78,14,99.4,29.6,19729.21,17,Alto
2020,7,2020-07-01,Sudeste,ES,Caatinga,112.45,12392.57,15,66.1,31.0,11752.32,13,Médio
2020,7,2020-07-01,Sudeste,ES,Caatinga,74.6,47525.74,14,135.5,35.2,50197.59,33,Médio
2020,7,2020-07-01,Sul,PR,Caatinga,79.35,9956.07,8,102.9,22.7,64349.4,31,Médio
2020,7,2020-07-01,Sul,PR,Caatinga,63.98,64080.09,18,20.2,25.6,38664.53,2,Baixo
2020,7,2020-07-01,Sul,SC,Caatinga,25.05,69888.99,19,70.7,30.2,28084.12,26,Baixo
2020,7,2020-07-01,Sul,SC,Cerrado,7.2,78446.17,9,25.2,26.4,58363.2,3,Crítico
2020,7,2020-07-01,Sul,RS,Caatinga,272.28,41141.89,14,119.3,21.1,59561.96,5,Alto
2020,7,2020-07-01,Sul,RS,Mata Atlântica,59.12,38890.48,23,75.3,27.9,57109.62,34,Alto
2020,8,2020-08-01,Norte,AM,Cerrado,64.2,40634.24,17,123.9,26.9,9634.45,26,Baixo
2020,8,2020-08-01,Norte,PA,Mata Atlântica,106.7,18993.91,22,46.3,25.9,22099.05,16,Médio
2020,8,2020-08-01,Norte,PA,Amazônia,30.2,64643.17,16,56.0,29.3,73603.6,31,Alto
2020,8,2020-08-01,Norte,RO,Cerrado,46.19,33749.52,23,50.4,27.9,46149.99,35,Médio
2020,8,2020-08-01,Norte,TO,Amazônia,34.75,41297.44,13,72.7,30.7,78786.68,30,Baixo
2020,8,2020-08-01,Nordeste,BA,Amazônia,63.77,47749.04,18,43.7,29.2,59556.91,19,Alto
2020,8,2020-08-01,Nordeste,BA,Pampa,28.24,69283.01,26,74.7,21.7,8332.74,24,Médio
2020,8,2020-08-01,Nordeste,PE,Caatinga,16.66,41358.31,13,16.0,28.9,36430.61,18,Médio
2020,8,2020-08-01,Nordeste,PE,Amazônia,180.65,14861.41,20,127.7,24.5,4982.61,22,Alto
2020,8,2020-08-01,Nordeste,CE,Caatinga,16.76,19601.05,15,48.0,23.0,76506.68,4,Baixo
2020,8,2020-08-01,Nordeste,CE,Pampa,19.68,39141.18,15,27.1,26.4,86063.41,23,Médio
2020,8,2020-08-01,Nordeste,MA,Mata Atlântica,96.57,45714.97,13,109.2,28.9,75449.49,38,Crítico
2020,8,2020-08-01,Nordeste,PB,Amazônia,31.55,10798.01,14,59.3,26.1,57715.92,39,Baixo
2020,8,2020-08-01,Centro-Oeste,DF,Caatinga,32.19,52170.68,12,167.0,33.6,53630.22,17,Crítico
2020,8,2020-08-01,Centro-Oeste,GO,Cerrado,24.81,57045.76,16,35.9,28.0,89476.32,38,Médio
2020,8,2020-08-01,Centro-Oeste,GO,Amazônia,87.57,14039.43,14,68.6,27.7,17251.01,7,Médio
2020,8,2020-08-01,Centro-Oeste,MT,Cerrado,79.91,7707.27,18,69.3,25.7,12201.39,27,Médio
2020,8,2020-08-01,Centro-Oeste,MS,Amazônia,62.01,39636.66,23,81.9,27.4,20322.78,8,Médio
2020,8,2020-08-01,Sudeste,SP,Caatinga,13.97,39466.27,15,97.6,18.7,33954.4,7,Médio
2020,8,2020-08-01,Sudeste,SP,Cerrado,1.77,55944.51,17,54.2,31.8,74321.37,37,Alto
2020,8,2020-08-01,Sudeste,SP,Caatinga,103.36,58982.26,11,41.8,26.0,28149.01,14,Baixo
2020,8,2020-08-01,Sudeste,RJ,Mata Atlântica,39.35,45901.5,13,53.6,27.9,44693.83,33,Baixo
2020,8,2020-08-01,Sudeste,RJ,Pantanal,263.76,22126.69,11,56.9,23.9,22728.27,23,Baixo
2020,8,2020-08-01,Sudeste,RJ,Caatinga,73.64,36466.76,17,75.3,33.1,65261.83,16,Alto
2020,8,2020-08-01,Sudeste,RJ,Pampa,120.81,2754.24,18,203.5,24.3,46986.27,25,Baixo
2020,8,2020-08-01,Sudeste,MG,Amazônia,48.82,57630.68,15,74.6,31.6,74710.81,19,Alto
2020,8,2020-08-01,Sudeste,MG,Cerrado,71.75,56819.68,13,84.4,26.1,2770.02,8,Crítico
2020,8,2020-08-01,Sudeste,MG,Pampa,23.55,9932.94,16,101.3,28.2,37983.73,20,Crítico
2020,8,2020-08-01,Sudeste,ES,Caatinga,147.27,68258.09,17,148.2,22.0,86059.87,8,Baixo
2020,8,2020-08-01,Sudeste,ES,Mata Atlântica,39.44,7274.5,13,111.4,25.3,24754.64,18,Médio
2020,8,2020-08-01,Sudeste,ES,Pampa,56.06,64311.57,13,54.4,31.2,18367.91,2,Médio
2020,8,2020-08-01,Sul,PR,Caatinga,21.91,30504.72,13,58.9,27.0,40817.62,26,Alto
2020,8,2020-08-01,Sul,PR,Pampa,129.62,4542.21,13,36.0,24.6,78499.08,9,Alto
2020,8,2020-08-01,Sul,SC,Pampa,48.19,13466.02,9,75.1,24.5,17377.97,9,Baixo
2020,8,2020-08-01,Sul,SC,Caatinga,12.95,32531.95,19,18.1,30.2,47624.44,37,Alto
2020,8,2020-08-01,Sul,RS,Cerrado,43.75,66478.98,11,21.9,30.2,26530.48,27,Médio
2020,8,2020-08-01,Sul,RS,Mata Atlântica,148.8,53256.57,13,56.2,34.0,47587.67,22,Alto
2020,9,2020-09-01,Norte,AM,Mata Atlântica,80.86,53287.17,14,56.5,30.0,64186.82,17,Médio
2020,9,2020-09-01,Norte,PA,Amazônia,93.62,78999.13,20,104.2,24.7,55711.27,6,Crítico
2020,9,2020-09-01,Norte,PA,Amazônia,59.05,61385.32,14,131.1,27.3,27477.75,1,Crítico
2020,9,2020-09-01,Norte,RO,Pampa,122.92,5134.96,8,88.6,33.1,6103.7,32,Crítico
2020,9,2020-09-01,Norte,TO,Cerrado,173.47,39641.71,17,29.5,25.5,57638.63,13,Crítico
2020,9,2020-09-01,Nordeste,BA,Caatinga,55.51,77071.77,13,61.3,19.6,61887.99,33,Alto
2020,9,2020-09-01,Nordeste,BA,Mata Atlântica,37.44,72988.47,15,136.2,25.2,30775.59,2,Crítico
2020,9,2020-09-01,Nordeste,PE,Mata Atlântica,5.37,14743.15,17,184.4,28.5,25088.9,37,Médio
2020,9,2020-09-01,Nordeste,PE,Pampa,78.09,41864.69,19,29.9,27.3,10401.15,10,Baixo
2020,9,2020-09-01,Nordeste,CE,Pampa,47.45,36775.08,17,80.1,26.4,15893.03,8,Alto
2020,9,2020-09-01,Nordeste,CE,Caatinga,59.46,22621.37,13,211.7,28.3,61719.56,19,Baixo
2020,9,2020-09-01,Nordeste,MA,Cerrado,20.26,68828.64,8,59.9,26.7,15450.46,35,Alto
2020,9,2020-09-01,Nordeste,PB,Pampa,39.93,8168.8,11,59.0,31.8,29612.08,26,Alto
2020,9,2020-09-01,Centro-Oeste,DF,Pampa,64.39,66201.46,19,87.7,29.4,42566.4,26,Baixo
2020,9,2020-09-01,Centro-Oeste,GO,Pantanal,64.56,52604.66,23,128.6,26.7,2437.31,27,Alto
2020,9,2020-09-01,Centro-Oeste,GO,Pampa,56.63,16372.0,21,63.4,26.9,19166.76,38,Médio
2020,9,2020-09-01,Centro-Oeste,MT,Amazônia,28.96,3197.98,14,35.6,28.7,15882.93,28,Baixo
2020,9,2020-09-01,Centro-Oeste,MS,Amazônia,38.79,62548.32,17,103.7,22.4,43865.18,11,Baixo
2020,9,2020-09-01,Sudeste,SP,Cerrado,75.68,7014.7,21,282.3,28.2,79678.6,12,Alto
2020,9,2020-09-01,Sudeste,SP,Amazônia,43.81,32198.77,20,139.9,25.4,40279.28,17,Crítico
2020,9,2020-09-01,Sudeste,SP,Pantanal,78.48,29076.84,18,41.2,21.9,40773.86,12,Alto
2020,9,2020-09-01,Sudeste,RJ,Mata Atlântica,25.45,3329.1,17,122.4,27.3,75700.22,18,Baixo
2020,9,2020-09-01,Sudeste,RJ,Pantanal,44.23,66223.24,16,75.0,21.7,85788.42,14,Crítico
2020,9,2020-09-01,Sudeste,RJ,Amazônia,74.16,78870.65,14,32.6,29.6,25819.83,19,Alto
2020,9,2020-09-01,Sudeste,RJ,Mata Atlântica,102.0,52844.36,12,79.4,21.3,52661.16,15,Crítico
2020,9,2020-09-01,Sudeste,MG,Pantanal,14.84,34630.39,12,119.0,28.6,14460.6,36,Crítico
2020,9,2020-09-01,Sudeste,MG,Caatinga,43.47,15961.6,12,33.5,26.6,34206.93,30,Crítico
2020,9,2020-09-01,Sudeste,MG,Pantanal,13.84,25096.03,11,246.6,30.1,13900.56,5,Médio
2020,9,2020-09-01,Sudeste,ES,Caatinga,32.46,51542.26,17,80.8,25.6,54322.87,7,Baixo
2020,9,2020-09-01,Sudeste,ES,Caatinga,35.75,25837.76,11,38.2,25.4,75692.76,24,Alto
2020,9,2020-09-01,Sudeste,ES,Caatinga,67.33,1262.4,12,110.3,24.6,18944.11,23,Crítico
2020,9,2020-09-01,Sul,PR,Pampa,29.12,2314.12,18,129.5,26.8,3572.76,20,Crítico
2020,9,2020-09-01,Sul,PR,Cerrado,101.43,77204.19,22,113.8,27.3,66788.34,12,Baixo
2020,9,2020-09-01,Sul,SC,Mata Atlântica,132.27,56095.56,9,63.1,28.5,84219.91,4,Crítico
2020,9,2020-09-01,Sul,SC,Pampa,152.48,43860.75,12,66.9,32.1,37214.84,36,Alto
2020,9,2020-09-01,Sul,RS,Pampa,71.71,24918.44,14,83.9,31.4,83441.54,31,Crítico
2020,9,2020-09-01,Sul,RS,Amazônia,44.89,38441.41,11,118.1,27.7,1923.19,25,Alto
2020,10,2020-10-01,Norte,AM,Cerrado,38.02,2676.45,8,25.6,22.7,22991.95,19,Médio
2020,10,2020-10-01,Norte,PA,Pantanal,55.22,9472.17,18,53.1,27.5,27671.14,10,Médio
2020,10,2020-10-01,Norte,PA,Cerrado,90.81,47291.28,27,96.2,27.9,73301.06,10,Alto
2020,10,2020-10-01,Norte,RO,Cerrado,41.37,15452.12,16,45.4,25.5,17493.92,37,Médio
2020,10,2020-10-01,Norte,TO,Amazônia,48.01,46952.52,16,112.0,25.2,87586.22,30,Médio
2020,10,2020-10-01,Nordeste,BA,Pampa,116.95,10649.45,9,66.1,31.7,54711.57,28,Médio
2020,10,2020-10-01,Nordeste,BA,Pantanal,4.5,75109.82,11,83.0,21.5,48421.81,35,Crítico
2020,10,2020-10-01,Nordeste,PE,Pampa,152.84,57936.36,16,72.7,24.5,49042.3,4,Crítico
2020,10,2020-10-01,Nordeste,PE,Cerrado,32.68,17023.08,13,68.8,28.8,25819.18,9,Médio
2020,10,2020-10-01,Nordeste,CE,Cerrado,95.74,29676.86,14,6.1,27.8,86838.96,6,Crítico
2020,10,2020-10-01,Nordeste,CE,Caatinga,141.2,59766.01,13,48.2,27.9,33951.34,2,Baixo
2020,10,2020-10-01,Nordeste,MA,Mata Atlântica,58.35,7211.97,13,43.0,27.3,52415.83,37,Baixo
2020,10,2020-10-01,Nordeste,PB,Amazônia,142.41,3749.12,17,60.2,25.7,42580.81,24,Crítico
2020,10,2020-10-01,Centro-Oeste,DF,Pantanal,69.45,38613.63,15,87.7,26.1,63658.72,27,Baixo
2020,10,2020-10-01,Centro-Oeste,GO,Caatinga,12.85,45558.92,19,149.3,25.4,69378.97,11,Médio
2020,10,2020-10-01,Centro-Oeste,GO,Cerrado,138.14,21258.51,21,235.5,23.7,20133.99,3,Médio
2020,10,2020-10-01,Centro-Oeste,MT,Pantanal,34.03,4753.22,15,119.3,25.4,78824.67,39,Baixo
2020,10,2020-10-01,Centro-Oeste,MS,Mata Atlântica,38.26,55777.68,12,88.1,24.1,74349.06,18,Médio
2020,10,2020-10-01,Sudeste,SP,Pampa,27.29,18744.6,15,64.5,31.6,3416.88,38,Alto
2020,10,2020-10-01,Sudeste,SP,Mata Atlântica,123.9,44215.41,19,69.0,26.9,80703.36,6,Crítico
2020,10,2020-10-01,Sudeste,SP,Pampa,128.17,70473.06,20,238.2,30.5,21714.57,5,Baixo
2020,10,2020-10-01,Sudeste,RJ,Pantanal,19.82,60184.52,16,111.2,27.8,6050.04,35,Alto
2020,10,2020-10-01,Sudeste,RJ,Mata Atlântica,57.84,43542.34,24,54.0,27.1,31582.51,10,Baixo
2020,10,2020-10-01,Sudeste,RJ,Amazônia,130.94,32794.95,20,62.4,23.2,55200.47,9,Médio
2020,10,2020-10-01,Sudeste,RJ,Caatinga,17.11,77190.22,12,70.7,28.1,18727.17,2,Crítico
2020,10,2020-10-01,Sudeste,MG,Amazônia,17.07,71271.89,15,63.3,28.2,30974.49,9,Alto
2020,10,2020-10-01,Sudeste,MG,Amazônia,42.04,49011.48,12,68.7,21.1,2593.95,8,Crítico
2020,10,2020-10-01,Sudeste,MG,Caatinga,30.49,1609.0,14,131.0,25.9,32085.92,23,Baixo
2020,10,2020-10-01,Sudeste,ES,Cerrado,72.49,52518.03,16,64.5,20.1,39888.33,33,Crítico
2020,10,2020-10-01,Sudeste,ES,Mata Atlântica,51.15,17422.14,14,51.9,23.4,76388.1,8,Baixo
2020,10,2020-10-01,Sudeste,ES,Pampa,21.84,2236.19,19,128.1,24.8,48351.32,30,Médio
2020,10,2020-10-01,Sul,PR,Pampa,103.65,19051.47,17,56.9,27.0,37053.25,2,Médio
2020,10,2020-10-01,Sul,PR,Pampa,36.18,9952.68,13,91.3,29.2,35585.5,37,Alto
2020,10,2020-10-01,Sul,SC,Pantanal,77.71,5714.57,11,94.9,27.2,61333.66,2,Alto
2020,10,2020-10-01,Sul,SC,Cerrado,41.08,72386.86,20,151.7,29.2,34780.0,37,Crítico
2020,10,2020-10-01,Sul,RS,Mata Atlântica,86.24,48118.08,11,103.1,27.8,71486.83,14,Crítico
2020,10,2020-10-01,Sul,RS,Cerrado,23.34,32835.53,11,89.3,28.1,45175.35,29,Médio
2020,11,2020-11-01,Norte,AM,Caatinga,42.54,50855.59,23,60.4,25.3,54484.81,9,Alto
2020,11,2020-11-01,Norte,PA,Pampa,42.6,27194.3,21,129.2,29.7,82237.93,11,Baixo
2020,11,2020-11-01,Norte,PA,Pantanal,104.52,46310.84,15,49.3,28.0,70029.58,22,Alto
2020,11,2020-11-01,Norte,RO,Mata Atlântica,27.81,9242.01,11,95.2,31.7,58194.29,2,Médio
2020,11,2020-11-01,Norte,TO,Pampa,67.98,1361.21,11,136.1,27.8,11410.86,1,Baixo
2020,11,2020-11-01,Nordeste,BA,Pampa,123.28,14011.36,19,32.1,26.4,39428.81,26,Alto
2020,11,2020-11-01,Nordeste,BA,Amazônia,50.87,12280.56,10,161.4,28.8,66709.18,29,Baixo
2020,11,2020-11-01,Nordeste,PE,Pampa,64.31,37551.39,10,35.2,26.1,41430.55,18,Médio
2020,11,2020-11-01,Nordeste,PE,Amazônia,23.06,61731.52,16,109.2,28.3,49881.63,8,Crítico
2020,11,2020-11-01,Nordeste,CE,Amazônia,94.91,27180.58,16,65.3,23.4,16506.76,34,Médio
2020,11,2020-11-01,Nordeste,CE,Amazônia,67.5,70008.18,19,9.3,36.1,74088.64,21,Crítico
2020,11,2020-11-01,Nordeste,MA,Cerrado,22.83,44537.53,13,22.9,25.6,88762.09,35,Alto
2020,11,2020-11-01,Nordeste,PB,Amazônia,132.03,47016.73,15,83.4,27.8,8150.56,27,Baixo
2020,11,2020-11-01,Centro-Oeste,DF,Pampa,156.52,27218.94,13,70.7,31.0,37528.26,9,Alto
2020,11,2020-11-01,Centro-Oeste,GO,Cerrado,104.77,39567.93,19,28.3,24.4,80940.35,37,Médio
2020,11,2020-11-01,Centro-Oeste,GO,Pampa,25.62,61190.57,20,28.5,25.3,8404.04,34,Crítico
2020,11,2020-11-01,Centro-Oeste,MT,Pampa,56.03,20668.37,21,41.4,30.4,15524.78,32,Baixo
2020,11,2020-11-01,Centro-Oeste,MS,Amazônia,129.68,8511.25,17,33.7,27.0,67193.44,24,Crítico
2020,11,2020-11-01,Sudeste,SP,Pantanal,127.55,37937.74,20,159.4,24.8,34407.89,24,Alto
2020,11,2020-11-01,Sudeste,SP,Mata Atlântica,90.1,71126.21,19,129.9,26.3,4650.9,13,Crítico
2020,11,2020-11-01,Sudeste,SP,Amazônia,107.19,78735.72,16,66.6,28.0,59502.18,7,Alto
2020,11,2020-11-01,Sudeste,RJ,Mata Atlântica,138.03,52129.01,14,59.9,24.0,84221.4,14,Crítico
2020,11,2020-11-01,Sudeste,RJ,Cerrado,63.28,58107.42,11,128.9,31.4,70599.39,30,Alto
2020,11,2020-11-01,Sudeste,RJ,Cerrado,14.05,67706.64,17,43.5,28.3,57453.14,24,Alto
2020,11,2020-11-01,Sudeste,RJ,Pantanal,82.45,58609.33,15,81.0,27.8,69208.79,30,Baixo
2020,11,2020-11-01,Sudeste,MG,Caatinga,79.18,74305.71,14,24.9,26.7,53784.48,19,Médio
2020,11,2020-11-01,Sudeste,MG,Caatinga,38.19,78657.4,16,31.9,29.0,13989.49,28,Baixo
2020,11,2020-11-01,Sudeste,MG,Cerrado,104.55,29782.92,15,113.0,27.2,8599.98,11,Alto
2020,11,2020-11-01,Sudeste,ES,Cerrado,78.36,50756.52,13,45.5,26.9,47834.38,2,Médio
2020,11,2020-11-01,Sudeste,ES,Cerrado,29.35,45393.07,13,131.7,24.3,26261.67,6,Baixo
2020,11,2020-11-01,Sudeste,ES,Cerrado,134.56,15530.28,14,93.6,23.5,42293.47,16,Alto
2020,11,2020-11-01,Sul,PR,Cerrado,71.22,25829.63,17,39.7,28.3,61462.84,5,Médio
2020,11,2020-11-01,Sul,PR,Mata Atlântica,117.96,14401.78,21,72.2,32.0,16902.6,13,Médio
2020,11,2020-11-01,Sul,SC,Cerrado,75.2,61352.36,19,98.3,29.3,1790.19,23,Médio
2020,11,2020-11-01,Sul,SC,Cerrado,55.7,4315.55,12,55.2,26.5,3888.31,38,Médio
2020,11,2020-11-01,Sul,RS,Cerrado,219.74,7780.5,12,62.4,28.2,53345.78,27,Baixo
2020,11,2020-11-01,Sul,RS,Cerrado,132.35,44361.58,14,48.7,27.1,58138.4,38,Médio
2020,12,2020-12-01,Norte,AM,Pantanal,55.62,70366.25,19,52.8,25.5,45981.29,30,Alto
2020,12,2020-12-01,Norte,PA,Mata Atlântica,116.89,68616.3,11,48.5,28.1,15302.89,33,Médio
2020,12,2020-12-01,Norte,PA,Mata Atlântica,67.92,60719.6,11,37.3,24.2,39548.74,32,Crítico
2020,12,2020-12-01,Norte,RO,Pantanal,82.36,63231.41,20,28.0,24.4,62444.8,14,Médio
2020,12,2020-12-01,Norte,TO,Pampa,70.54,70900.11,11,11.6,26.1,78721.29,27,Alto
2020,12,2020-12-01,Nordeste,BA,Pantanal,49.93,32629.17,16,43.5,27.2,4416.86,10,Baixo
2020,12,2020-12-01,Nordeste,BA,Amazônia,90.39,73714.24,16,114.2,24.7,15926.56,2,Alto
2020,12,2020-12-01,Nordeste,PE,Caatinga,24.62,5068.78,8,51.1,30.5,76674.38,20,Médio
2020,12,2020-12-01,Nordeste,PE,Cerrado,43.17,62169.76,11,111.4,25.9,16679.77,4,Alto
2020,12,2020-12-01,Nordeste,CE,Amazônia,12.51,39584.78,15,154.6,25.7,23508.57,28,Alto
2020,12,2020-12-01,Nordeste,CE,Cerrado,60.87,1846.38,19,32.3,25.6,38946.66,5,Crítico
2020,12,2020-12-01,Nordeste,MA,Caatinga,38.71,72878.78,17,62.8,28.0,78579.41,8,Crítico
2020,12,2020-12-01,Nordeste,PB,Caatinga,19.31,17647.63,18,155.1,23.0,23400.22,10,Crítico
2020,12,2020-12-01,Centro-Oeste,DF,Amazônia,28.92,23903.13,11,34.9,28.9,53462.9,26,Médio
2020,12,2020-12-01,Centro-Oeste,GO,Caatinga,54.06,14767.47,17,150.0,21.4,14113.48,8,Baixo
2020,12,2020-12-01,Centro-Oeste,GO,Cerrado,62.89,4222.4,18,74.8,30.5,36913.07,10,Baixo
2020,12,2020-12-01,Centro-Oeste,MT,Pantanal,10.38,49821.79,16,143.5,25.1,18116.62,18,Médio
2020,12,2020-12-01,Centro-Oeste,MS,Amazônia,50.96,37046.95,20,189.7,23.4,44981.3,23,Médio
2020,12,2020-12-01,Sudeste,SP,Caatinga,40.31,23292.59,10,107.7,25.2,23097.92,25,Crítico
2020,12,2020-12-01,Sudeste,SP,Cerrado,19.82,16296.35,14,42.9,33.3,53527.86,29,Baixo
2020,12,2020-12-01,Sudeste,SP,Mata Atlântica,198.09,66442.38,20,73.2,27.1,72615.17,1,Médio
2020,12,2020-12-01,Sudeste,RJ,Mata Atlântica,6.94,40673.89,13,187.2,25.2,10620.8,5,Médio
2020,12,2020-12-01,Sudeste,RJ,Pantanal,95.85,49126.92,8,32.7,24.6,73797.85,32,Baixo
2020,12,2020-12-01,Sudeste,RJ,Amazônia,72.2,23052.72,18,69.8,29.8,67656.23,20,Crítico
2020,12,2020-12-01,Sudeste,RJ,Mata Atlântica,50.7,59021.35,12,110.4,29.9,84620.18,2,Baixo
2020,12,2020-12-01,Sudeste,MG,Amazônia,108.78,62633.57,18,108.1,28.0,52357.22,34,Baixo
2020,12,2020-12-01,Sudeste,MG,Pantanal,22.32,38003.28,15,121.2,21.8,76466.83,30,Baixo
2020,12,2020-12-01,Sudeste,MG,Pampa,84.87,78797.71,12,145.6,24.8,46251.31,32,Alto
2020,12,2020-12-01,Sudeste,ES,Cerrado,56.17,27119.78,11,99.5,29.0,41706.49,5,Crítico
2020,12,2020-12-01,Sudeste,ES,Mata Atlântica,110.68,36958.7,23,72.3,26.7,63104.64,38,Alto
2020,12,2020-12-01,Sudeste,ES,Mata Atlântica,72.29,54705.35,11,104.5,26.0,84584.84,23,Baixo
2020,12,2020-12-01,Sul,PR,Caatinga,70.79,40232.21,22,101.2,31.5,20253.4,18,Alto
2020,12,2020-12-01,Sul,PR,Caatinga,136.87,25714.15,17,137.9,24.7,5260.33,19,Médio
2020,12,2020-12-01,Sul,SC,Caatinga,59.71,37319.06,24,25.1,29.1,28001.72,29,Baixo
2020,12,2020-12-01,Sul,SC,Cerrado,20.33,33720.49,12,26.8,24.1,39757.34,8,Baixo
2020,12,2020-12-01,Sul,RS,Mata Atlântica,72.76,22832.61,21,24.1,24.2,72818.64,38,Baixo
2020,12,2020-12-01,Sul,RS,Pantanal,53.27,38957.87,6,98.7,25.6,79529.7,20,Alto
2021,1,2021-01-01,Norte,AM,Mata Atlântica,74.28,50033.28,15,238.9,28.4,2295.0,15,Alto
2021,1,2021-01-01,Norte,PA,Pantanal,157.56,36535.52,13,129.6,24.2,29002.95,26,Baixo
2021,1,2021-01-01,Norte,PA,Cerrado,53.12,31230.35,11,83.2,29.7,18598.97,7,Médio
2021,1,2021-01-01,Norte,RO,Cerrado,63.95,56311.2,6,111.0,30.0,53940.12,16,Médio
2021,1,2021-01-01,Norte,TO,Caatinga,108.33,75784.48,10,89.2,25.6,68360.11,15,Baixo
2021,1,2021-01-01,Nordeste,BA,Pampa,157.24,13552.13,17,98.3,31.2,6503.04,2,Baixo
2021,1,2021-01-01,Nordeste,BA,Caatinga,268.38,4250.83,18,91.9,30.5,36840.5,9,Alto
2021,1,2021-01-01,Nordeste,PE,Amazônia,59.77,45157.92,18,41.0,26.4,53576.05,5,Crítico
2021,1,2021-01-01,Nordeste,PE,Amazônia,58.13,55042.19,10,74.9,28.2,80080.2,25,Crítico
2021,1,2021-01-01,Nordeste,CE,Pantanal,76.31,45114.84,14,82.3,26.6,21627.44,26,Baixo
2021,1,2021-01-01,Nordeste,CE,Pantanal,173.07,20297.36,22,70.5,23.2,23911.23,35,Baixo
2021,1,2021-01-01,Nordeste,MA,Mata Atlântica,129.04,4926.67,8,53.7,27.2,20806.54,13,Baixo
2021,1,2021-01-01,Nordeste,PB,Cerrado,105.0,29386.45,10,27.7,24.7,57372.8,10,Alto
2021,1,2021-01-01,Centro-Oeste,DF,Cerrado,47.84,78305.7,22,57.1,24.0,1356.49,35,Médio
2021,1,2021-01-01,Centro-Oeste,GO,Pampa,109.07,17278.14,13,54.6,28.4,71774.52,21,Baixo
2021,1,2021-01-01,Centro-Oeste,GO,Caatinga,24.41,56007.11,10,185.8,25.3,15623.29,15,Baixo
2021,1,2021-01-01,Centro-Oeste,MT,Caatinga,49.02,33400.76,17,118.3,30.3,15703.44,39,Crítico
2021,1,2021-01-01,Centro-Oeste,MS,Cerrado,84.82,55936.22,14,49.9,24.3,34547.06,27,Crítico
2021,1,2021-01-01,Sudeste,SP,Cerrado,58.67,17361.73,14,63.0,25.7,40451.25,2,Baixo
2021,1,2021-01-01,Sudeste,SP,Caatinga,62.34,6210.33,14,62.3,28.5,8860.76,28,Médio
2021,1,2021-01-01,Sudeste,SP,Pantanal,31.8,66028.88,13,141.4,30.1,68021.12,26,Baixo
2021,1,2021-01-01,Sudeste,RJ,Pantanal,42.97,55163.0,13,75.2,29.8,47184.22,13,Médio
2021,1,2021-01-01,Sudeste,RJ,Caatinga,49.11,2898.0,15,221.3,22.0,84201.93,1,Crítico
2021,1,2021-01-01,Sudeste,RJ,Cerrado,91.07,34760.88,12,21.2,27.4,37686.4,11,Alto
2021,1,2021-01-01,Sudeste,RJ,Cerrado,28.97,66544.28,15,10.5,32.3,31932.37,18,Baixo
2021,1,2021-01-01,Sudeste,MG,Amazônia,66.4,55280.78,22,56.8,31.4,83267.13,2,Médio
2021,1,2021-01-01,Sudeste,MG,Caatinga,144.63,38102.06,17,121.0,27.0,47499.23,37,Crítico
2021,1,2021-01-01,Sudeste,MG,Pantanal,57.0,18365.98,15,44.3,28.6,6679.59,31,Médio
2021,1,2021-01-01,Sudeste,ES,Mata Atlântica,63.84,18924.24,10,146.1,26.5,85518.7,39,Crítico
2021,1,2021-01-01,Sudeste,ES,Pantanal,6.11,55890.55,17,57.9,26.7,70878.15,38,Crítico
2021,1,2021-01-01,Sudeste,ES,Pampa,29.58,61094.76,10,47.0,24.4,80400.46,6,Crítico
2021,1,2021-01-01,Sul,PR,Amazônia,76.58,27221.33,10,148.0,23.0,5553.26,16,Baixo
2021,1,2021-01-01,Sul,PR,Pantanal,172.79,61877.74,13,81.6,31.4,69018.51,11,Alto
2021,1,2021-01-01,Sul,SC,Caatinga,62.71,73821.0,20,61.5,31.4,38654.8,5,Crítico
2021,1,2021-01-01,Sul,SC,Caatinga,19.36,70358.68,16,82.7,29.6,24268.23,8,Crítico
2021,1,2021-01-01,Sul,RS,Mata Atlântica,43.82,11449.8,19,63.5,24.2,39450.96,6,Alto
2021,1,2021-01-01,Sul,RS,Cerrado,56.88,66416.09,13,72.4,27.4,49859.64,21,Baixo
2021,2,2021-02-01,Norte,AM,Mata Atlântica,133.25,23002.4,12,118.1,28.5,64256.7,8,Crítico
2021,2,2021-02-01,Norte,PA,Pantanal,93.04,53127.02,16,83.4,36.3,29373.69,19,Alto
2021,2,2021-02-01,Norte,PA,Pantanal,112.9,6584.42,19,143.1,20.2,74165.6,29,Baixo
2021,2,2021-02-01,Norte,RO,Amazônia,19.92,63152.21,18,105.0,23.3,73348.13,21,Alto
2021,2,2021-02-01,Norte,TO,Pampa,67.03,28953.93,20,122.9,27.7,13282.6,4,Médio
2021,2,2021-02-01,Nordeste,BA,Pantanal,36.14,42638.2,16,98.2,23.0,89346.67,29,Médio
2021,2,2021-02-01,Nordeste,BA,Mata Atlântica,50.85,37763.97,17,203.5,25.5,19158.68,29,Médio
2021,2,2021-02-01,Nordeste,PE,Pampa,89.79,49058.05,14,25.3,27.4,23099.13,19,Médio
2021,2,2021-02-01,Nordeste,PE,Amazônia,44.59,52862.2,13,229.0,26.1,64705.6,33,Baixo
2021,2,2021-02-01,Nordeste,CE,Pampa,75.34,34261.82,10,61.8,22.3,75959.64,16,Crítico
2021,2,2021-02-01,Nordeste,CE,Pampa,134.47,23704.55,18,79.4,32.1,18223.93,37,Médio
2021,2,2021-02-01,Nordeste,MA,Caatinga,134.39,24191.74,19,8.8,28.6,25665.23,37,Baixo
2021,2,2021-02-01,Nordeste,PB,Amazônia,113.93,17121.43,15,262.8,23.2,28154.71,9,Médio
2021,2,2021-02-01,Centro-Oeste,DF,Amazônia,94.14,4806.95,13,72.6,28.4,5173.53,12,Médio
2021,2,2021-02-01,Centro-Oeste,GO,Caatinga,226.58,72812.35,24,60.6,31.6,25150.74,27,Crítico
2021,2,2021-02-01,Centro-Oeste,GO,Cerrado,138.01,69573.09,17,17.1,26.0,89551.81,11,Médio
2021,2,2021-02-01,Centro-Oeste,MT,Mata Atlântica,56.82,3991.43,14,70.5,24.7,77640.1,35,Baixo
2021,2,2021-02-01,Centro-Oeste,MS,Pampa,155.68,10943.02,16,84.0,23.9,35355.08,26,Baixo
2021,2,2021-02-01,Sudeste,SP,Cerrado,94.27,77629.11,18,57.1,29.4,36199.34,31,Médio
2021,2,2021-02-01,Sudeste,SP,Cerrado,46.37,32138.16,13,59.3,30.7,84205.48,1,Médio
2021,2,2021-02-01,Sudeste,SP,Mata Atlântica,55.71,68371.99,7,105.4,32.7,68868.5,7,Médio
2021,2,2021-02-01,Sudeste,RJ,Cerrado,105.01,9374.55,14,122.7,26.2,41873.12,24,Crítico
2021,2,2021-02-01,Sudeste,RJ,Cerrado,49.95,60546.41,10,149.3,22.7,51447.22,10,Alto
2021,2,2021-02-01,Sudeste,RJ,Pampa,11.86,26547.89,15,88.6,28.9,44412.3,9,Médio
2021,2,2021-02-01,Sudeste,RJ,Cerrado,81.12,35322.94,20,137.4,28.1,41084.48,23,Alto
2021,2,2021-02-01,Sudeste,MG,Amazônia,40.59,58221.93,16,84.6,28.1,74699.21,36,Alto
2021,2,2021-02-01,Sudeste,MG,Cerrado,81.2,67998.47,17,61.4,30.6,3588.02,32,Alto
2021,2,2021-02-01,Sudeste,MG,Pantanal,11.88,50008.5,14,238.2,24.7,8037.91,39,Crítico
2021,2,2021-02-01,Sudeste,ES,Pantanal,40.53,33975.93,15,163.0,29.1,40579.08,15,Baixo
2021,2,2021-02-01,Sudeste,ES,Caatinga,59.3,36938.55,9,165.5,30.7,36419.9,31,Crítico
2021,2,2021-02-01,Sudeste,ES,Mata Atlântica,54.7,75424.91,16,59.6,27.2,86265.81,9,Baixo
2021,2,2021-02-01,Sul,PR,Pantanal,92.44,45507.24,12,11.6,30.0,73007.06,7,Alto
2021,2,2021-02-01,Sul,PR,Caatinga,99.58,33744.64,10,11.4,29.7,37297.16,5,Crítico
2021,2,2021-02-01,Sul,SC,Pantanal,48.12,31037.17,18,45.4,26.3,21359.33,10,Médio
2021,2,2021-02-01,Sul,SC,Pantanal,11.73,23908.54,15,81.4,24.9,47253.7,4,Alto
2021,2,2021-02-01,Sul,RS,Cerrado,97.97,30234.46,13,33.7,31.2,56371.82,38,Crítico
2021,2,2021-02-01,Sul,RS,Pampa,26.81,1083.6,15,91.3,32.0,3119.09,12,Crítico
2021,3,2021-03-01,Norte,AM,Pantanal,83.17,70043.61,14,86.4,29.4,63253.95,15,Alto
2021,3,2021-03-01,Norte,PA,Caatinga,46.6,7154.08,17,99.4,25.8,73283.81,30,Alto
2021,3,2021-03-01,Norte,PA,Pampa,6.24,16027.3,10,92.7,27.1,81669.04,8,Alto
2021,3,2021-03-01,Norte,RO,Pantanal,62.95,16788.04,13,120.1,22.6,26601.07,33,Alto
2021,3,2021-03-01,Norte,TO,Mata Atlântica,14.87,49705.41,18,29.7,29.7,62812.31,15,Baixo
2021,3,2021-03-01,Nordeste,BA,Cerrado,48.77,4741.13,13,70.2,22.6,45022.82,9,Crítico
2021,3,2021-03-01,Nordeste,BA,Caatinga,150.87,25253.09,16,83.8,23.1,81124.81,14,Médio
2021,3,2021-03-01,Nordeste,PE,Pampa,95.02,67042.95,16,106.4,24.0,2928.57,36,Médio
2021,3,2021-03-01,Nordeste,PE,Pantanal,49.61,24736.59,14,57.5,32.4,27194.51,11,Baixo
2021,3,2021-03-01,Nordeste,CE,Cerrado,128.76,60326.34,16,131.7,29.1,34950.84,35,Baixo
2021,3,2021-03-01,Nordeste,CE,Pampa,5.24,38218.72,10,64.1,29.2,66158.33,26,Crítico
2021,3,2021-03-01,Nordeste,MA,Cerrado,10.52,4933.99,18,115.4,26.9,60897.32,26,Médio
2021,3,2021-03-01,Nordeste,PB,Pampa,14.7,73048.9,12,90.1,28.3,61178.07,3,Crítico
2021,3,2021-03-01,Centro-Oeste,DF,Mata Atlântica,30.8,11856.01,14,60.9,30.1,64121.0,13,Médio
2021,3,2021-03-01,Centro-Oeste,GO,Amazônia,85.7,15467.57,19,179.2,25.4,85393.28,11,Alto
2021,3,2021-03-01,Centro-Oeste,GO,Pantanal,28.78,26916.86,8,106.3,25.8,28395.27,16,Crítico
2021,3,2021-03-01,Centro-Oeste,MT,Pampa,22.48,73616.69,17,62.3,23.7,47768.87,8,Crítico
2021,3,2021-03-01,Centro-Oeste,MS,Mata Atlântica,195.5,67290.96,17,94.1,27.3,78472.26,16,Médio
2021,3,2021-03-01,Sudeste,SP,Amazônia,53.28,40856.44,14,30.7,18.1,67584.79,16,Alto
2021,3,2021-03-01,Sudeste,SP,Pantanal,17.14,35890.12,21,26.8,27.2,32906.86,23,Médio
2021,3,2021-03-01,Sudeste,SP,Mata Atlântica,107.76,52676.8,16,128.5,30.4,16894.5,9,Crítico
2021,3,2021-03-01,Sudeste,RJ,Mata Atlântica,76.17,34988.19,12,40.2,29.3,48661.49,21,Alto
2021,3,2021-03-01,Sudeste,RJ,Cerrado,119.67,55816.44,17,60.9,29.4,37836.66,24,Baixo
2021,3,2021-03-01,Sudeste,RJ,Amazônia,149.32,42459.65,10,99.8,27.9,22532.38,1,Crítico
2021,3,2021-03-01,Sudeste,RJ,Mata Atlântica,109.46,15905.64,11,99.8,23.3,26610.7,1,Alto
2021,3,2021-03-01,Sudeste,MG,Caatinga,4.66,55242.54,14,46.6,27.8,20738.9,36,Baixo
2021,3,2021-03-01,Sudeste,MG,Pantanal,15.86,30910.73,12,26.0,28.5,39464.85,8,Baixo
2021,3,2021-03-01,Sudeste,MG,Amazônia,54.86,23968.56,13,93.5,37.2,5709.91,39,Alto
2021,3,2021-03-01,Sudeste,ES,Caatinga,42.85,14037.22,12,52.3,25.3,19793.37,38,Crítico
2021,3,2021-03-01,Sudeste,ES,Amazônia,55.86,62112.23,13,312.6,27.9,51453.2,37,Alto
2021,3,2021-03-01,Sudeste,ES,Amazônia,74.87,23210.78,17,26.4,31.1,33010.78,19,Crítico
2021,3,2021-03-01,Sul,PR,Pampa,27.36,43131.45,25,201.7,25.2,2912.76,12,Médio
2021,3,2021-03-01,Sul,PR,Caatinga,57.2,29951.37,16,102.3,26.1,1307.84,25,Alto
2021,3,2021-03-01,Sul,SC,Cerrado,150.21,38086.41,17,36.9,23.8,76106.78,5,Médio
2021,3,2021-03-01,Sul,SC,Amazônia,58.77,40704.62,19,217.5,28.7,46152.77,19,Crítico
2021,3,2021-03-01,Sul,RS,Cerrado,3.28,43616.96,23,133.0,28.8,55724.66,13,Alto
2021,3,2021-03-01,Sul,RS,Amazônia,20.15,30816.78,20,113.6,26.6,2887.24,17,Alto
2021,4,2021-04-01,Norte,AM,Pantanal,39.33,18214.24,16,86.2,27.3,62656.07,9,Médio
2021,4,2021-04-01,Norte,PA,Cerrado,122.82,56136.28,10,157.0,30.3,69127.74,32,Alto
2021,4,2021-04-01,Norte,PA,Mata Atlântica,185.26,57165.03,13,102.9,25.8,46575.17,9,Alto
2021,4,2021-04-01,Norte,RO,Caatinga,99.24,14352.36,14,87.4,26.8,19324.01,3,Crítico
2021,4,2021-04-01,Norte,TO,Mata Atlântica,1.31,6147.32,25,140.6,23.3,84756.87,25,Alto
2021,4,2021-04-01,Nordeste,BA,Cerrado,57.89,12201.8,13,19.8,24.2,41668.94,1,Médio
2021,4,2021-04-01,Nordeste,BA,Pantanal,68.49,9906.93,20,288.6,26.3,24605.73,13,Médio
2021,4,2021-04-01,Nordeste,PE,Cerrado,26.55,79085.87,16,40.0,26.5,51801.52,3,Alto
2021,4,2021-04-01,Nordeste,PE,Cerrado,13.4,67836.71,21,286.3,25.6,85117.38,22,Crítico
2021,4,2021-04-01,Nordeste,CE,Pampa,80.09,39270.51,19,71.7,25.2,49932.31,10,Baixo
2021,4,2021-04-01,Nordeste,CE,Amazônia,65.7,77270.26,19,31.6,23.4,52295.21,8,Baixo
2021,4,2021-04-01,Nordeste,MA,Pantanal,21.4,36607.81,15,22.4,24.7,14237.37,29,Alto
2021,4,2021-04-01,Nordeste,PB,Cerrado,89.43,76099.34,14,93.5,28.9,84470.8,18,Crítico
2021,4,2021-04-01,Centro-Oeste,DF,Cerrado,149.07,13027.96,17,30.0,23.5,3942.97,12,Médio
2021,4,2021-04-01,Centro-Oeste,GO,Mata Atlântica,213.46,12112.65,27,44.5,26.9,29646.29,23,Alto
2021,4,2021-04-01,Centro-Oeste,GO,Mata Atlântica,130.0,41871.07,23,25.4,28.6,21601.07,35,Baixo
2021,4,2021-04-01,Centro-Oeste,MT,Pampa,173.62,17916.68,15,105.9,23.9,24372.26,34,Baixo
2021,4,2021-04-01,Centro-Oeste,MS,Mata Atlântica,85.06,23204.41,16,60.7,31.6,40570.59,25,Crítico
2021,4,2021-04-01,Sudeste,SP,Cerrado,92.09,51354.18,15,142.5,28.4,68909.56,13,Alto
2021,4,2021-04-01,Sudeste,SP,Pantanal,82.51,42122.94,18,131.5,26.9,80456.39,8,Médio
2021,4,2021-04-01,Sudeste,SP,Cerrado,53.82,41833.4,11,164.8,26.6,24177.98,12,Crítico
2021,4,2021-04-01,Sudeste,RJ,Pantanal,70.17,22126.25,14,39.8,23.6,79348.11,27,Alto
2021,4,2021-04-01,Sudeste,RJ,Mata Atlântica,34.27,18815.83,14,155.4,20.2,9568.92,20,Baixo
2021,4,2021-04-01,Sudeste,RJ,Mata Atlântica,27.81,68662.0,13,52.8,23.8,51552.29,20,Baixo
2021,4,2021-04-01,Sudeste,RJ,Cerrado,101.74,20714.38,13,149.7,25.3,39132.63,8,Crítico
2021,4,2021-04-01,Sudeste,MG,Amazônia,34.04,14340.49,15,33.6,25.9,57380.18,37,Baixo
2021,4,2021-04-01,Sudeste,MG,Caatinga,3.83,29968.62,12,262.5,25.8,33368.48,11,Baixo
2021,4,2021-04-01,Sudeste,MG,Caatinga,30.23,67924.57,10,132.4,21.4,69992.66,3,Alto
2021,4,2021-04-01,Sudeste,ES,Mata Atlântica,20.36,69893.67,12,160.4,33.9,39155.62,37,Médio
2021,4,2021-04-01,Sudeste,ES,Pantanal,96.25,65134.98,17,127.6,25.7,62230.11,11,Alto
2021,4,2021-04-01,Sudeste,ES,Mata Atlântica,134.87,63251.76,18,89.8,22.5,55199.65,36,Alto
2021,4,2021-04-01,Sul,PR,Mata Atlântica,17.65,48489.41,14,87.1,27.7,67200.66,23,Baixo
2021,4,2021-04-01,Sul,PR,Amazônia,80.52,59947.73,15,25.0,24.7,49326.71,23,Médio
2021,4,2021-04-01,Sul,SC,Pampa,8.96,58098.63,10,67.7,26.7,53992.22,39,Alto
2021,4,2021-04-01,Sul,SC,Cerrado,26.78,63118.27,16,28.5,27.9,82309.92,18,Alto
2021,4,2021-04-01,Sul,RS,Cerrado,36.84,54013.71,15,36.3,23.6,27569.66,24,Médio
2021,4,2021-04-01,Sul,RS,Mata Atlântica,48.61,68702.01,13,26.5,25.9,87350.96,13,Alto
2021,5,2021-05-01,Norte,AM,Mata Atlântica,17.4,53748.28,13,104.5,29.1,66701.78,11,Crítico
2021,5,2021-05-01,Norte,PA,Pantanal,28.49,22595.6,15,242.9,27.1,65841.81,8,Crítico
2021,5,2021-05-01,Norte,PA,Pampa,61.12,37719.22,14,28.5,29.9,44291.96,16,Crítico
2021,5,2021-05-01,Norte,RO,Mata Atlântica,96.56,26938.89,16,80.5,25.1,21893.83,1,Alto
2021,5,2021-05-01,Norte,TO,Mata Atlântica,26.38,69862.44,12,221.0,30.2,23698.85,39,Médio
2021,5,2021-05-01,Nordeste,BA,Pantanal,177.48,6244.87,18,57.7,23.6,73130.07,2,Crítico
2021,5,2021-05-01,Nordeste,BA,Cerrado,24.99,16684.76,24,68.0,22.8,56241.98,30,Baixo
2021,5,2021-05-01,Nordeste,PE,Pampa,61.5,15656.41,18,88.6,23.7,52415.64,9,Crítico
2021,5,2021-05-01,Nordeste,PE,Caatinga,71.71,62975.19,17,101.2,26.1,37593.71,35,Crítico
2021,5,2021-05-01,Nordeste,CE,Pantanal,16.02,19414.17,12,89.4,28.7,12823.24,33,Alto
2021,5,2021-05-01,Nordeste,CE,Cerrado,41.6,21326.38,13,75.0,23.2,61196.12,1,Baixo
2021,5,2021-05-01,Nordeste,MA,Pantanal,97.21,45031.96,18,45.9,29.6,87932.58,38,Alto
2021,5,2021-05-01,Nordeste,PB,Pampa,62.77,73643.67,10,53.1,22.7,89614.35,11,Crítico
2021,5,2021-05-01,Centro-Oeste,DF,Pantanal,85.8,79168.59,19,4.9,26.0,64901.06,39,Crítico
2021,5,2021-05-01,Centro-Oeste,GO,Caatinga,86.1,24099.04,13,21.5,28.9,76945.9,15,Médio
2021,5,2021-05-01,Centro-Oeste,GO,Pampa,64.57,55957.55,21,24.4,21.9,6116.17,18,Médio
2021,5,2021-05-01,Centro-Oeste,MT,Pampa,39.38,68698.57,18,258.6,29.4,39149.95,24,Baixo
2021,5,2021-05-01,Centro-Oeste,MS,Pampa,16.11,71174.62,17,66.6,29.0,81065.51,30,Baixo
2021,5,2021-05-01,Sudeste,SP,Pampa,95.21,47364.19,12,93.4,25.1,57190.27,21,Médio
2021,5,2021-05-01,Sudeste,SP,Mata Atlântica,56.9,77451.38,14,47.2,29.2,30962.86,33,Crítico
2021,5,2021-05-01,Sudeste,SP,Cerrado,49.12,47263.41,15,73.7,32.9,36485.12,9,Alto
2021,5,2021-05-01,Sudeste,RJ,Cerrado,47.26,76548.84,15,21.4,28.8,8011.53,24,Alto
2021,5,2021-05-01,Sudeste,RJ,Mata Atlântica,33.48,33783.98,17,184.1,25.0,38356.91,39,Crítico
2021,5,2021-05-01,Sudeste,RJ,Amazônia,62.02,29307.05,16,51.5,29.1,60237.62,35,Baixo
2021,5,2021-05-01,Sudeste,RJ,Pampa,76.34,50924.48,11,46.6,26.4,17130.41,14,Médio
2021,5,2021-05-01,Sudeste,MG,Pantanal,103.41,37299.74,23,96.0,25.8,85623.48,22,Médio
2021,5,2021-05-01,Sudeste,MG,Pampa,75.9,50857.41,24,64.0,21.4,64583.84,19,Médio
2021,5,2021-05-01,Sudeste,MG,Mata Atlântica,55.31,16096.31,11,102.0,27.7,49427.98,30,Médio
2021,5,2021-05-01,Sudeste,ES,Cerrado,36.97,45182.53,18,57.1,22.4,55300.32,12,Médio
2021,5,2021-05-01,Sudeste,ES,Pantanal,20.35,20334.87,14,63.7,24.9,83172.79,18,Baixo
2021,5,2021-05-01,Sudeste,ES,Cerrado,54.26,24834.32,15,67.4,23.5,79953.32,24,Crítico
2021,5,2021-05-01,Sul,PR,Cerrado,120.78,3701.95,14,94.2,20.7,9950.26,15,Alto
2021,5,2021-05-01,Sul,PR,Pantanal,43.67,72396.19,9,136.8,22.8,81069.62,21,Crítico
2021,5,2021-05-01,Sul,SC,Pampa,39.89,67344.61,13,83.3,27.5,45723.06,28,Crítico
2021,5,2021-05-01,Sul,SC,Pampa,44.14,33517.79,13,75.7,26.7,53188.0,25,Baixo
2021,5,2021-05-01,Sul,RS,Caatinga,144.65,50022.94,12,117.7,24.8,81029.49,27,Alto
2021,5,2021-05-01,Sul,RS,Pantanal,25.72,64474.66,13,92.9,31.2,31812.9,9,Crítico
2021,6,2021-06-01,Norte,AM,Amazônia,7.86,69508.88,13,36.5,30.2,34830.41,7,Baixo
2021,6,2021-06-01,Norte,PA,Amazônia,66.82,49234.58,9,114.2,31.9,20695.45,10,Alto
2021,6,2021-06-01,Norte,PA,Pantanal,57.33,16988.87,19,56.4,30.9,29283.99,4,Crítico
2021,6,2021-06-01,Norte,RO,Caatinga,54.01,54057.44,12,156.6,26.8,65166.12,23,Baixo
2021,6,2021-06-01,Norte,TO,Pantanal,22.14,44168.88,18,95.0,29.4,74569.53,9,Alto
2021,6,2021-06-01,Nordeste,BA,Pantanal,176.75,76094.37,16,85.1,23.3,9424.2,6,Alto
2021,6,2021-06-01,Nordeste,BA,Amazônia,50.59,13306.73,14,170.1,29.7,31937.96,31,Baixo
2021,6,2021-06-01,Nordeste,PE,Cerrado,47.68,76032.27,13,77.0,24.3,52053.58,17,Crítico
2021,6,2021-06-01,Nordeste,PE,Amazônia,155.7,70038.91,11,64.4,27.9,5465.12,3,Baixo
2021,6,2021-06-01,Nordeste,CE,Pampa,128.17,1259.88,11,21.8,30.3,27018.19,30,Baixo
2021,6,2021-06-01,Nordeste,CE,Mata Atlântica,21.49,1483.01,8,27.3,30.4,36368.2,8,Crítico
2021,6,2021-06-01,Nordeste,MA,Cerrado,10.63,31442.11,11,106.8,26.9,73204.3,19,Baixo
2021,6,2021-06-01,Nordeste,PB,Cerrado,35.01,30874.38,13,58.9,25.8,75505.08,35,Médio
2021,6,2021-06-01,Centro-Oeste,DF,Caatinga,91.17,48796.91,14,39.9,27.5,84018.89,4,Médio
2021,6,2021-06-01,Centro-Oeste,GO,Amazônia,128.7,60075.98,19,141.9,25.4,39883.86,27,Crítico
2021,6,2021-06-01,Centro-Oeste,GO,Cerrado,38.4,76052.28,14,93.0,26.3,12808.48,32,Médio
2021,6,2021-06-01,Centro-Oeste,MT,Mata Atlântica,52.62,7061.1,17,126.0,30.1,82847.03,19,Baixo
2021,6,2021-06-01,Centro-Oeste,MS,Cerrado,39.82,73975.33,11,132.6,29.5,75054.13,13,Alto
2021,6,2021-06-01,Sudeste,SP,Cerrado,157.3,77538.89,19,42.7,23.7,30945.45,4,Baixo
2021,6,2021-06-01,Sudeste,SP,Mata Atlântica,42.61,21274.57,12,73.8,28.2,2297.45,2,Médio
2021,6,2021-06-01,Sudeste,SP,Amazônia,56.17,13820.88,12,181.9,23.6,53342.82,21,Crítico
2021,6,2021-06-01,Sudeste,RJ,Pantanal,212.68,63167.37,15,177.4,28.8,37435.61,26,Crítico
2021,6,2021-06-01,Sudeste,RJ,Pantanal,162.15,52773.41,11,73.1,27.0,50728.07,35,Baixo
2021,6,2021-06-01,Sudeste,RJ,Cerrado,33.88,71419.31,18,128.3,25.3,65948.12,5,Médio
2021,6,2021-06-01,Sudeste,RJ,Pantanal,35.68,69893.07,13,61.0,26.0,4943.69,1,Médio
2021,6,2021-06-01,Sudeste,MG,Caatinga,154.54,36605.52,17,18.2,26.9,13730.84,16,Alto
2021,6,2021-06-01,Sudeste,MG,Cerrado,48.8,28778.53,13,63.3,28.1,86185.11,12,Médio
2021,6,2021-06-01,Sudeste,MG,Pampa,8.99,28379.52,15,95.6,27.3,21692.49,8,Crítico
2021,6,2021-06-01,Sudeste,ES,Cerrado,44.78,17215.32,22,30.7,30.8,11818.78,37,Alto
2021,6,2021-06-01,Sudeste,ES,Mata Atlântica,25.22,20318.76,11,124.8,25.2,83224.98,38,Crítico
2021,6,2021-06-01,Sudeste,ES,Pampa,58.49,53943.38,17,138.9,24.6,55097.08,28,Médio
2021,6,2021-06-01,Sul,PR,Caatinga,77.55,66670.34,11,65.6,28.8,75224.74,28,Médio
2021,6,2021-06-01,Sul,PR,Pantanal,26.32,46973.7,14,99.6,29.5,26466.77,28,Crítico
2021,6,2021-06-01,Sul,SC,Caatinga,65.9,24506.43,14,57.2,26.4,44316.8,33,Crítico
2021,6,2021-06-01,Sul,SC,Caatinga,43.74,58655.9,9,206.6,24.5,14163.95,17,Médio
2021,6,2021-06-01,Sul,RS,Amazônia,96.6,36550.86,11,17.3,22.8,14584.21,6,Alto
2021,6,2021-06-01,Sul,RS,Pampa,26.14,14123.57,13,38.8,22.3,76493.23,21,Crítico
2021,7,2021-07-01,Norte,AM,Amazônia,86.34,6959.31,5,93.1,31.4,65659.03,30,Baixo
2021,7,2021-07-01,Norte,PA,Cerrado,86.48,62662.96,7,37.4,30.9,27595.63,7,Baixo
2021,7,2021-07-01,Norte,PA,Mata Atlântica,164.28,71553.37,6,21.0,29.8,81300.98,13,Médio
2021,7,2021-07-01,Norte,RO,Mata Atlântica,29.85,20818.69,9,76.0,26.3,14374.42,16,Alto
2021,7,2021-07-01,Norte,TO,Amazônia,50.81,7537.91,13,94.6,25.0,80223.1,39,Crítico
2021,7,2021-07-01,Nordeste,BA,Cerrado,55.51,47223.63,15,72.8,26.2,32346.35,15,Alto
2021,7,2021-07-01,Nordeste,BA,Mata Atlântica,16.98,49761.64,17,116.0,26.6,43849.27,4,Alto
2021,7,2021-07-01,Nordeste,PE,Amazônia,48.1,28576.87,18,76.3,27.1,45206.12,29,Crítico
2021,7,2021-07-01,Nordeste,PE,Caatinga,14.48,61642.71,21,180.9,31.0,18929.53,34,Médio
2021,7,2021-07-01,Nordeste,CE,Pampa,29.88,45201.75,13,100.3,27.6,5868.97,15,Crítico
2021,7,2021-07-01,Nordeste,CE,Pampa,104.47,8917.63,9,115.3,27.4,2958.22,7,Baixo
2021,7,2021-07-01,Nordeste,MA,Amazônia,78.66,20480.74,15,64.7,26.3,16703.93,21,Baixo
2021,7,2021-07-01,Nordeste,PB,Amazônia,11.98,29385.88,13,125.2,24.1,54067.02,25,Alto
2021,7,2021-07-01,Centro-Oeste,DF,Caatinga,149.85,32912.12,17,66.4,27.5,56810.11,14,Crítico
2021,7,2021-07-01,Centro-Oeste,GO,Pampa,95.42,56735.38,7,178.3,31.4,89179.21,7,Médio
2021,7,2021-07-01,Centro-Oeste,GO,Amazônia,12.62,50154.34,13,41.2,30.1,32799.44,10,Alto
2021,7,2021-07-01,Centro-Oeste,MT,Pampa,57.93,66288.52,20,38.2,29.1,54511.56,10,Médio
2021,7,2021-07-01,Centro-Oeste,MS,Mata Atlântica,52.2,14022.52,12,61.3,29.8,14241.64,19,Crítico
2021,7,2021-07-01,Sudeste,SP,Pampa,34.18,45935.83,13,90.3,29.7,59226.54,25,Baixo
2021,7,2021-07-01,Sudeste,SP,Caatinga,40.1,16061.94,16,50.7,29.5,73245.62,24,Crítico
2021,7,2021-07-01,Sudeste,SP,Amazônia,61.09,77165.16,16,52.0,27.4,77139.9,19,Baixo
2021,7,2021-07-01,Sudeste,RJ,Cerrado,57.83,20636.78,16,186.6,24.2,8049.81,1,Crítico
2021,7,2021-07-01,Sudeste,RJ,Pampa,83.58,3147.96,18,176.5,25.8,82540.66,20,Alto
2021,7,2021-07-01,Sudeste,RJ,Pantanal,35.99,76946.58,22,81.7,22.7,10093.18,29,Crítico
2021,7,2021-07-01,Sudeste,RJ,Mata Atlântica,14.12,45229.5,21,109.9,27.8,87956.02,24,Alto
2021,7,2021-07-01,Sudeste,MG,Pampa,19.86,35207.3,18,58.7,28.3,30631.71,23,Baixo
2021,7,2021-07-01,Sudeste,MG,Mata Atlântica,13.77,71138.73,7,72.6,29.6,30736.08,28,Médio
2021,7,2021-07-01,Sudeste,MG,Pantanal,151.98,22863.8,20,129.1,35.4,39121.52,25,Baixo
2021,7,2021-07-01,Sudeste,ES,Caatinga,40.71,25491.14,16,71.1,30.4,89699.41,23,Baixo
2021,7,2021-07-01,Sudeste,ES,Mata Atlântica,85.89,76940.47,16,141.3,29.2,87838.4,18,Crítico
2021,7,2021-07-01,Sudeste,ES,Pampa,67.03,3679.89,18,53.0,30.0,50414.22,27,Alto
2021,7,2021-07-01,Sul,PR,Caatinga,7.32,59136.63,16,34.8,30.5,89289.38,17,Baixo
2021,7,2021-07-01,Sul,PR,Mata Atlântica,108.26,58294.53,12,45.1,23.5,51796.78,28,Baixo
2021,7,2021-07-01,Sul,SC,Amazônia,55.73,21216.53,10,59.5,29.0,64805.97,20,Crítico
2021,7,2021-07-01,Sul,SC,Cerrado,86.8,3902.54,12,119.7,29.0,2929.96,32,Alto
2021,7,2021-07-01,Sul,RS,Mata Atlântica,108.13,35887.27,20,31.5,34.2,89499.01,34,Médio
2021,7,2021-07-01,Sul,RS,Cerrado,70.18,79892.41,16,398.4,27.9,40677.75,23,Médio
2021,8,2021-08-01,Norte,AM,Pampa,48.22,63570.03,17,72.6,26.8,18725.07,4,Crítico
2021,8,2021-08-01,Norte,PA,Pampa,12.01,72975.47,14,167.9,21.9,35895.37,1,Médio
2021,8,2021-08-01,Norte,PA,Pantanal,17.87,76368.25,13,103.4,30.9,27422.13,27,Baixo
2021,8,2021-08-01,Norte,RO,Cerrado,82.11,48679.56,13,124.9,24.1,49931.31,9,Médio
2021,8,2021-08-01,Norte,TO,Pampa,166.76,32752.36,15,150.4,27.6,13544.72,19,Alto
2021,8,2021-08-01,Nordeste,BA,Mata Atlântica,44.0,32451.01,12,124.0,30.0,35300.12,33,Crítico
2021,8,2021-08-01,Nordeste,BA,Amazônia,92.11,68734.73,12,119.6,28.0,68778.75,18,Baixo
2021,8,2021-08-01,Nordeste,PE,Mata Atlântica,112.9,28880.92,16,10.8,25.3,7989.43,17,Médio
2021,8,2021-08-01,Nordeste,PE,Pantanal,8.61,2600.18,13,174.0,32.9,46682.44,6,Crítico
2021,8,2021-08-01,Nordeste,CE,Mata Atlântica,75.44,5223.48,12,162.1,27.6,75966.5,32,Alto
2021,8,2021-08-01,Nordeste,CE,Caatinga,103.32,47516.86,14,35.6,31.6,13068.97,21,Médio
2021,8,2021-08-01,Nordeste,MA,Mata Atlântica,112.7,20540.23,10,51.4,22.8,77625.21,31,Baixo
2021,8,2021-08-01,Nordeste,PB,Caatinga,6.51,3760.91,12,92.1,23.7,66121.08,23,Alto
2021,8,2021-08-01,Centro-Oeste,DF,Cerrado,21.78,47136.84,26,41.9,24.1,38680.51,26,Crítico
2021,8,2021-08-01,Centro-Oeste,GO,Pampa,51.04,20639.2,21,94.8,28.3,55078.95,29,Médio
2021,8,2021-08-01,Centro-Oeste,GO,Caatinga,15.73,61894.24,10,92.3,30.7,84177.78,7,Médio
2021,8,2021-08-01,Centro-Oeste,MT,Pantanal,69.99,49684.63,11,174.2,24.7,88227.24,31,Alto
2021,8,2021-08-01,Centro-Oeste,MS,Amazônia,62.58,17936.63,8,110.6,26.2,89704.15,26,Médio
2021,8,2021-08-01,Sudeste,SP,Cerrado,64.67,34187.86,22,91.1,26.5,72440.44,28,Médio
2021,8,2021-08-01,Sudeste,SP,Pampa,41.59,28975.19,14,104.4,26.3,4328.09,22,Baixo
2021,8,2021-08-01,Sudeste,SP,Mata Atlântica,155.73,18548.54,14,35.2,29.4,30072.22,27,Médio
2021,8,2021-08-01,Sudeste,RJ,Mata Atlântica,131.46,72137.55,20,80.8,29.1,53644.01,21,Baixo
2021,8,2021-08-01,Sudeste,RJ,Caatinga,48.79,24569.18,16,130.0,24.4,3531.84,30,Baixo
2021,8,2021-08-01,Sudeste,RJ,Pantanal,43.55,55527.94,17,212.0,22.7,12199.12,37,Médio
2021,8,2021-08-01,Sudeste,RJ,Amazônia,30.56,65904.66,10,128.8,26.0,63001.49,26,Médio
2021,8,2021-08-01,Sudeste,MG,Pantanal,54.61,56254.42,12,147.6,23.0,38012.81,21,Médio
2021,8,2021-08-01,Sudeste,MG,Caatinga,14.27,66059.48,10,114.8,30.9,17551.22,26,Alto
2021,8,2021-08-01,Sudeste,MG,Amazônia,29.06,78987.93,14,76.5,27.9,3040.68,4,Alto
2021,8,2021-08-01,Sudeste,ES,Pantanal,160.98,42409.61,22,171.7,30.8,86985.22,27,Médio
2021,8,2021-08-01,Sudeste,ES,Pantanal,61.21,46230.56,14,105.1,26.9,17791.42,11,Médio
2021,8,2021-08-01,Sudeste,ES,Cerrado,157.48,50707.02,12,68.5,26.7,34276.73,5,Crítico
2021,8,2021-08-01,Sul,PR,Mata Atlântica,27.4,42833.58,20,29.5,29.4,8190.09,38,Alto
2021,8,2021-08-01,Sul,PR,Cerrado,87.52,35261.38,14,68.8,26.5,2646.85,13,Crítico
2021,8,2021-08-01,Sul,SC,Caatinga,47.81,52437.46,12,143.7,26.7,87817.87,15,Crítico
2021,8,2021-08-01,Sul,SC,Cerrado,176.37,8876.05,11,95.9,24.2,18136.69,2,Alto
2021,8,2021-08-01,Sul,RS,Caatinga,140.5,33154.64,18,87.9,29.0,37442.8,4,Médio
2021,8,2021-08-01,Sul,RS,Mata Atlântica,26.29,76708.69,19,62.8,26.7,54385.11,19,Baixo
2021,9,2021-09-01,Norte,AM,Amazônia,102.85,79710.83,17,126.4,28.2,37072.38,11,Médio
2021,9,2021-09-01,Norte,PA,Mata Atlântica,58.07,49251.88,19,123.5,30.3,17926.0,13,Crítico
2021,9,2021-09-01,Norte,PA,Caatinga,115.75,75896.6,10,75.1,26.4,31590.77,19,Baixo
2021,9,2021-09-01,Norte,RO,Cerrado,20.83,45313.8,16,54.4,29.8,39993.82,19,Alto
2021,9,2021-09-01,Norte,TO,Cerrado,81.37,55022.28,19,52.7,28.0,22847.8,13,Baixo
2021,9,2021-09-01,Nordeste,BA,Pantanal,65.88,36256.93,13,85.8,26.1,69895.12,9,Médio
2021,9,2021-09-01,Nordeste,BA,Cerrado,49.16,4829.39,16,108.1,31.5,15287.31,5,Baixo
2021,9,2021-09-01,Nordeste,PE,Mata Atlântica,32.49,45921.36,16,48.4,27.6,70597.64,18,Médio
2021,9,2021-09-01,Nordeste,PE,Amazônia,33.89,25247.57,24,107.1,25.5,42314.68,34,Baixo
2021,9,2021-09-01,Nordeste,CE,Amazônia,16.74,2945.57,11,83.8,24.3,79354.63,28,Alto
2021,9,2021-09-01,Nordeste,CE,Pantanal,37.76,2678.56,18,191.7,24.9,20853.14,30,Médio
2021,9,2021-09-01,Nordeste,MA,Caatinga,63.32,53849.34,15,266.8,28.5,24649.66,17,Baixo
2021,9,2021-09-01,Nordeste,PB,Pampa,100.66,39670.95,14,86.4,27.2,85147.93,38,Baixo
2021,9,2021-09-01,Centro-Oeste,DF,Cerrado,9.91,22310.09,12,39.1,26.6,24853.49,29,Alto
2021,9,2021-09-01,Centro-Oeste,GO,Cerrado,72.27,10555.96,16,34.8,25.2,3049.23,30,Crítico
2021,9,2021-09-01,Centro-Oeste,GO,Amazônia,47.02,39565.03,18,72.2,27.4,52210.09,26,Crítico
2021,9,2021-09-01,Centro-Oeste,MT,Cerrado,145.26,23702.1,18,79.8,29.7,83334.3,28,Médio
2021,9,2021-09-01,Centro-Oeste,MS,Pantanal,128.44,39810.55,24,113.2,27.3,88837.98,39,Baixo
2021,9,2021-09-01,Sudeste,SP,Cerrado,79.84,18721.53,20,75.1,32.9,9102.68,19,Crítico
2021,9,2021-09-01,Sudeste,SP,Caatinga,130.27,29302.09,14,41.8,27.1,84305.22,15,Crítico
2021,9,2021-09-01,Sudeste,SP,Pantanal,26.31,37281.38,9,82.4,28.1,21444.51,4,Crítico
2021,9,2021-09-01,Sudeste,RJ,Pantanal,19.05,33957.45,14,147.4,26.3,60854.1,7,Médio
2021,9,2021-09-01,Sudeste,RJ,Amazônia,14.53,47390.69,18,54.6,32.4,10323.06,1,Crítico
2021,9,2021-09-01,Sudeste,RJ,Pampa,192.19,28515.68,12,32.8,25.8,79326.67,20,Médio
2021,9,2021-09-01,Sudeste,RJ,Cerrado,9.93,13326.95,13,83.3,22.1,76355.07,23,Crítico
2021,9,2021-09-01,Sudeste,MG,Pantanal,121.93,12974.54,17,51.1,27.5,27215.13,8,Alto
2021,9,2021-09-01,Sudeste,MG,Mata Atlântica,66.38,11892.29,13,32.1,25.5,70919.08,22,Médio
2021,9,2021-09-01,Sudeste,MG,Pantanal,62.5,8790.3,17,150.4,24.3,20372.9,14,Médio
2021,9,2021-09-01,Sudeste,ES,Cerrado,11.43,22375.14,15,111.7,27.6,48747.12,4,Crítico
2021,9,2021-09-01,Sudeste,ES,Pantanal,23.89,30246.93,21,55.6,22.2,14008.95,17,Médio
2021,9,2021-09-01,Sudeste,ES,Mata Atlântica,57.18,27285.6,23,116.0,28.8,16151.56,17,Médio
2021,9,2021-09-01,Sul,PR,Amazônia,124.13,23663.25,14,111.4,26.5,23515.5,23,Baixo
2021,9,2021-09-01,Sul,PR,Mata Atlântica,23.2,46575.91,20,16.9,25.4,47942.29,18,Crítico
2021,9,2021-09-01,Sul,SC,Pampa,65.32,56536.33,15,70.4,25.3,76992.39,20,Médio
2021,9,2021-09-01,Sul,SC,Caatinga,70.02,66785.51,18,78.5,21.6,89515.63,34,Alto
2021,9,2021-09-01,Sul,RS,Pantanal,27.76,52150.7,18,62.9,27.7,47470.74,36,Baixo
2021,9,2021-09-01,Sul,RS,Pantanal,24.17,26970.48,18,74.7,26.6,65605.33,26,Baixo
2021,10,2021-10-01,Norte,AM,Mata Atlântica,11.39,66738.02,15,138.5,24.4,81442.0,33,Médio
2021,10,2021-10-01,Norte,PA,Caatinga,106.86,9639.96,26,146.5,26.3,62086.04,11,Alto
2021,10,2021-10-01,Norte,PA,Amazônia,31.81,52474.26,13,44.6,24.5,67389.18,8,Baixo
2021,10,2021-10-01,Norte,RO,Mata Atlântica,65.12,7168.21,18,111.5,27.4,15057.22,1,Crítico
2021,10,2021-10-01,Norte,TO,Pampa,289.67,47527.69,13,98.4,25.2,59865.67,39,Baixo
2021,10,2021-10-01,Nordeste,BA,Mata Atlântica,120.22,70462.45,22,83.2,29.2,58696.57,17,Alto
2021,10,2021-10-01,Nordeste,BA,Pantanal,136.64,12228.58,13,229.6,29.2,22130.35,37,Médio
2021,10,2021-10-01,Nordeste,PE,Pampa,19.48,71749.37,20,103.2,28.9,34228.78,19,Baixo
2021,10,2021-10-01,Nordeste,PE,Pampa,129.73,37032.29,20,29.1,25.5,88172.97,28,Alto
2021,10,2021-10-01,Nordeste,CE,Pantanal,41.58,26067.31,20,78.0,23.2,20592.91,16,Médio
2021,10,2021-10-01,Nordeste,CE,Pampa,108.79,68091.37,16,88.6,23.0,54020.87,39,Médio
2021,10,2021-10-01,Nordeste,MA,Pantanal,53.17,15063.44,19,57.6,27.1,70198.54,22,Médio
2021,10,2021-10-01,Nordeste,PB,Pampa,8.31,66298.41,17,49.0,26.7,53895.2,3,Alto
2021,10,2021-10-01,Centro-Oeste,DF,Pampa,55.4,76558.43,19,61.4,27.3,77370.41,14,Baixo
2021,10,2021-10-01,Centro-Oeste,GO,Pantanal,10.4,17705.94,10,60.4,32.8,43600.52,8,Médio
2021,10,2021-10-01,Centro-Oeste,GO,Pampa,65.76,8241.72,14,170.8,30.1,74060.42,39,Crítico
2021,10,2021-10-01,Centro-Oeste,MT,Pantanal,22.48,60335.58,15,61.3,26.4,59043.99,32,Alto
2021,10,2021-10-01,Centro-Oeste,MS,Cerrado,112.47,10448.8,22,82.5,25.8,13005.18,27,Médio
2021,10,2021-10-01,Sudeste,SP,Caatinga,18.22,31331.08,18,113.0,24.0,89123.19,23,Médio
2021,10,2021-10-01,Sudeste,SP,Pantanal,51.01,65025.13,13,40.8,24.7,56249.21,1,Alto
2021,10,2021-10-01,Sudeste,SP,Pampa,125.43,34821.14,15,191.6,27.3,74816.79,37,Alto
2021,10,2021-10-01,Sudeste,RJ,Mata Atlântica,88.98,49092.26,14,174.6,21.9,74246.43,18,Baixo
2021,10,2021-10-01,Sudeste,RJ,Cerrado,63.68,26282.72,13,157.6,24.4,17646.01,16,Crítico
2021,10,2021-10-01,Sudeste,RJ,Mata Atlântica,155.23,29118.88,14,44.8,27.3,11834.11,21,Baixo
2021,10,2021-10-01,Sudeste,RJ,Mata Atlântica,159.41,68570.23,10,177.9,26.2,33076.57,25,Alto
2021,10,2021-10-01,Sudeste,MG,Caatinga,84.32,33998.39,9,323.7,25.9,63335.89,23,Médio
2021,10,2021-10-01,Sudeste,MG,Mata Atlântica,27.8,34686.37,14,121.2,27.5,49780.52,4,Baixo
2021,10,2021-10-01,Sudeste,MG,Pampa,63.15,33461.48,12,59.1,27.1,29324.25,33,Baixo
2021,10,2021-10-01,Sudeste,ES,Pampa,64.94,55937.68,18,145.4,30.6,65875.44,2,Baixo
2021,10,2021-10-01,Sudeste,ES,Pantanal,133.09,22264.23,15,181.3,22.5,81822.16,31,Médio
2021,10,2021-10-01,Sudeste,ES,Mata Atlântica,173.66,27640.06,10,62.0,25.6,37350.25,28,Alto
2021,10,2021-10-01,Sul,PR,Pampa,45.38,16958.61,22,85.1,30.4,14434.57,13,Crítico
2021,10,2021-10-01,Sul,PR,Cerrado,196.48,72440.08,16,84.3,29.8,59330.63,34,Alto
2021,10,2021-10-01,Sul,SC,Mata Atlântica,24.59,39514.99,11,120.3,31.7,57743.52,10,Crítico
2021,10,2021-10-01,Sul,SC,Pampa,11.97,19192.33,17,115.6,22.1,86960.94,16,Médio
2021,10,2021-10-01,Sul,RS,Mata Atlântica,70.52,17329.0,12,92.7,28.1,1436.87,29,Médio
2021,10,2021-10-01,Sul,RS,Mata Atlântica,44.01,59346.7,18,45.6,31.6,10050.21,25,Médio
2021,11,2021-11-01,Norte,AM,Pantanal,6.32,8709.8,18,72.9,26.2,54977.52,7,Médio
2021,11,2021-11-01,Norte,PA,Amazônia,25.24,39172.11,9,120.9,26.2,3279.37,32,Crítico
2021,11,2021-11-01,Norte,PA,Cerrado,81.36,9017.83,20,92.8,32.0,48755.62,19,Baixo
2021,11,2021-11-01,Norte,RO,Pampa,13.01,3619.54,13,34.8,29.3,5777.35,32,Crítico
2021,11,2021-11-01,Norte,TO,Cerrado,183.04,79092.96,12,48.9,23.6,17401.99,7,Médio
2021,11,2021-11-01,Nordeste,BA,Amazônia,119.84,13056.55,23,48.7,22.0,82180.95,23,Médio
2021,11,2021-11-01,Nordeste,BA,Pantanal,46.31,12229.15,14,149.0,26.9,11373.35,19,Baixo
2021,11,2021-11-01,Nordeste,PE,Pampa,100.28,16652.59,11,85.3,30.0,62219.58,8,Alto
2021,11,2021-11-01,Nordeste,PE,Pampa,138.57,48848.51,21,114.7,29.7,3200.49,37,Médio
2021,11,2021-11-01,Nordeste,CE,Amazônia,127.6,34900.74,15,85.6,26.3,4337.37,35,Baixo
2021,11,2021-11-01,Nordeste,CE,Mata Atlântica,15.94,70609.31,8,69.8,27.7,76126.14,39,Médio
2021,11,2021-11-01,Nordeste,MA,Caatinga,193.82,62082.07,16,107.2,30.1,82246.93,29,Crítico
2021,11,2021-11-01,Nordeste,PB,Amazônia,36.01,32321.37,21,59.4,27.1,6051.38,18,Alto
2021,11,2021-11-01,Centro-Oeste,DF,Pantanal,23.43,55242.63,18,58.9,19.8,84823.66,6,Crítico
2021,11,2021-11-01,Centro-Oeste,GO,Amazônia,147.1,55097.95,12,11.9,31.7,75097.32,33,Crítico
2021,11,2021-11-01,Centro-Oeste,GO,Amazônia,60.29,8154.34,16,74.8,33.2,52910.32,15,Crítico
2021,11,2021-11-01,Centro-Oeste,MT,Caatinga,51.85,74238.67,14,190.1,27.5,59801.91,3,Crítico
2021,11,2021-11-01,Centro-Oeste,MS,Mata Atlântica,16.7,45988.81,20,134.7,25.5,68072.98,29,Baixo
2021,11,2021-11-01,Sudeste,SP,Pantanal,36.53,64074.4,17,111.7,27.3,82358.86,19,Baixo
2021,11,2021-11-01,Sudeste,SP,Pampa,98.11,1473.95,16,51.6,28.8,25022.87,25,Crítico
2021,11,2021-11-01,Sudeste,SP,Caatinga,80.09,15679.57,16,46.7,26.6,88283.46,19,Baixo
2021,11,2021-11-01,Sudeste,RJ,Caatinga,67.21,34127.44,20,183.0,27.4,85490.49,29,Crítico
2021,11,2021-11-01,Sudeste,RJ,Cerrado,101.35,26641.45,17,86.2,27.0,15265.97,4,Médio
2021,11,2021-11-01,Sudeste,RJ,Mata Atlântica,30.13,7785.94,19,18.6,27.5,19909.54,36,Baixo
2021,11,2021-11-01,Sudeste,RJ,Amazônia,62.65,12046.74,14,97.2,32.1,65980.97,9,Baixo
2021,11,2021-11-01,Sudeste,MG,Caatinga,47.95,3589.61,18,75.7,26.7,68365.97,2,Alto
2021,11,2021-11-01,Sudeste,MG,Pantanal,140.16,66774.2,19,161.7,22.6,3607.34,20,Baixo
2021,11,2021-11-01,Sudeste,MG,Mata Atlântica,147.15,22650.78,14,110.8,26.8,12765.15,19,Baixo
2021,11,2021-11-01,Sudeste,ES,Amazônia,49.5,63278.73,15,135.2,24.4,62381.75,18,Médio
2021,11,2021-11-01,Sudeste,ES,Caatinga,16.59,1862.35,24,34.3,26.1,32284.29,35,Alto
2021,11,2021-11-01,Sudeste,ES,Pantanal,41.07,4064.07,14,171.6,25.1,13114.85,11,Alto
2021,11,2021-11-01,Sul,PR,Amazônia,90.7,48632.63,19,65.5,26.6,39656.05,23,Crítico
2021,11,2021-11-01,Sul,PR,Amazônia,38.27,12586.64,15,81.5,28.0,56948.56,14,Médio
2021,11,2021-11-01,Sul,SC,Amazônia,79.69,13649.83,12,208.9,26.3,85026.53,39,Crítico
2021,11,2021-11-01,Sul,SC,Pantanal,138.47,76880.54,7,135.0,30.3,26651.67,1,Crítico
2021,11,2021-11-01,Sul,RS,Cerrado,75.43,48260.61,19,10.3,27.3,47838.57,26,Crítico
2021,11,2021-11-01,Sul,RS,Pampa,40.14,8231.74,18,37.0,25.0,26648.69,20,Alto
2021,12,2021-12-01,Norte,AM,Caatinga,45.73,66556.08,18,49.5,28.5,70070.95,34,Alto
2021,12,2021-12-01,Norte,PA,Cerrado,73.42,38030.53,12,46.1,27.8,19467.07,6,Baixo
2021,12,2021-12-01,Norte,PA,Mata Atlântica,48.54,75621.39,14,73.4,25.3,27567.28,34,Alto
2021,12,2021-12-01,Norte,RO,Pantanal,48.12,52415.01,13,74.0,28.6,58081.55,28,Crítico
2021,12,2021-12-01,Norte,TO,Pantanal,101.62,11834.65,12,92.3,22.5,70498.29,8,Baixo
2021,12,2021-12-01,Nordeste,BA,Pampa,94.66,4706.94,13,65.3,31.5,51035.52,25,Alto
2021,12,2021-12-01,Nordeste,BA,Mata Atlântica,65.47,43520.3,15,83.7,24.4,6383.79,37,Crítico
2021,12,2021-12-01,Nordeste,PE,Caatinga,83.24,27233.87,18,46.2,22.3,67945.48,2,Baixo
2021,12,2021-12-01,Nordeste,PE,Cerrado,83.22,45099.94,17,77.5,26.4,24267.45,21,Alto
2021,12,2021-12-01,Nordeste,CE,Pampa,83.24,54249.95,18,17.2,26.1,31933.15,5,Baixo
2021,12,2021-12-01,Nordeste,CE,Pantanal,116.9,27169.19,7,127.0,25.8,25552.38,38,Médio
2021,12,2021-12-01,Nordeste,MA,Cerrado,114.69,57174.43,13,150.8,29.0,31011.72,33,Crítico
2021,12,2021-12-01,Nordeste,PB,Mata Atlântica,17.62,16225.22,13,70.9,28.0,4603.92,14,Médio
2021,12,2021-12-01,Centro-Oeste,DF,Amazônia,148.08,19356.62,9,92.7,26.3,44077.01,33,Médio
2021,12,2021-12-01,Centro-Oeste,GO,Amazônia,19.35,33468.59,15,33.5,23.8,4415.67,15,Baixo
2021,12,2021-12-01,Centro-Oeste,GO,Pantanal,53.95,12048.33,15,44.0,22.3,49286.57,37,Baixo
2021,12,2021-12-01,Centro-Oeste,MT,Mata Atlântica,9.63,23011.51,9,124.3,29.3,78499.99,35,Médio
2021,12,2021-12-01,Centro-Oeste,MS,Pampa,57.37,75662.95,10,117.2,32.7,41710.77,13,Baixo
2021,12,2021-12-01,Sudeste,SP,Pantanal,58.91,51872.22,12,54.4,24.1,80358.82,18,Crítico
2021,12,2021-12-01,Sudeste,SP,Amazônia,182.45,48274.35,15,96.1,25.7,83923.32,20,Médio
2021,12,2021-12-01,Sudeste,SP,Caatinga,64.56,75441.84,16,131.4,28.6,83981.18,3,Baixo
2021,12,2021-12-01,Sudeste,RJ,Mata Atlântica,182.5,18626.54,15,107.8,25.7,35969.25,31,Médio
2021,12,2021-12-01,Sudeste,RJ,Mata Atlântica,101.66,32570.94,15,154.9,24.2,60857.93,35,Crítico
2021,12,2021-12-01,Sudeste,RJ,Amazônia,119.16,60976.44,14,108.5,28.7,33800.81,9,Crítico
2021,12,2021-12-01,Sudeste,RJ,Amazônia,56.37,37991.85,16,27.1,22.8,40057.89,8,Alto
2021,12,2021-12-01,Sudeste,MG,Pampa,65.32,54472.1,15,48.2,27.6,65169.89,13,Alto
2021,12,2021-12-01,Sudeste,MG,Mata Atlântica,38.08,40147.28,18,84.1,26.6,31615.25,4,Baixo
2021,12,2021-12-01,Sudeste,MG,Amazônia,14.59,2658.1,21,41.9,28.4,40868.13,9,Médio
2021,12,2021-12-01,Sudeste,ES,Amazônia,44.69,1575.9,15,62.1,26.4,46222.37,21,Alto
2021,12,2021-12-01,Sudeste,ES,Pantanal,48.31,52541.71,11,100.6,23.8,12342.69,4,Crítico
2021,12,2021-12-01,Sudeste,ES,Caatinga,100.1,48296.31,21,66.6,23.3,20346.39,37,Crítico
2021,12,2021-12-01,Sul,PR,Mata Atlântica,78.24,37813.7,21,95.4,23.3,54252.63,21,Baixo
2021,12,2021-12-01,Sul,PR,Pampa,86.78,63824.75,15,119.4,24.1,71660.97,6,Alto
2021,12,2021-12-01,Sul,SC,Pampa,18.52,71692.58,11,130.0,30.6,9788.69,37,Crítico
2021,12,2021-12-01,Sul,SC,Pantanal,37.38,40899.7,12,170.8,27.2,25265.27,15,Baixo
2021,12,2021-12-01,Sul,RS,Cerrado,49.43,33736.06,12,33.4,24.7,13899.58,28,Alto
2021,12,2021-12-01,Sul,RS,Pantanal,78.84,6024.42,24,98.8,27.1,49999.55,28,Médio
2022,1,2022-01-01,Norte,AM,Pantanal,122.25,77543.15,13,77.1,25.2,3146.72,18,Baixo
2022,1,2022-01-01,Norte,PA,Amazônia,6.17,54444.58,11,92.4,32.2,29786.55,25,Crítico
2022,1,2022-01-01,Norte,PA,Caatinga,126.58,4162.36,19,43.2,29.3,50541.71,6,Baixo
2022,1,2022-01-01,Norte,RO,Mata Atlântica,172.23,7709.06,18,74.2,30.4,17297.39,31,Crítico
2022,1,2022-01-01,Norte,TO,Cerrado,24.86,44605.6,13,40.1,25.8,50771.07,25,Baixo
2022,1,2022-01-01,Nordeste,BA,Caatinga,82.7,14642.57,14,97.6,30.2,16588.37,39,Alto
2022,1,2022-01-01,Nordeste,BA,Pantanal,53.83,15528.03,13,104.5,27.9,72044.65,34,Alto
2022,1,2022-01-01,Nordeste,PE,Pampa,83.02,10513.05,11,69.9,29.3,78752.61,28,Alto
2022,1,2022-01-01,Nordeste,PE,Pampa,46.0,54281.92,15,41.3,30.8,6146.89,16,Médio
2022,1,2022-01-01,Nordeste,CE,Pantanal,104.42,60108.02,15,76.8,29.1,75900.2,26,Alto
2022,1,2022-01-01,Nordeste,CE,Mata Atlântica,140.69,45677.16,15,205.8,28.4,16356.03,28,Crítico
2022,1,2022-01-01,Nordeste,MA,Pantanal,116.02,63642.13,17,77.4,27.3,61574.4,25,Médio
2022,1,2022-01-01,Nordeste,PB,Amazônia,74.49,71073.82,18,70.1,23.2,79638.8,9,Crítico
2022,1,2022-01-01,Centro-Oeste,DF,Cerrado,100.76,34657.99,20,73.1,24.3,12490.79,23,Alto
2022,1,2022-01-01,Centro-Oeste,GO,Cerrado,98.68,74711.87,18,112.0,23.2,7763.44,2,Alto
2022,1,2022-01-01,Centro-Oeste,GO,Cerrado,30.28,61007.61,17,89.9,30.5,32085.07,7,Médio
2022,1,2022-01-01,Centro-Oeste,MT,Mata Atlântica,36.41,6649.21,17,88.6,25.6,56143.43,24,Crítico
2022,1,2022-01-01,Centro-Oeste,MS,Mata Atlântica,30.86,74576.37,8,131.4,29.8,6891.98,14,Alto
2022,1,2022-01-01,Sudeste,SP,Amazônia,40.42,3417.06,11,176.3,33.3,4213.3,36,Crítico
2022,1,2022-01-01,Sudeste,SP,Cerrado,244.54,65322.97,12,210.2,25.6,8667.75,24,Médio
2022,1,2022-01-01,Sudeste,SP,Pampa,20.48,52374.11,16,49.6,27.6,41874.86,4,Médio
2022,1,2022-01-01,Sudeste,RJ,Cerrado,18.78,31749.53,11,115.9,22.2,59473.75,7,Crítico
2022,1,2022-01-01,Sudeste,RJ,Mata Atlântica,31.79,10664.33,15,59.3,27.3,41648.41,3,Baixo
2022,1,2022-01-01,Sudeste,RJ,Pantanal,115.73,59613.79,21,220.9,31.3,3280.31,14,Crítico
2022,1,2022-01-01,Sudeste,RJ,Amazônia,119.87,1998.07,12,36.5,27.9,11555.38,29,Crítico
2022,1,2022-01-01,Sudeste,MG,Pampa,116.35,44100.58,15,118.5,25.9,86461.44,1,Alto
2022,1,2022-01-01,Sudeste,MG,Pantanal,41.67,12455.08,16,186.7,30.8,31419.73,19,Alto
2022,1,2022-01-01,Sudeste,MG,Mata Atlântica,57.8,41382.2,13,126.8,29.7,76328.99,18,Baixo
2022,1,2022-01-01,Sudeste,ES,Amazônia,34.42,41689.16,10,128.7,31.9,54040.3,10,Crítico
2022,1,2022-01-01,Sudeste,ES,Mata Atlântica,116.39,47898.57,11,41.5,28.5,55664.62,34,Baixo
2022,1,2022-01-01,Sudeste,ES,Pantanal,67.41,56475.05,14,105.8,32.6,60509.41,35,Médio
2022,1,2022-01-01,Sul,PR,Pampa,78.83,31957.0,21,115.0,24.2,37220.53,23,Alto
2022,1,2022-01-01,Sul,PR,Cerrado,60.24,28107.89,13,138.7,25.4,21586.36,39,Médio
2022,1,2022-01-01,Sul,SC,Pantanal,13.54,39056.72,18,38.2,24.0,53650.06,8,Médio
2022,1,2022-01-01,Sul,SC,Mata Atlântica,62.87,66498.76,22,213.9,24.0,87228.77,4,Crítico
2022,1,2022-01-01,Sul,RS,Pampa,236.14,20119.54,14,80.0,23.0,44741.74,30,Crítico
2022,1,2022-01-01,Sul,RS,Pantanal,86.72,59126.59,15,100.2,31.2,62131.49,29,Crítico
2022,2,2022-02-01,Norte,AM,Mata Atlântica,51.95,19154.77,9,48.0,25.6,12638.74,15,Médio
2022,2,2022-02-01,Norte,PA,Pantanal,15.99,60208.58,13,222.4,23.2,62244.57,8,Alto
2022,2,2022-02-01,Norte,PA,Pantanal,39.88,40627.3,15,60.1,27.6,73107.7,38,Alto
2022,2,2022-02-01,Norte,RO,Mata Atlântica,9.04,55817.25,17,180.5,25.9,33256.46,3,Crítico
2022,2,2022-02-01,Norte,TO,Pampa,93.86,11325.15,18,46.4,30.6,29416.18,20,Baixo
2022,2,2022-02-01,Nordeste,BA,Mata Atlântica,138.71,40719.41,13,36.9,25.4,37289.24,5,Médio
2022,2,2022-02-01,Nordeste,BA,Caatinga,85.77,42223.09,17,171.0,31.7,74481.71,34,Crítico
2022,2,2022-02-01,Nordeste,PE,Mata Atlântica,31.08,3820.56,15,68.3,28.8,35352.85,13,Crítico
2022,2,2022-02-01,Nordeste,PE,Pantanal,88.19,1599.93,19,165.6,31.7,88645.15,5,Médio
2022,2,2022-02-01,Nordeste,CE,Pampa,45.6,10806.73,22,144.5,22.8,34259.55,24,Baixo
2022,2,2022-02-01,Nordeste,CE,Caatinga,16.76,38681.45,12,88.2,26.4,46437.86,7,Crítico
2022,2,2022-02-01,Nordeste,MA,Cerrado,30.82,15361.29,19,60.6,31.6,30270.17,8,Crítico
2022,2,2022-02-01,Nordeste,PB,Mata Atlântica,70.26,38285.59,17,56.2,28.9,74572.7,15,Médio
2022,2,2022-02-01,Centro-Oeste,DF,Pampa,45.01,31935.37,16,94.0,28.9,74349.84,16,Médio
2022,2,2022-02-01,Centro-Oeste,GO,Mata Atlântica,80.06,33090.31,19,197.2,30.9,13563.91,26,Baixo
2022,2,2022-02-01,Centro-Oeste,GO,Pampa,79.23,74294.51,17,95.2,28.2,88239.78,17,Baixo
2022,2,2022-02-01,Centro-Oeste,MT,Mata Atlântica,35.66,8106.25,18,52.4,28.1,60507.53,18,Baixo
2022,2,2022-02-01,Centro-Oeste,MS,Cerrado,104.85,4846.54,21,73.1,25.9,22873.67,3,Médio
2022,2,2022-02-01,Sudeste,SP,Pampa,43.23,55915.61,12,73.4,30.5,59946.4,4,Crítico
2022,2,2022-02-01,Sudeste,SP,Caatinga,38.0,26701.78,6,88.7,23.6,84511.55,1,Médio
2022,2,2022-02-01,Sudeste,SP,Amazônia,42.64,71282.17,13,165.1,22.9,42273.0,11,Médio
2022,2,2022-02-01,Sudeste,RJ,Cerrado,223.95,18347.02,16,30.9,24.2,70640.09,30,Baixo
2022,2,2022-02-01,Sudeste,RJ,Pampa,42.44,23947.44,13,85.2,31.7,38454.49,7,Crítico
2022,2,2022-02-01,Sudeste,RJ,Cerrado,73.67,26642.25,17,89.2,27.6,18001.38,32,Baixo
2022,2,2022-02-01,Sudeste,RJ,Pampa,47.19,50421.12,20,15.7,29.1,80931.3,28,Crítico
2022,2,2022-02-01,Sudeste,MG,Mata Atlântica,29.59,16607.62,19,181.4,27.8,60175.02,27,Baixo
2022,2,2022-02-01,Sudeste,MG,Pampa,9.5,58527.35,14,119.6,31.1,60115.58,38,Baixo
2022,2,2022-02-01,Sudeste,MG,Caatinga,19.53,42984.66,18,98.3,27.7,3156.46,37,Crítico
2022,2,2022-02-01,Sudeste,ES,Amazônia,97.78,33696.25,19,210.4,28.9,48724.32,1,Médio
2022,2,2022-02-01,Sudeste,ES,Pampa,40.21,52385.43,11,94.5,28.3,88501.33,20,Crítico
2022,2,2022-02-01,Sudeste,ES,Cerrado,16.08,43780.97,15,125.7,29.6,85861.73,10,Baixo
2022,2,2022-02-01,Sul,PR,Caatinga,90.76,20373.7,14,14.5,25.5,20445.81,7,Médio
2022,2,2022-02-01,Sul,PR,Pampa,93.46,34600.74,12,158.2,31.1,8482.7,26,Crítico
2022,2,2022-02-01,Sul,SC,Mata Atlântica,70.26,28444.64,15,95.6,27.1,55313.61,9,Crítico
2022,2,2022-02-01,Sul,SC,Mata Atlântica,53.48,69821.99,19,5.6,29.7,13613.75,14,Baixo
2022,2,2022-02-01,Sul,RS,Pampa,139.81,31223.34,15,53.6,25.1,71358.13,3,Crítico
2022,2,2022-02-01,Sul,RS,Pantanal,42.63,45075.46,18,165.9,26.0,76444.34,35,Crítico
2022,3,2022-03-01,Norte,AM,Pantanal,146.96,36272.08,15,49.3,23.4,59618.52,5,Médio
2022,3,2022-03-01,Norte,PA,Amazônia,69.6,59471.66,14,186.3,26.5,60876.27,17,Baixo
2022,3,2022-03-01,Norte,PA,Cerrado,177.75,9266.18,18,55.1,30.0,26092.59,32,Crítico
2022,3,2022-03-01,Norte,RO,Pantanal,188.9,20993.98,15,51.1,28.7,1335.15,4,Crítico
2022,3,2022-03-01,Norte,TO,Amazônia,6.0,68517.04,16,59.1,25.9,55100.18,7,Alto
2022,3,2022-03-01,Nordeste,BA,Amazônia,9.53,57322.0,22,64.7,26.3,4273.43,17,Médio
2022,3,2022-03-01,Nordeste,BA,Pantanal,45.31,73906.13,15,122.6,23.3,68660.14,16,Médio
2022,3,2022-03-01,Nordeste,PE,Caatinga,61.7,3819.82,8,47.9,26.2,37348.21,19,Crítico
2022,3,2022-03-01,Nordeste,PE,Caatinga,110.65,13948.45,17,131.0,23.3,7169.48,4,Crítico
2022,3,2022-03-01,Nordeste,CE,Caatinga,49.2,25506.05,21,48.8,32.2,19675.06,11,Crítico
2022,3,2022-03-01,Nordeste,CE,Cerrado,43.12,30396.64,8,108.7,25.2,34786.71,18,Crítico
2022,3,2022-03-01,Nordeste,MA,Caatinga,28.93,51821.59,13,171.9,31.1,9857.48,29,Crítico
2022,3,2022-03-01,Nordeste,PB,Pantanal,47.13,46501.52,16,116.7,24.9,62772.28,21,Baixo
2022,3,2022-03-01,Centro-Oeste,DF,Caatinga,10.9,55140.84,12,83.0,26.5,6843.67,1,Crítico
2022,3,2022-03-01,Centro-Oeste,GO,Caatinga,107.64,46235.93,12,113.7,25.2,31946.05,17,Médio
2022,3,2022-03-01,Centro-Oeste,GO,Amazônia,61.34,57306.61,13,69.0,26.7,81746.03,7,Médio
2022,3,2022-03-01,Centro-Oeste,MT,Amazônia,184.51,18043.72,16,39.5,28.7,47451.9,4,Baixo
2022,3,2022-03-01,Centro-Oeste,MS,Pampa,115.91,74425.16,16,134.6,28.4,15595.39,9,Alto
2022,3,2022-03-01,Sudeste,SP,Cerrado,19.47,33424.35,27,87.2,30.6,3542.1,20,Alto
2022,3,2022-03-01,Sudeste,SP,Caatinga,14.82,6899.39,25,113.0,22.7,25405.92,25,Alto
2022,3,2022-03-01,Sudeste,SP,Cerrado,33.21,9962.45,20,134.8,32.4,40926.76,36,Crítico
2022,3,2022-03-01,Sudeste,RJ,Cerrado,67.11,77179.03,14,118.0,28.6,39248.42,2,Baixo
2022,3,2022-03-01,Sudeste,RJ,Pantanal,115.52,49566.61,15,55.3,23.8,16090.9,28,Baixo
2022,3,2022-03-01,Sudeste,RJ,Pantanal,184.76,63545.73,11,88.1,23.8,63186.45,14,Crítico
2022,3,2022-03-01,Sudeste,RJ,Cerrado,40.19,51342.97,16,151.0,26.7,11506.99,22,Médio
2022,3,2022-03-01,Sudeste,MG,Caatinga,63.49,26604.5,11,146.6,29.6,50141.4,27,Baixo
2022,3,2022-03-01,Sudeste,MG,Caatinga,20.35,40435.17,16,121.6,23.5,38640.59,30,Alto
2022,3,2022-03-01,Sudeste,MG,Pampa,33.52,29620.27,17,127.3,19.7,40385.47,20,Baixo
2022,3,2022-03-01,Sudeste,ES,Pantanal,96.28,30723.09,16,67.3,31.4,62205.72,3,Baixo
2022,3,2022-03-01,Sudeste,ES,Cerrado,82.72,65071.83,16,154.2,30.6,61070.34,2,Baixo
2022,3,2022-03-01,Sudeste,ES,Cerrado,66.07,49085.73,13,167.1,26.5,12046.08,29,Alto
2022,3,2022-03-01,Sul,PR,Cerrado,81.65,24466.37,12,104.8,28.7,2082.93,32,Crítico
2022,3,2022-03-01,Sul,PR,Amazônia,107.17,61652.08,16,121.8,21.2,27201.89,16,Baixo
2022,3,2022-03-01,Sul,SC,Amazônia,213.23,70693.73,8,89.0,27.8,85689.0,13,Crítico
2022,3,2022-03-01,Sul,SC,Amazônia,79.16,36935.53,16,63.2,30.2,13771.85,21,Alto
2022,3,2022-03-01,Sul,RS,Pantanal,45.54,46406.17,15,59.6,20.3,72208.36,35,Médio
2022,3,2022-03-01,Sul,RS,Cerrado,9.72,46928.82,14,73.2,26.7,7463.33,28,Baixo
2022,4,2022-04-01,Norte,AM,Mata Atlântica,59.84,14126.09,12,76.5,23.7,50910.61,19,Alto
2022,4,2022-04-01,Norte,PA,Amazônia,22.65,66950.57,10,117.9,24.5,53056.77,37,Médio
2022,4,2022-04-01,Norte,PA,Caatinga,13.91,33053.64,22,119.8,25.4,14752.98,32,Médio
2022,4,2022-04-01,Norte,RO,Mata Atlântica,21.87,24210.51,13,55.9,27.7,63616.65,39,Baixo
2022,4,2022-04-01,Norte,TO,Caatinga,282.35,12708.53,9,143.4,29.3,58882.25,12,Crítico
2022,4,2022-04-01,Nordeste,BA,Amazônia,45.74,32874.5,21,50.6,29.8,50391.43,29,Baixo
2022,4,2022-04-01,Nordeste,BA,Mata Atlântica,28.59,47299.6,11,226.9,25.3,8714.39,34,Crítico
2022,4,2022-04-01,Nordeste,PE,Mata Atlântica,24.15,24907.7,13,110.6,32.3,28120.59,27,Baixo
2022,4,2022-04-01,Nordeste,PE,Cerrado,47.65,58354.42,13,118.8,27.7,65934.65,30,Crítico
2022,4,2022-04-01,Nordeste,CE,Amazônia,102.29,32581.91,13,67.7,21.3,84016.88,8,Alto
2022,4,2022-04-01,Nordeste,CE,Cerrado,120.39,42629.39,11,44.1,26.0,12832.57,14,Alto
2022,4,2022-04-01,Nordeste,MA,Mata Atlântica,13.27,39616.42,20,33.6,28.9,53357.8,13,Médio
2022,4,2022-04-01,Nordeste,PB,Mata Atlântica,47.63,30527.75,13,243.3,27.7,64627.65,16,Médio
2022,4,2022-04-01,Centro-Oeste,DF,Mata Atlântica,115.57,60837.37,17,94.4,27.5,59001.16,37,Médio
2022,4,2022-04-01,Centro-Oeste,GO,Pampa,106.68,25977.8,19,58.9,26.4,48343.68,4,Baixo
2022,4,2022-04-01,Centro-Oeste,GO,Pantanal,31.82,65352.65,11,281.6,29.2,43740.44,16,Crítico
2022,4,2022-04-01,Centro-Oeste,MT,Pampa,27.78,66354.58,8,91.8,25.0,14815.65,27,Alto
2022,4,2022-04-01,Centro-Oeste,MS,Caatinga,25.31,38292.57,15,108.4,25.2,73567.48,33,Médio
2022,4,2022-04-01,Sudeste,SP,Pantanal,74.21,10547.24,23,118.6,28.8,64189.31,17,Baixo
2022,4,2022-04-01,Sudeste,SP,Amazônia,103.06,12205.87,19,130.6,27.3,78534.99,20,Crítico
2022,4,2022-04-01,Sudeste,SP,Pampa,111.76,13854.64,12,34.0,28.4,15786.04,29,Crítico
2022,4,2022-04-01,Sudeste,RJ,Pantanal,12.03,75511.7,13,155.5,31.0,24440.68,31,Alto
2022,4,2022-04-01,Sudeste,RJ,Pampa,93.5,54763.99,18,112.2,24.2,7199.49,16,Médio
2022,4,2022-04-01,Sudeste,RJ,Amazônia,41.14,63810.9,18,75.9,23.8,83804.77,33,Alto
2022,4,2022-04-01,Sudeste,RJ,Caatinga,76.57,2726.23,20,62.2,27.7,20090.18,13,Médio
2022,4,2022-04-01,Sudeste,MG,Pampa,78.36,71807.21,11,88.3,31.3,27221.37,1,Crítico
2022,4,2022-04-01,Sudeste,MG,Cerrado,66.89,65510.85,18,92.0,25.0,15411.18,8,Alto
2022,4,2022-04-01,Sudeste,MG,Mata Atlântica,14.65,41851.02,10,42.1,24.3,67649.02,34,Baixo
2022,4,2022-04-01,Sudeste,ES,Mata Atlântica,37.29,4643.42,14,27.6,29.2,31502.23,16,Alto
2022,4,2022-04-01,Sudeste,ES,Amazônia,19.02,55926.62,21,205.0,23.0,13773.66,31,Alto
2022,4,2022-04-01,Sudeste,ES,Pantanal,75.13,62594.12,13,43.5,23.7,35011.2,9,Médio
2022,4,2022-04-01,Sul,PR,Caatinga,46.25,12104.88,11,117.8,25.7,3165.4,32,Alto
2022,4,2022-04-01,Sul,PR,Mata Atlântica,67.36,30030.94,19,66.4,23.6,45637.65,3,Médio
2022,4,2022-04-01,Sul,SC,Pantanal,52.2,30183.5,21,84.2,25.8,53104.82,1,Baixo
2022,4,2022-04-01,Sul,SC,Mata Atlântica,36.08,15322.29,15,27.3,29.6,9262.38,9,Médio
2022,4,2022-04-01,Sul,RS,Mata Atlântica,65.61,25004.01,15,140.5,29.7,15479.14,15,Alto
2022,4,2022-04-01,Sul,RS,Pantanal,90.63,29044.65,21,54.7,25.4,82568.1,17,Médio
2022,5,2022-05-01,Norte,AM,Amazônia,146.25,37422.12,16,86.3,22.2,83739.48,21,Médio
2022,5,2022-05-01,Norte,PA,Mata Atlântica,43.48,19062.53,18,124.1,32.5,78084.12,3,Médio
2022,5,2022-05-01,Norte,PA,Caatinga,54.62,74902.48,19,42.1,25.2,82534.83,4,Médio
2022,5,2022-05-01,Norte,RO,Cerrado,39.58,54808.85,10,95.4,31.7,75564.93,17,Crítico
2022,5,2022-05-01,Norte,TO,Pantanal,107.18,7942.0,18,113.2,21.4,4669.49,12,Baixo
2022,5,2022-05-01,Nordeste,BA,Pantanal,157.55,17386.51,13,57.4,25.9,5218.29,14,Baixo
2022,5,2022-05-01,Nordeste,BA,Caatinga,111.79,1915.54,14,35.6,23.9,40109.18,27,Alto
2022,5,2022-05-01,Nordeste,PE,Pantanal,39.16,24121.45,15,50.7,28.6,66124.04,13,Crítico
2022,5,2022-05-01,Nordeste,PE,Mata Atlântica,83.65,15727.32,20,41.9,29.3,10826.75,38,Crítico
2022,5,2022-05-01,Nordeste,CE,Mata Atlântica,166.34,4887.66,13,178.9,21.8,22012.91,2,Médio
2022,5,2022-05-01,Nordeste,CE,Amazônia,16.2,8546.69,20,157.8,28.3,20096.17,16,Crítico
2022,5,2022-05-01,Nordeste,MA,Pampa,133.45,56694.98,20,63.3,27.3,20901.18,31,Alto
2022,5,2022-05-01,Nordeste,PB,Pampa,72.48,70191.13,23,159.3,28.2,77745.83,31,Médio
2022,5,2022-05-01,Centro-Oeste,DF,Pantanal,9.48,46601.59,18,272.4,21.0,7118.06,32,Crítico
2022,5,2022-05-01,Centro-Oeste,GO,Pantanal,54.17,79633.13,15,67.5,26.1,70486.62,5,Alto
2022,5,2022-05-01,Centro-Oeste,GO,Mata Atlântica,46.5,35839.97,21,79.9,28.8,43466.16,35,Alto
2022,5,2022-05-01,Centro-Oeste,MT,Mata Atlântica,23.77,12034.28,9,143.9,29.6,14793.88,29,Crítico
2022,5,2022-05-01,Centro-Oeste,MS,Cerrado,75.76,16259.76,21,93.7,31.9,13911.88,32,Alto
2022,5,2022-05-01,Sudeste,SP,Cerrado,51.9,8648.77,12,36.1,30.1,25735.98,30,Baixo
2022,5,2022-05-01,Sudeste,SP,Pantanal,61.79,29833.18,20,48.7,28.7,51067.83,1,Crítico
2022,5,2022-05-01,Sudeste,SP,Cerrado,21.48,47209.33,9,111.5,30.2,53302.21,37,Alto
2022,5,2022-05-01,Sudeste,RJ,Amazônia,86.76,39222.79,12,55.8,27.2,79147.21,6,Alto
2022,5,2022-05-01,Sudeste,RJ,Mata Atlântica,14.94,3240.13,13,26.0,23.4,37374.49,22,Baixo
2022,5,2022-05-01,Sudeste,RJ,Pantanal,59.46,2625.42,14,76.2,24.9,65123.18,9,Médio
2022,5,2022-05-01,Sudeste,RJ,Caatinga,29.97,61216.18,9,50.4,24.6,86123.37,19,Alto
2022,5,2022-05-01,Sudeste,MG,Pampa,88.61,25695.73,7,97.7,25.6,39080.51,23,Alto
2022,5,2022-05-01,Sudeste,MG,Mata Atlântica,35.99,32023.53,14,133.6,32.0,47305.64,32,Baixo
2022,5,2022-05-01,Sudeste,MG,Pampa,44.26,24839.6,18,40.5,26.5,10709.64,25,Crítico
2022,5,2022-05-01,Sudeste,ES,Mata Atlântica,194.62,6984.54,13,103.5,24.8,20171.15,18,Alto
2022,5,2022-05-01,Sudeste,ES,Mata Atlântica,13.55,31976.07,8,25.4,28.2,64901.76,5,Médio
2022,5,2022-05-01,Sudeste,ES,Pantanal,75.16,42409.24,18,92.1,27.5,70332.64,36,Baixo
2022,5,2022-05-01,Sul,PR,Cerrado,33.94,43507.91,19,51.2,24.6,55702.61,7,Alto
2022,5,2022-05-01,Sul,PR,Pampa,10.42,18131.94,18,56.4,25.4,81482.07,31,Baixo
2022,5,2022-05-01,Sul,SC,Pampa,105.7,3175.37,17,149.9,25.9,18189.27,29,Crítico
2022,5,2022-05-01,Sul,SC,Caatinga,15.61,68578.77,17,226.2,24.6,33081.74,33,Médio
2022,5,2022-05-01,Sul,RS,Pantanal,63.19,26950.46,17,169.0,21.1,85262.4,36,Médio
2022,5,2022-05-01,Sul,RS,Caatinga,109.14,55801.73,11,59.4,28.5,34353.88,21,Médio
2022,6,2022-06-01,Norte,AM,Pantanal,51.0,14135.56,11,113.7,32.5,55201.49,20,Baixo
2022,6,2022-06-01,Norte,PA,Cerrado,25.97,41113.09,17,16.1,26.6,73365.17,9,Alto
2022,6,2022-06-01,Norte,PA,Pantanal,36.48,2359.17,16,51.1,29.7,5741.52,21,Crítico
2022,6,2022-06-01,Norte,RO,Cerrado,98.38,55525.79,21,115.4,30.7,74305.31,6,Médio
2022,6,2022-06-01,Norte,TO,Mata Atlântica,118.45,64111.69,18,144.2,21.0,33585.8,37,Baixo
2022,6,2022-06-01,Nordeste,BA,Pantanal,27.4,62120.89,10,48.8,29.1,82432.53,38,Médio
2022,6,2022-06-01,Nordeste,BA,Pantanal,87.33,65794.11,14,44.3,26.2,83044.94,32,Alto
2022,6,2022-06-01,Nordeste,PE,Pantanal,75.73,33653.31,12,23.0,25.7,63797.54,21,Médio
2022,6,2022-06-01,Nordeste,PE,Pampa,51.4,50991.48,20,147.1,21.4,3903.5,34,Alto
2022,6,2022-06-01,Nordeste,CE,Cerrado,25.95,52063.78,16,206.2,24.3,85063.61,27,Crítico
2022,6,2022-06-01,Nordeste,CE,Cerrado,7.11,23794.71,16,19.1,25.7,11858.43,31,Médio
2022,6,2022-06-01,Nordeste,MA,Pampa,16.39,46416.01,11,76.1,26.0,38529.24,15,Baixo
2022,6,2022-06-01,Nordeste,PB,Amazônia,24.1,37707.02,15,39.8,25.4,22049.88,11,Baixo
2022,6,2022-06-01,Centro-Oeste,DF,Amazônia,30.07,7355.33,11,151.2,25.6,87535.06,5,Baixo
2022,6,2022-06-01,Centro-Oeste,GO,Pampa,9.11,8194.36,8,173.1,23.4,89959.36,17,Baixo
2022,6,2022-06-01,Centro-Oeste,GO,Mata Atlântica,113.24,55598.06,11,111.7,31.2,59192.11,30,Médio
2022,6,2022-06-01,Centro-Oeste,MT,Amazônia,61.62,18715.43,14,69.1,26.3,14429.36,3,Médio
2022,6,2022-06-01,Centro-Oeste,MS,Pantanal,26.31,55527.51,15,40.6,25.5,27101.1,11,Alto
2022,6,2022-06-01,Sudeste,SP,Pampa,27.06,3628.42,13,36.6,25.4,10045.8,10,Crítico
2022,6,2022-06-01,Sudeste,SP,Pantanal,37.02,2934.84,18,57.0,29.5,58526.54,21,Médio
2022,6,2022-06-01,Sudeste,SP,Pampa,56.22,68758.12,9,79.1,26.6,55362.37,1,Baixo
2022,6,2022-06-01,Sudeste,RJ,Pantanal,67.42,10320.59,14,162.3,27.3,85780.81,4,Baixo
2022,6,2022-06-01,Sudeste,RJ,Mata Atlântica,80.27,51936.57,16,17.7,25.8,78776.95,23,Crítico
2022,6,2022-06-01,Sudeste,RJ,Mata Atlântica,62.61,74173.87,23,128.9,30.6,59050.53,29,Médio
2022,6,2022-06-01,Sudeste,RJ,Mata Atlântica,5.15,67288.69,8,112.5,25.2,24105.98,31,Alto
2022,6,2022-06-01,Sudeste,MG,Pantanal,69.74,45642.0,13,30.1,26.4,4907.63,14,Baixo
2022,6,2022-06-01,Sudeste,MG,Caatinga,21.17,43947.43,12,47.0,24.3,3097.64,7,Crítico
2022,6,2022-06-01,Sudeste,MG,Amazônia,44.78,72333.37,13,67.8,35.2,34311.48,24,Alto
2022,6,2022-06-01,Sudeste,ES,Amazônia,24.88,43146.24,10,83.6,20.8,39133.12,7,Médio
2022,6,2022-06-01,Sudeste,ES,Mata Atlântica,167.43,73141.39,16,111.7,31.5,21362.55,23,Médio
2022,6,2022-06-01,Sudeste,ES,Amazônia,46.06,32316.01,13,40.6,27.8,50742.91,11,Baixo
2022,6,2022-06-01,Sul,PR,Caatinga,42.34,4329.36,17,153.9,31.8,60044.44,5,Crítico
2022,6,2022-06-01,Sul,PR,Pantanal,62.44,66538.99,20,121.6,27.0,1364.92,7,Médio
2022,6,2022-06-01,Sul,SC,Caatinga,85.24,2117.31,24,151.2,27.6,27937.44,30,Alto
2022,6,2022-06-01,Sul,SC,Cerrado,58.82,76685.56,17,65.7,28.6,86760.46,20,Baixo
2022,6,2022-06-01,Sul,RS,Cerrado,120.03,47259.63,14,71.7,23.9,31374.92,25,Alto
2022,6,2022-06-01,Sul,RS,Mata Atlântica,57.06,65221.9,14,137.7,28.2,5101.86,7,Baixo
2022,7,2022-07-01,Norte,AM,Caatinga,110.13,33719.23,22,100.0,28.1,46934.58,11,Crítico
2022,7,2022-07-01,Norte,PA,Pantanal,85.24,32030.38,13,71.0,24.1,24451.75,6,Médio
2022,7,2022-07-01,Norte,PA,Cerrado,48.37,79328.08,21,51.9,27.8,34491.42,22,Baixo
2022,7,2022-07-01,Norte,RO,Amazônia,130.27,26020.17,22,194.1,24.2,85869.73,3,Médio
2022,7,2022-07-01,Norte,TO,Mata Atlântica,149.74,11312.48,12,47.5,26.3,40711.28,16,Alto
2022,7,2022-07-01,Nordeste,BA,Mata Atlântica,11.03,45153.19,17,155.0,25.5,63171.09,15,Crítico
2022,7,2022-07-01,Nordeste,BA,Mata Atlântica,67.35,64363.32,14,28.6,26.1,68800.1,24,Crítico
2022,7,2022-07-01,Nordeste,PE,Pantanal,21.46,25691.6,17,55.3,30.5,30006.03,32,Crítico
2022,7,2022-07-01,Nordeste,PE,Amazônia,113.6,49611.29,6,33.4,28.8,46498.5,30,Baixo
2022,7,2022-07-01,Nordeste,CE,Pantanal,80.01,5858.71,22,83.7,26.6,80032.46,27,Baixo
2022,7,2022-07-01,Nordeste,CE,Caatinga,33.55,67114.78,13,114.7,23.9,60852.14,20,Alto
2022,7,2022-07-01,Nordeste,MA,Pantanal,143.45,32193.0,12,112.0,24.6,23978.95,19,Alto
2022,7,2022-07-01,Nordeste,PB,Pampa,46.78,53761.5,18,49.7,34.5,42488.89,33,Baixo
2022,7,2022-07-01,Centro-Oeste,DF,Cerrado,24.95,57324.44,13,146.7,30.1,87326.43,24,Alto
2022,7,2022-07-01,Centro-Oeste,GO,Caatinga,21.45,30911.95,24,61.0,25.4,69388.85,15,Crítico
2022,7,2022-07-01,Centro-Oeste,GO,Caatinga,70.74,60199.86,15,187.3,25.4,45862.68,2,Baixo
2022,7,2022-07-01,Centro-Oeste,MT,Caatinga,33.15,71609.49,15,63.6,22.9,76240.83,3,Crítico
2022,7,2022-07-01,Centro-Oeste,MS,Mata Atlântica,144.56,64382.14,16,34.3,24.2,88279.37,9,Médio
2022,7,2022-07-01,Sudeste,SP,Caatinga,179.93,14122.95,16,30.7,31.0,13834.51,28,Médio
2022,7,2022-07-01,Sudeste,SP,Pampa,99.62,37892.74,15,13.6,25.4,70127.82,12,Alto
2022,7,2022-07-01,Sudeste,SP,Cerrado,71.35,9344.32,12,92.7,25.9,28980.99,23,Baixo
2022,7,2022-07-01,Sudeste,RJ,Cerrado,39.91,55635.38,14,100.9,26.2,70797.6,28,Crítico
2022,7,2022-07-01,Sudeste,RJ,Pantanal,134.41,37208.37,15,62.5,32.0,56337.46,9,Alto
2022,7,2022-07-01,Sudeste,RJ,Mata Atlântica,187.06,37649.57,17,82.8,25.1,10213.35,7,Baixo
2022,7,2022-07-01,Sudeste,RJ,Caatinga,112.27,24861.12,13,33.1,26.1,4605.51,30,Baixo
2022,7,2022-07-01,Sudeste,MG,Cerrado,12.16,67132.73,11,126.5,28.6,67522.53,35,Médio
2022,7,2022-07-01,Sudeste,MG,Pantanal,38.26,79292.24,15,177.4,30.2,44412.52,35,Baixo
2022,7,2022-07-01,Sudeste,MG,Caatinga,31.03,63700.53,13,44.1,24.7,22439.41,23,Médio
2022,7,2022-07-01,Sudeste,ES,Pantanal,72.0,16485.49,16,108.1,31.5,17943.31,14,Alto
2022,7,2022-07-01,Sudeste,ES,Caatinga,128.96,78757.71,13,39.1,31.3,80886.73,7,Baixo
2022,7,2022-07-01,Sudeste,ES,Amazônia,5.93,45545.22,15,76.2,27.1,66636.36,34,Crítico
2022,7,2022-07-01,Sul,PR,Pampa,67.03,54245.69,16,41.3,27.2,53329.63,14,Alto
2022,7,2022-07-01,Sul,PR,Mata Atlântica,62.54,11971.98,8,149.9,25.7,38041.81,7,Baixo
2022,7,2022-07-01,Sul,SC,Amazônia,97.64,37998.03,21,121.3,23.0,47509.56,38,Alto
2022,7,2022-07-01,Sul,SC,Pampa,32.58,54883.19,19,11.5,27.0,42570.83,2,Crítico
2022,7,2022-07-01,Sul,RS,Caatinga,33.11,73749.58,17,37.6,28.4,82662.04,23,Alto
2022,7,2022-07-01,Sul,RS,Amazônia,110.17,46693.22,16,64.1,24.9,21334.98,27,Baixo
2022,8,2022-08-01,Norte,AM,Cerrado,88.78,56486.81,13,86.3,26.2,27881.54,20,Alto
2022,8,2022-08-01,Norte,PA,Amazônia,62.16,3908.77,19,36.0,25.0,16697.81,25,Médio
2022,8,2022-08-01,Norte,PA,Cerrado,32.53,36820.57,10,151.0,26.9,74548.25,27,Médio
2022,8,2022-08-01,Norte,RO,Caatinga,37.55,75598.83,15,30.1,28.6,74533.8,21,Crítico
2022,8,2022-08-01,Norte,TO,Amazônia,3.88,59897.61,10,160.8,28.0,69713.64,28,Crítico
2022,8,2022-08-01,Nordeste,BA,Amazônia,20.93,27933.65,11,95.9,25.0,54717.34,27,Médio
2022,8,2022-08-01,Nordeste,BA,Pantanal,71.48,25042.66,20,120.2,27.3,14820.94,34,Crítico
2022,8,2022-08-01,Nordeste,PE,Caatinga,42.51,61637.4,20,66.1,33.4,11648.02,35,Médio
2022,8,2022-08-01,Nordeste,PE,Pantanal,98.78,3853.97,23,135.4,31.4,27965.48,37,Crítico
2022,8,2022-08-01,Nordeste,CE,Mata Atlântica,29.63,56557.91,17,97.3,26.9,82702.04,17,Crítico
2022,8,2022-08-01,Nordeste,CE,Cerrado,147.04,8141.55,19,95.8,21.5,47254.24,9,Alto
2022,8,2022-08-01,Nordeste,MA,Pantanal,38.83,35667.5,18,58.2,22.8,72311.89,11,Crítico
2022,8,2022-08-01,Nordeste,PB,Pantanal,36.97,55521.43,19,239.5,27.4,47706.3,2,Baixo
2022,8,2022-08-01,Centro-Oeste,DF,Mata Atlântica,29.95,49370.39,12,108.7,26.7,21539.29,26,Alto
2022,8,2022-08-01,Centro-Oeste,GO,Mata Atlântica,48.41,79782.09,15,48.1,25.3,36806.69,39,Alto
2022,8,2022-08-01,Centro-Oeste,GO,Mata Atlântica,228.25,14360.85,18,148.8,28.6,39862.3,34,Médio
2022,8,2022-08-01,Centro-Oeste,MT,Mata Atlântica,101.25,26308.73,12,117.5,28.7,76190.63,21,Médio
2022,8,2022-08-01,Centro-Oeste,MS,Mata Atlântica,90.62,79860.44,15,39.0,32.3,38791.14,34,Baixo
2022,8,2022-08-01,Sudeste,SP,Pampa,16.98,75913.43,16,62.0,27.1,49244.8,8,Alto
2022,8,2022-08-01,Sudeste,SP,Amazônia,46.1,15127.23,13,59.1,24.0,10764.45,28,Crítico
2022,8,2022-08-01,Sudeste,SP,Pampa,73.24,73372.74,8,135.8,25.6,40579.05,1,Médio
2022,8,2022-08-01,Sudeste,RJ,Mata Atlântica,75.38,58216.53,21,60.7,24.8,48590.8,18,Crítico
2022,8,2022-08-01,Sudeste,RJ,Amazônia,90.24,71887.63,16,49.4,26.7,56803.69,37,Alto
2022,8,2022-08-01,Sudeste,RJ,Pantanal,110.17,70147.79,22,77.0,27.3,35004.53,30,Crítico
2022,8,2022-08-01,Sudeste,RJ,Caatinga,72.49,3551.78,12,55.0,26.9,47856.89,31,Alto
2022,8,2022-08-01,Sudeste,MG,Caatinga,97.5,25817.79,23,142.3,31.9,71118.01,13,Baixo
2022,8,2022-08-01,Sudeste,MG,Pantanal,71.43,68883.8,15,111.0,30.1,86536.74,3,Médio
2022,8,2022-08-01,Sudeste,MG,Pantanal,51.87,67356.62,11,120.6,28.7,9251.21,1,Crítico
2022,8,2022-08-01,Sudeste,ES,Amazônia,62.41,32186.33,23,146.2,26.4,42419.01,15,Alto
2022,8,2022-08-01,Sudeste,ES,Amazônia,14.77,12552.51,17,118.5,30.1,71406.96,24,Médio
2022,8,2022-08-01,Sudeste,ES,Caatinga,15.75,50580.43,18,141.1,30.1,56788.28,34,Alto
2022,8,2022-08-01,Sul,PR,Pantanal,48.28,64838.18,22,155.9,27.4,24707.49,39,Baixo
2022,8,2022-08-01,Sul,PR,Amazônia,75.2,72672.78,21,93.5,26.7,22329.78,38,Baixo
2022,8,2022-08-01,Sul,SC,Amazônia,102.59,79305.04,9,34.7,24.7,47910.06,18,Médio
2022,8,2022-08-01,Sul,SC,Caatinga,57.99,31290.22,15,9.7,29.3,43090.24,33,Crítico
2022,8,2022-08-01,Sul,RS,Caatinga,8.85,4826.84,21,139.9,27.3,54837.42,20,Alto
2022,8,2022-08-01,Sul,RS,Pampa,58.2,38651.2,13,48.2,27.8,60884.1,38,Médio
2022,9,2022-09-01,Norte,AM,Pantanal,36.19,55282.68,10,84.5,28.3,38274.79,35,Crítico
2022,9,2022-09-01,Norte,PA,Caatinga,2.26,65460.94,13,39.1,31.7,42183.78,34,Crítico
2022,9,2022-09-01,Norte,PA,Caatinga,14.9,41402.66,7,90.2,25.5,87170.28,37,Crítico
2022,9,2022-09-01,Norte,RO,Caatinga,83.6,38007.15,18,71.2,29.4,77379.29,8,Médio
2022,9,2022-09-01,Norte,TO,Amazônia,99.56,76315.97,16,277.3,28.4,1125.75,27,Crítico
2022,9,2022-09-01,Nordeste,BA,Pantanal,144.18,60968.46,12,110.6,26.0,66355.13,39,Médio
2022,9,2022-09-01,Nordeste,BA,Pampa,56.44,79708.53,20,101.3,28.0,18170.35,39,Alto
2022,9,2022-09-01,Nordeste,PE,Cerrado,124.38,28084.63,21,96.5,25.6,57116.8,27,Baixo
2022,9,2022-09-01,Nordeste,PE,Cerrado,51.38,64530.73,24,54.0,28.6,64759.93,12,Baixo
2022,9,2022-09-01,Nordeste,CE,Mata Atlântica,83.22,1304.43,8,55.6,28.4,1701.77,10,Alto
2022,9,2022-09-01,Nordeste,CE,Cerrado,49.4,44544.76,18,74.0,24.8,74641.62,36,Crítico
2022,9,2022-09-01,Nordeste,MA,Pampa,36.17,3299.99,19,48.9,29.2,43118.37,23,Baixo
2022,9,2022-09-01,Nordeste,PB,Pampa,88.41,8111.78,15,102.4,23.9,59920.94,36,Alto
2022,9,2022-09-01,Centro-Oeste,DF,Mata Atlântica,46.9,7074.62,13,39.7,27.7,42105.43,22,Baixo
2022,9,2022-09-01,Centro-Oeste,GO,Caatinga,47.45,47892.89,10,20.9,24.8,72647.9,13,Médio
2022,9,2022-09-01,Centro-Oeste,GO,Caatinga,38.11,43763.63,24,21.5,29.8,62638.88,36,Alto
2022,9,2022-09-01,Centro-Oeste,MT,Pantanal,33.77,22042.24,14,111.6,26.1,13052.33,2,Médio
2022,9,2022-09-01,Centro-Oeste,MS,Cerrado,159.6,4432.34,14,78.0,34.4,31571.94,8,Baixo
2022,9,2022-09-01,Sudeste,SP,Pampa,6.14,57649.65,14,78.3,29.8,89535.82,33,Alto
2022,9,2022-09-01,Sudeste,SP,Pampa,44.14,48087.28,8,117.2,33.5,73224.0,34,Crítico
2022,9,2022-09-01,Sudeste,SP,Amazônia,99.19,37390.34,12,217.5,29.2,51873.59,11,Médio
2022,9,2022-09-01,Sudeste,RJ,Pampa,75.43,42936.39,16,149.7,25.0,29316.46,22,Alto
2022,9,2022-09-01,Sudeste,RJ,Pampa,147.71,69188.21,16,22.2,24.0,82283.45,31,Baixo
2022,9,2022-09-01,Sudeste,RJ,Pantanal,181.17,62298.93,15,87.3,29.5,14224.07,15,Médio
2022,9,2022-09-01,Sudeste,RJ,Amazônia,63.76,16635.72,11,58.2,29.9,20038.06,29,Médio
2022,9,2022-09-01,Sudeste,MG,Mata Atlântica,10.37,30270.47,14,132.9,30.0,86008.16,19,Crítico
2022,9,2022-09-01,Sudeste,MG,Pampa,141.01,31906.75,16,23.2,29.4,27635.23,35,Baixo
2022,9,2022-09-01,Sudeste,MG,Amazônia,35.07,28159.0,18,43.3,33.5,52089.94,28,Alto
2022,9,2022-09-01,Sudeste,ES,Cerrado,95.78,39697.87,15,99.7,26.7,89772.55,15,Crítico
2022,9,2022-09-01,Sudeste,ES,Amazônia,106.29,40691.4,19,77.6,19.9,36602.25,14,Baixo
2022,9,2022-09-01,Sudeste,ES,Pampa,32.24,24925.66,20,67.3,17.1,22876.84,33,Baixo
2022,9,2022-09-01,Sul,PR,Pantanal,40.59,65764.03,12,14.4,30.5,54806.6,21,Médio
2022,9,2022-09-01,Sul,PR,Amazônia,4.04,56458.53,11,54.0,25.7,85964.47,3,Crítico
2022,9,2022-09-01,Sul,SC,Mata Atlântica,65.01,43709.34,15,96.8,25.6,7162.46,34,Médio
2022,9,2022-09-01,Sul,SC,Mata Atlântica,75.62,57100.94,23,43.5,26.7,7832.28,34,Alto
2022,9,2022-09-01,Sul,RS,Mata Atlântica,19.92,49848.75,10,87.6,26.0,37072.52,7,Médio
2022,9,2022-09-01,Sul,RS,Caatinga,30.78,12693.73,12,63.3,27.7,45450.14,12,Alto
2022,10,2022-10-01,Norte,AM,Mata Atlântica,102.02,11236.67,19,118.9,27.9,11536.65,14,Médio
2022,10,2022-10-01,Norte,PA,Cerrado,54.24,76667.58,16,84.5,27.0,32563.73,12,Alto
2022,10,2022-10-01,Norte,PA,Caatinga,54.76,20700.08,13,56.4,24.8,29957.64,10,Crítico
2022,10,2022-10-01,Norte,RO,Amazônia,23.35,45707.16,15,67.8,33.0,45018.3,34,Baixo
2022,10,2022-10-01,Norte,TO,Amazônia,64.36,44560.38,15,112.9,26.6,50557.7,17,Crítico
2022,10,2022-10-01,Nordeste,BA,Cerrado,124.86,46658.79,19,141.4,29.5,9744.54,6,Médio
2022,10,2022-10-01,Nordeste,BA,Mata Atlântica,23.99,51186.31,10,73.3,28.1,36147.14,26,Crítico
2022,10,2022-10-01,Nordeste,PE,Amazônia,150.47,73613.48,10,126.7,25.8,11317.88,19,Alto
2022,10,2022-10-01,Nordeste,PE,Amazônia,153.74,50266.23,13,12.3,28.9,38843.6,35,Alto
2022,10,2022-10-01,Nordeste,CE,Mata Atlântica,110.71,3970.94,19,72.0,31.0,28813.08,10,Médio
2022,10,2022-10-01,Nordeste,CE,Mata Atlântica,154.37,51595.75,19,111.2,31.2,28582.15,34,Alto
2022,10,2022-10-01,Nordeste,MA,Amazônia,47.58,25331.4,18,59.1,30.4,39526.02,20,Baixo
2022,10,2022-10-01,Nordeste,PB,Mata Atlântica,119.0,38117.16,20,30.2,25.7,13382.33,5,Alto
2022,10,2022-10-01,Centro-Oeste,DF,Caatinga,31.55,78948.46,13,71.6,24.3,50569.59,33,Médio
2022,10,2022-10-01,Centro-Oeste,GO,Mata Atlântica,9.59,77197.21,12,31.2,26.0,3618.69,14,Alto
2022,10,2022-10-01,Centro-Oeste,GO,Amazônia,13.59,21493.67,10,43.8,26.6,8101.08,38,Médio
2022,10,2022-10-01,Centro-Oeste,MT,Amazônia,109.69,21385.87,14,96.6,24.0,55689.87,7,Médio
2022,10,2022-10-01,Centro-Oeste,MS,Caatinga,22.26,36995.69,14,74.5,29.4,80011.74,19,Alto
2022,10,2022-10-01,Sudeste,SP,Caatinga,123.35,46258.52,13,56.2,35.2,79555.09,21,Alto
2022,10,2022-10-01,Sudeste,SP,Amazônia,225.44,76039.95,12,85.7,30.3,44989.14,5,Médio
2022,10,2022-10-01,Sudeste,SP,Amazônia,52.74,60488.57,14,169.2,29.2,61961.08,13,Alto
2022,10,2022-10-01,Sudeste,RJ,Pampa,135.18,28592.46,17,99.6,32.2,72013.36,5,Baixo
2022,10,2022-10-01,Sudeste,RJ,Pantanal,64.88,10121.36,14,26.8,24.9,30075.85,8,Médio
2022,10,2022-10-01,Sudeste,RJ,Pampa,44.74,67056.92,8,150.9,21.0,77152.57,11,Alto
2022,10,2022-10-01,Sudeste,RJ,Amazônia,25.37,58613.25,16,79.3,26.2,29645.09,31,Médio
2022,10,2022-10-01,Sudeste,MG,Amazônia,227.71,13297.02,12,95.8,27.5,33932.51,31,Crítico
2022,10,2022-10-01,Sudeste,MG,Pantanal,9.83,16256.66,16,89.3,23.7,23564.82,22,Baixo
2022,10,2022-10-01,Sudeste,MG,Pampa,72.19,24388.76,16,103.5,24.9,18333.2,35,Crítico
2022,10,2022-10-01,Sudeste,ES,Caatinga,51.99,47199.93,20,196.5,25.9,57598.32,32,Baixo
2022,10,2022-10-01,Sudeste,ES,Amazônia,186.28,58043.76,10,103.5,26.0,45603.93,32,Médio
2022,10,2022-10-01,Sudeste,ES,Caatinga,32.21,43507.86,15,86.8,31.2,2269.76,39,Baixo
2022,10,2022-10-01,Sul,PR,Pantanal,20.64,17698.08,12,107.5,29.2,51122.78,1,Crítico
2022,10,2022-10-01,Sul,PR,Mata Atlântica,117.21,37056.0,18,76.6,26.0,68581.59,25,Médio
2022,10,2022-10-01,Sul,SC,Pampa,98.45,71988.17,14,38.0,29.1,50417.48,24,Alto
2022,10,2022-10-01,Sul,SC,Cerrado,53.41,29083.68,15,100.9,26.8,86980.17,31,Crítico
2022,10,2022-10-01,Sul,RS,Mata Atlântica,50.64,46393.93,12,116.0,26.1,20150.06,1,Crítico
2022,10,2022-10-01,Sul,RS,Pampa,107.21,15831.4,19,112.6,30.5,80710.82,24,Médio
2022,11,2022-11-01,Norte,AM,Caatinga,121.93,11075.76,16,89.1,35.6,13060.87,35,Baixo
2022,11,2022-11-01,Norte,PA,Pantanal,30.37,48484.35,9,55.4,30.2,78897.68,15,Médio
2022,11,2022-11-01,Norte,PA,Caatinga,29.81,7429.11,12,69.3,30.9,77768.95,36,Médio
2022,11,2022-11-01,Norte,RO,Cerrado,83.94,56365.78,15,131.0,28.7,71861.44,8,Crítico
2022,11,2022-11-01,Norte,TO,Amazônia,15.02,60928.83,19,213.8,27.7,64844.3,4,Crítico
2022,11,2022-11-01,Nordeste,BA,Caatinga,198.17,39460.04,11,190.9,25.7,73497.58,1,Médio
2022,11,2022-11-01,Nordeste,BA,Mata Atlântica,30.39,10280.8,12,34.2,25.6,88449.3,20,Baixo
2022,11,2022-11-01,Nordeste,PE,Mata Atlântica,67.26,13603.21,12,20.7,26.2,35250.57,14,Médio
2022,11,2022-11-01,Nordeste,PE,Pampa,187.71,27365.77,20,118.6,25.4,78717.24,29,Alto
2022,11,2022-11-01,Nordeste,CE,Mata Atlântica,63.02,37651.8,19,70.3,26.6,14908.17,17,Baixo
2022,11,2022-11-01,Nordeste,CE,Amazônia,60.97,38426.51,24,13.2,29.2,43736.0,10,Crítico
2022,11,2022-11-01,Nordeste,MA,Mata Atlântica,60.14,18276.96,11,62.8,26.1,49465.85,3,Alto
2022,11,2022-11-01,Nordeste,PB,Amazônia,219.06,2366.9,12,17.1,25.5,63251.18,9,Alto
2022,11,2022-11-01,Centro-Oeste,DF,Caatinga,26.23,6251.56,8,65.1,32.1,33147.39,28,Crítico
2022,11,2022-11-01,Centro-Oeste,GO,Amazônia,83.18,4099.59,16,72.8,27.7,43495.91,2,Baixo
2022,11,2022-11-01,Centro-Oeste,GO,Mata Atlântica,113.62,42776.14,11,97.6,25.8,67238.05,20,Baixo
2022,11,2022-11-01,Centro-Oeste,MT,Cerrado,78.76,2535.66,13,81.8,30.2,40544.66,22,Baixo
2022,11,2022-11-01,Centro-Oeste,MS,Pantanal,67.65,30185.95,23,135.8,30.7,67821.74,33,Médio
2022,11,2022-11-01,Sudeste,SP,Mata Atlântica,99.55,24166.6,12,226.0,30.6,45972.4,27,Crítico
2022,11,2022-11-01,Sudeste,SP,Amazônia,145.49,37562.4,20,121.7,27.9,40245.2,14,Crítico
2022,11,2022-11-01,Sudeste,SP,Caatinga,30.7,30048.68,19,89.4,29.3,47254.19,10,Médio
2022,11,2022-11-01,Sudeste,RJ,Mata Atlântica,107.5,75457.65,10,84.0,29.3,9755.68,25,Alto
2022,11,2022-11-01,Sudeste,RJ,Pampa,166.59,62224.69,14,23.5,24.3,52409.33,18,Baixo
2022,11,2022-11-01,Sudeste,RJ,Mata Atlântica,164.23,44658.99,15,82.6,25.2,34967.56,23,Médio
2022,11,2022-11-01,Sudeste,RJ,Cerrado,52.03,16075.15,12,63.6,22.4,20527.44,3,Crítico
2022,11,2022-11-01,Sudeste,MG,Pantanal,141.4,69075.95,17,15.2,31.2,86684.53,12,Baixo
2022,11,2022-11-01,Sudeste,MG,Pantanal,128.2,21330.57,19,55.8,24.5,81574.1,29,Baixo
2022,11,2022-11-01,Sudeste,MG,Pampa,47.84,9406.76,12,48.5,29.0,12394.94,17,Baixo
2022,11,2022-11-01,Sudeste,ES,Mata Atlântica,49.75,74336.93,14,148.6,24.5,37489.39,7,Médio
2022,11,2022-11-01,Sudeste,ES,Pampa,41.59,39314.06,14,258.1,18.4,3092.31,33,Alto
2022,11,2022-11-01,Sudeste,ES,Caatinga,65.58,68687.18,19,44.0,24.7,2641.07,12,Alto
2022,11,2022-11-01,Sul,PR,Mata Atlântica,68.45,11337.2,21,49.4,26.3,60881.63,23,Crítico
2022,11,2022-11-01,Sul,PR,Pantanal,25.72,55030.77,21,19.5,28.0,77764.48,10,Alto
2022,11,2022-11-01,Sul,SC,Pantanal,48.43,67340.49,9,74.4,26.8,76828.85,38,Médio
2022,11,2022-11-01,Sul,SC,Mata Atlântica,50.78,18922.12,19,184.0,25.0,82374.81,23,Baixo
2022,11,2022-11-01,Sul,RS,Caatinga,50.82,11812.15,15,59.9,30.1,81266.28,29,Alto
2022,11,2022-11-01,Sul,RS,Mata Atlântica,13.57,58568.61,8,61.8,26.9,43998.21,15,Baixo
2022,12,2022-12-01,Norte,AM,Mata Atlântica,57.92,41571.05,11,59.4,23.6,78137.52,36,Baixo
2022,12,2022-12-01,Norte,PA,Mata Atlântica,60.72,30638.49,14,49.6,25.9,59050.33,30,Alto
2022,12,2022-12-01,Norte,PA,Caatinga,90.59,30479.38,12,83.7,23.5,82437.62,15,Baixo
2022,12,2022-12-01,Norte,RO,Pantanal,89.46,50148.15,10,64.4,30.9,57106.14,28,Alto
2022,12,2022-12-01,Norte,TO,Pantanal,25.75,38571.84,15,62.1,26.4,31093.16,16,Alto
2022,12,2022-12-01,Nordeste,BA,Amazônia,50.08,3408.19,13,105.4,24.5,50987.8,8,Médio
2022,12,2022-12-01,Nordeste,BA,Cerrado,72.54,43241.07,14,39.9,29.0,23938.67,31,Médio
2022,12,2022-12-01,Nordeste,PE,Pampa,219.64,4625.57,15,113.3,29.6,66876.14,11,Alto
2022,12,2022-12-01,Nordeste,PE,Mata Atlântica,35.48,15319.19,13,100.8,23.1,69555.11,23,Médio
2022,12,2022-12-01,Nordeste,CE,Caatinga,73.19,50751.08,14,61.5,27.9,71596.54,28,Crítico
2022,12,2022-12-01,Nordeste,CE,Pantanal,86.02,11564.16,14,116.2,24.7,20662.21,5,Alto
2022,12,2022-12-01,Nordeste,MA,Amazônia,164.49,71824.81,11,91.6,28.1,88976.77,36,Alto
2022,12,2022-12-01,Nordeste,PB,Amazônia,59.26,58041.85,21,136.9,29.9,30903.71,7,Baixo
2022,12,2022-12-01,Centro-Oeste,DF,Pampa,14.45,63352.09,10,33.0,24.1,20744.39,24,Alto
2022,12,2022-12-01,Centro-Oeste,GO,Cerrado,117.03,78681.42,14,40.3,30.9,38977.2,12,Alto
2022,12,2022-12-01,Centro-Oeste,GO,Caatinga,102.11,57343.68,10,65.1,24.6,10535.43,9,Crítico
2022,12,2022-12-01,Centro-Oeste,MT,Cerrado,20.08,39122.13,14,21.9,26.6,29730.41,19,Alto
2022,12,2022-12-01,Centro-Oeste,MS,Amazônia,20.47,67786.89,18,120.3,23.2,43193.71,39,Baixo
2022,12,2022-12-01,Sudeste,SP,Cerrado,55.18,40842.86,14,99.4,29.7,83787.22,24,Baixo
2022,12,2022-12-01,Sudeste,SP,Pantanal,47.76,37577.48,15,43.7,26.1,22859.81,13,Crítico
2022,12,2022-12-01,Sudeste,SP,Pantanal,56.64,23221.71,15,33.9,24.7,18297.84,32,Alto
2022,12,2022-12-01,Sudeste,RJ,Pampa,12.96,36921.17,12,45.6,29.8,23564.3,9,Alto
2022,12,2022-12-01,Sudeste,RJ,Pampa,51.22,16096.72,21,113.8,27.4,64390.56,32,Alto
2022,12,2022-12-01,Sudeste,RJ,Amazônia,104.22,22496.27,19,155.2,28.2,75185.54,30,Crítico
2022,12,2022-12-01,Sudeste,RJ,Caatinga,29.34,16013.69,14,14.9,25.2,67840.75,32,Baixo
2022,12,2022-12-01,Sudeste,MG,Caatinga,39.37,51076.85,16,104.8,28.3,66614.18,32,Baixo
2022,12,2022-12-01,Sudeste,MG,Caatinga,113.66,45675.72,15,63.3,26.4,31548.23,24,Crítico
2022,12,2022-12-01,Sudeste,MG,Cerrado,26.61,44699.04,15,124.9,33.6,25560.25,23,Baixo
2022,12,2022-12-01,Sudeste,ES,Cerrado,13.32,78747.84,13,132.4,33.2,31595.65,15,Alto
2022,12,2022-12-01,Sudeste,ES,Mata Atlântica,8.97,2225.81,16,168.3,24.8,67985.36,7,Baixo
2022,12,2022-12-01,Sudeste,ES,Pantanal,63.96,62109.99,13,33.8,27.5,44928.56,16,Crítico
2022,12,2022-12-01,Sul,PR,Pampa,7.07,59756.4,15,98.9,25.8,54665.11,1,Alto
2022,12,2022-12-01,Sul,PR,Pantanal,60.99,22728.44,5,151.9,29.4,4177.22,39,Crítico
2022,12,2022-12-01,Sul,SC,Caatinga,62.07,46475.98,9,45.5,30.0,29016.83,27,Crítico
2022,12,2022-12-01,Sul,SC,Mata Atlântica,26.79,10440.44,14,46.8,32.0,24847.74,22,Alto
2022,12,2022-12-01,Sul,RS,Pantanal,71.17,79385.62,24,145.3,25.8,72450.36,16,Crítico
2022,12,2022-12-01,Sul,RS,Caatinga,157.69,55301.92,10,82.0,26.3,51595.66,24,Crítico
2023,1,2023-01-01,Norte,AM,Pampa,145.33,57259.77,9,73.7,26.4,49126.71,27,Alto
2023,1,2023-01-01,Norte,PA,Pampa,126.02,32721.75,18,106.4,26.8,9572.56,22,Alto
2023,1,2023-01-01,Norte,PA,Caatinga,28.81,67255.08,12,99.9,28.7,21343.75,6,Crítico
2023,1,2023-01-01,Norte,RO,Caatinga,145.98,2510.1,15,55.8,27.0,39521.67,29,Crítico
2023,1,2023-01-01,Norte,TO,Cerrado,39.68,12575.18,9,123.5,27.8,49056.15,35,Médio
2023,1,2023-01-01,Nordeste,BA,Amazônia,25.19,77207.82,12,106.1,23.9,68115.11,9,Crítico
2023,1,2023-01-01,Nordeste,BA,Mata Atlântica,121.57,5456.47,20,69.0,25.4,87095.9,31,Baixo
2023,1,2023-01-01,Nordeste,PE,Amazônia,26.61,66346.61,21,24.4,22.1,22326.56,12,Crítico
2023,1,2023-01-01,Nordeste,PE,Pampa,63.98,54661.88,10,13.5,26.9,46047.92,22,Baixo
2023,1,2023-01-01,Nordeste,CE,Pampa,123.13,63168.51,14,91.5,28.7,63567.32,9,Alto
2023,1,2023-01-01,Nordeste,CE,Pampa,38.4,8332.77,18,34.1,29.9,40071.51,3,Baixo
2023,1,2023-01-01,Nordeste,MA,Caatinga,54.56,75926.75,13,138.7,25.1,6931.98,36,Alto
2023,1,2023-01-01,Nordeste,PB,Amazônia,137.01,42597.46,15,200.9,25.1,68618.88,14,Médio
2023,1,2023-01-01,Centro-Oeste,DF,Caatinga,161.62,41494.57,12,79.3,29.3,83106.89,33,Alto
2023,1,2023-01-01,Centro-Oeste,GO,Pampa,105.34,75371.27,15,67.0,30.8,14689.12,9,Baixo
2023,1,2023-01-01,Centro-Oeste,GO,Mata Atlântica,58.9,47143.6,6,46.5,27.1,49917.53,39,Crítico
2023,1,2023-01-01,Centro-Oeste,MT,Cerrado,76.36,56021.92,26,33.3,24.8,58125.5,2,Médio
2023,1,2023-01-01,Centro-Oeste,MS,Caatinga,83.92,31321.83,17,41.9,28.4,32000.84,39,Médio
2023,1,2023-01-01,Sudeste,SP,Amazônia,96.89,8642.9,12,60.7,27.9,26832.5,25,Médio
2023,1,2023-01-01,Sudeste,SP,Mata Atlântica,23.22,62848.5,14,115.7,20.6,58749.23,16,Crítico
2023,1,2023-01-01,Sudeste,SP,Amazônia,115.67,34262.81,18,67.7,30.5,2042.94,23,Crítico
2023,1,2023-01-01,Sudeste,RJ,Pantanal,7.19,10330.18,11,68.8,29.0,61430.15,25,Baixo
2023,1,2023-01-01,Sudeste,RJ,Mata Atlântica,34.78,4775.73,15,65.7,24.8,9804.74,15,Crítico
2023,1,2023-01-01,Sudeste,RJ,Caatinga,28.47,6283.4,15,43.9,29.1,30268.11,14,Crítico
2023,1,2023-01-01,Sudeste,RJ,Pampa,20.73,78578.31,16,16.9,30.8,19994.56,19,Médio
2023,1,2023-01-01,Sudeste,MG,Amazônia,56.76,78252.5,16,94.8,28.9,55063.13,30,Crítico
2023,1,2023-01-01,Sudeste,MG,Caatinga,66.37,11184.03,14,95.9,28.7,86261.72,38,Médio
2023,1,2023-01-01,Sudeste,MG,Caatinga,4.57,79395.41,15,67.8,30.2,42713.64,10,Alto
2023,1,2023-01-01,Sudeste,ES,Caatinga,67.58,63580.91,12,65.2,28.6,49913.15,19,Crítico
2023,1,2023-01-01,Sudeste,ES,Cerrado,54.16,41992.43,7,37.3,26.9,79079.31,30,Alto
2023,1,2023-01-01,Sudeste,ES,Pantanal,48.0,10720.5,14,166.2,29.1,26606.35,1,Baixo
2023,1,2023-01-01,Sul,PR,Caatinga,57.7,10989.53,16,103.5,28.2,66622.35,4,Crítico
2023,1,2023-01-01,Sul,PR,Pampa,30.45,79463.72,14,172.4,29.8,17003.49,14,Baixo
2023,1,2023-01-01,Sul,SC,Pantanal,12.94,27561.86,15,406.8,25.2,50495.53,1,Baixo
2023,1,2023-01-01,Sul,SC,Cerrado,14.45,28499.76,17,58.6,30.7,80832.18,39,Crítico
2023,1,2023-01-01,Sul,RS,Pampa,103.6,55787.27,18,26.7,25.0,3840.47,23,Baixo
2023,1,2023-01-01,Sul,RS,Pampa,24.62,50304.78,14,84.9,28.8,49680.32,39,Baixo
2023,2,2023-02-01,Norte,AM,Cerrado,56.31,68012.43,17,56.5,31.7,59931.85,17,Alto
2023,2,2023-02-01,Norte,PA,Caatinga,46.68,33106.03,18,99.1,28.1,74426.55,26,Crítico
2023,2,2023-02-01,Norte,PA,Caatinga,23.33,20892.95,22,72.4,26.6,10460.55,22,Médio
2023,2,2023-02-01,Norte,RO,Amazônia,81.18,66888.86,16,64.2,23.9,46524.11,1,Crítico
2023,2,2023-02-01,Norte,TO,Pampa,14.89,3946.95,14,100.8,23.1,47070.03,1,Crítico
2023,2,2023-02-01,Nordeste,BA,Amazônia,51.17,77339.8,15,77.3,25.5,21013.59,24,Crítico
2023,2,2023-02-01,Nordeste,BA,Amazônia,78.36,48159.8,19,222.5,28.4,7791.86,8,Crítico
2023,2,2023-02-01,Nordeste,PE,Pampa,48.01,53694.35,12,90.4,27.2,21865.32,24,Baixo
2023,2,2023-02-01,Nordeste,PE,Amazônia,7.51,60714.04,13,53.1,31.1,26652.38,25,Médio
2023,2,2023-02-01,Nordeste,CE,Cerrado,163.37,52496.21,16,65.7,25.6,40407.96,35,Crítico
2023,2,2023-02-01,Nordeste,CE,Mata Atlântica,71.97,33349.38,13,78.3,29.0,66369.17,37,Alto
2023,2,2023-02-01,Nordeste,MA,Amazônia,78.96,20430.85,15,121.3,29.8,47802.92,13,Crítico
2023,2,2023-02-01,Nordeste,PB,Mata Atlântica,107.09,64494.13,14,94.8,27.6,51607.21,13,Médio
2023,2,2023-02-01,Centro-Oeste,DF,Cerrado,38.6,37628.48,6,138.1,24.9,28823.02,22,Baixo
2023,2,2023-02-01,Centro-Oeste,GO,Amazônia,49.91,34466.48,15,94.3,33.0,19104.47,21,Baixo
2023,2,2023-02-01,Centro-Oeste,GO,Pampa,44.96,48262.58,16,195.8,22.2,85715.99,19,Médio
2023,2,2023-02-01,Centro-Oeste,MT,Cerrado,68.62,1552.44,18,111.6,29.4,1457.76,4,Médio
2023,2,2023-02-01,Centro-Oeste,MS,Mata Atlântica,24.79,24427.53,11,234.4,31.8,18726.28,33,Alto
2023,2,2023-02-01,Sudeste,SP,Cerrado,85.37,19600.61,18,63.5,25.8,68149.33,11,Baixo
2023,2,2023-02-01,Sudeste,SP,Amazônia,52.21,48552.99,20,152.4,23.8,42610.54,2,Baixo
2023,2,2023-02-01,Sudeste,SP,Mata Atlântica,51.63,22077.9,21,149.1,24.6,87301.37,9,Médio
2023,2,2023-02-01,Sudeste,RJ,Amazônia,97.48,69800.02,19,188.1,25.0,35237.97,23,Crítico
2023,2,2023-02-01,Sudeste,RJ,Cerrado,65.6,46209.14,16,40.9,26.6,37774.43,14,Baixo
2023,2,2023-02-01,Sudeste,RJ,Caatinga,11.46,61993.81,17,33.9,26.0,57638.06,14,Alto
2023,2,2023-02-01,Sudeste,RJ,Pampa,49.62,35624.09,22,103.6,28.1,18652.19,34,Médio
2023,2,2023-02-01,Sudeste,MG,Caatinga,25.58,15304.31,8,136.3,25.7,63242.67,6,Crítico
2023,2,2023-02-01,Sudeste,MG,Amazônia,57.64,74311.64,21,74.7,26.9,69971.11,14,Médio
2023,2,2023-02-01,Sudeste,MG,Pampa,18.22,56595.01,13,8.8,22.9,34450.5,27,Médio
2023,2,2023-02-01,Sudeste,ES,Caatinga,139.87,74350.13,11,37.9,24.8,46066.93,10,Baixo
2023,2,2023-02-01,Sudeste,ES,Amazônia,29.04,6146.33,15,49.0,25.0,47949.14,38,Crítico
2023,2,2023-02-01,Sudeste,ES,Caatinga,78.69,59974.96,15,74.1,26.7,87658.94,6,Médio
2023,2,2023-02-01,Sul,PR,Pampa,73.39,47103.14,18,74.9,30.1,15431.12,37,Crítico
2023,2,2023-02-01,Sul,PR,Caatinga,59.95,36907.81,14,30.3,28.0,44158.48,6,Crítico
2023,2,2023-02-01,Sul,SC,Cerrado,35.49,57940.1,16,167.9,29.8,81823.31,6,Baixo
2023,2,2023-02-01,Sul,SC,Caatinga,65.64,50885.6,11,71.7,29.7,24946.85,7,Crítico
2023,2,2023-02-01,Sul,RS,Caatinga,30.69,54341.86,22,114.2,25.1,4294.39,13,Baixo
2023,2,2023-02-01,Sul,RS,Amazônia,51.72,35108.84,20,22.3,33.4,73017.45,13,Crítico
2023,3,2023-03-01,Norte,AM,Cerrado,64.08,53020.17,22,106.0,30.0,50909.87,27,Alto
2023,3,2023-03-01,Norte,PA,Amazônia,91.18,18271.13,9,118.9,31.2,82914.54,1,Médio
2023,3,2023-03-01,Norte,PA,Mata Atlântica,7.44,3561.01,11,132.5,25.1,9223.93,37,Médio
2023,3,2023-03-01,Norte,RO,Cerrado,32.99,30099.4,16,28.7,28.6,47606.88,21,Baixo
2023,3,2023-03-01,Norte,TO,Mata Atlântica,64.64,13491.96,17,73.7,28.1,53133.93,15,Médio
2023,3,2023-03-01,Nordeste,BA,Caatinga,119.72,26211.83,13,83.0,26.9,72440.36,6,Crítico
2023,3,2023-03-01,Nordeste,BA,Cerrado,96.3,69689.22,16,69.1,32.6,69993.52,30,Médio
2023,3,2023-03-01,Nordeste,PE,Cerrado,23.35,70138.86,12,204.2,28.1,61008.89,26,Baixo
2023,3,2023-03-01,Nordeste,PE,Cerrado,24.99,38173.21,16,72.8,27.9,16797.1,36,Crítico
2023,3,2023-03-01,Nordeste,CE,Pampa,31.71,46424.55,15,43.4,30.0,84367.98,19,Crítico
2023,3,2023-03-01,Nordeste,CE,Amazônia,118.79,46672.64,13,226.9,25.0,26293.77,38,Alto
2023,3,2023-03-01,Nordeste,MA,Caatinga,61.57,27188.43,16,46.4,29.6,64228.73,9,Crítico
2023,3,2023-03-01,Nordeste,PB,Pantanal,61.43,45480.5,19,79.9,27.0,82810.49,29,Alto
2023,3,2023-03-01,Centro-Oeste,DF,Pampa,97.47,21723.89,20,68.4,29.5,41544.74,33,Baixo
2023,3,2023-03-01,Centro-Oeste,GO,Pantanal,207.41,33026.87,17,149.8,27.1,23383.21,2,Alto
2023,3,2023-03-01,Centro-Oeste,GO,Mata Atlântica,35.29,35472.31,12,87.7,30.1,24866.61,10,Crítico
2023,3,2023-03-01,Centro-Oeste,MT,Mata Atlântica,149.64,27178.09,13,53.1,24.9,55792.81,15,Alto
2023,3,2023-03-01,Centro-Oeste,MS,Cerrado,25.92,71033.72,20,46.0,22.3,56668.02,30,Baixo
2023,3,2023-03-01,Sudeste,SP,Pampa,15.09,39205.63,18,96.3,30.6,88344.72,25,Baixo
2023,3,2023-03-01,Sudeste,SP,Mata Atlântica,79.68,71692.61,8,26.0,21.8,32616.04,35,Crítico
2023,3,2023-03-01,Sudeste,SP,Pantanal,43.97,9393.96,20,208.5,23.7,13682.37,31,Crítico
2023,3,2023-03-01,Sudeste,RJ,Caatinga,60.02,75800.86,22,242.2,30.2,9744.73,15,Crítico
2023,3,2023-03-01,Sudeste,RJ,Caatinga,72.34,10592.68,11,74.6,24.6,27931.84,20,Crítico
2023,3,2023-03-01,Sudeste,RJ,Mata Atlântica,10.63,32509.82,18,115.0,26.7,75721.31,13,Baixo
2023,3,2023-03-01,Sudeste,RJ,Cerrado,132.24,47606.85,17,35.8,23.2,26445.21,29,Médio
2023,3,2023-03-01,Sudeste,MG,Mata Atlântica,87.34,10060.66,17,56.4,27.9,72176.35,34,Alto
2023,3,2023-03-01,Sudeste,MG,Mata Atlântica,43.27,79137.01,20,67.7,26.5,11373.15,18,Alto
2023,3,2023-03-01,Sudeste,MG,Pampa,52.69,41657.58,10,91.3,29.2,12213.67,13,Crítico
2023,3,2023-03-01,Sudeste,ES,Cerrado,38.7,22829.32,15,90.3,29.0,35917.46,14,Alto
2023,3,2023-03-01,Sudeste,ES,Pantanal,42.88,64383.0,16,40.8,28.0,20480.92,30,Baixo
2023,3,2023-03-01,Sudeste,ES,Pampa,56.63,73665.83,9,73.7,26.1,78499.24,31,Crítico
2023,3,2023-03-01,Sul,PR,Amazônia,126.54,16151.41,20,120.4,24.0,71756.16,12,Crítico
2023,3,2023-03-01,Sul,PR,Caatinga,31.41,16118.01,13,33.8,27.0,9347.23,9,Alto
2023,3,2023-03-01,Sul,SC,Pantanal,62.62,60991.68,16,44.1,24.6,45183.2,20,Baixo
2023,3,2023-03-01,Sul,SC,Pantanal,80.39,46769.55,18,104.3,27.6,78507.04,38,Médio
2023,3,2023-03-01,Sul,RS,Cerrado,84.85,39990.87,17,74.5,25.3,48508.73,26,Baixo
2023,3,2023-03-01,Sul,RS,Mata Atlântica,66.61,75418.89,15,26.1,34.9,44294.7,12,Alto
2023,4,2023-04-01,Norte,AM,Mata Atlântica,70.95,75967.85,15,75.2,28.2,18483.94,26,Baixo
2023,4,2023-04-01,Norte,PA,Mata Atlântica,41.24,27197.97,9,28.4,28.0,2587.42,38,Médio
2023,4,2023-04-01,Norte,PA,Amazônia,9.11,27228.9,16,22.3,24.0,87624.54,18,Alto
2023,4,2023-04-01,Norte,RO,Mata Atlântica,129.4,34781.11,11,157.2,30.0,23647.74,26,Alto
2023,4,2023-04-01,Norte,TO,Caatinga,59.1,29003.76,14,220.2,31.4,75740.54,22,Baixo
2023,4,2023-04-01,Nordeste,BA,Amazônia,19.18,66150.29,16,21.8,21.4,7574.03,25,Baixo
2023,4,2023-04-01,Nordeste,BA,Cerrado,53.11,16167.59,16,71.4,23.1,3682.29,15,Baixo
2023,4,2023-04-01,Nordeste,PE,Amazônia,66.68,33883.35,14,61.6,27.0,78636.75,1,Crítico
2023,4,2023-04-01,Nordeste,PE,Pampa,47.28,46280.58,14,81.6,28.9,44635.4,38,Baixo
2023,4,2023-04-01,Nordeste,CE,Mata Atlântica,60.63,62875.45,17,116.1,25.9,14057.37,32,Baixo
2023,4,2023-04-01,Nordeste,CE,Pantanal,79.91,44021.71,20,118.2,28.3,59926.25,3,Alto
2023,4,2023-04-01,Nordeste,MA,Amazônia,44.1,48409.17,20,59.9,29.3,52730.14,7,Baixo
2023,4,2023-04-01,Nordeste,PB,Cerrado,39.85,18569.83,16,62.4,25.0,69974.28,10,Crítico
2023,4,2023-04-01,Centro-Oeste,DF,Amazônia,29.81,25461.06,15,70.7,24.5,41873.35,34,Médio
2023,4,2023-04-01,Centro-Oeste,GO,Cerrado,92.08,12941.54,18,104.3,25.0,71510.73,23,Alto
2023,4,2023-04-01,Centro-Oeste,GO,Caatinga,158.72,45363.93,18,54.5,31.5,6163.08,33,Médio
2023,4,2023-04-01,Centro-Oeste,MT,Cerrado,167.35,29632.32,20,133.6,28.0,76238.3,27,Alto
2023,4,2023-04-01,Centro-Oeste,MS,Mata Atlântica,95.96,65506.03,8,56.6,31.1,86040.88,32,Médio
2023,4,2023-04-01,Sudeste,SP,Amazônia,49.85,36588.62,16,110.7,23.7,27911.03,27,Baixo
2023,4,2023-04-01,Sudeste,SP,Mata Atlântica,30.99,37601.38,16,113.3,29.8,65481.33,17,Médio
2023,4,2023-04-01,Sudeste,SP,Caatinga,40.5,46509.33,17,70.5,27.3,12240.76,13,Crítico
2023,4,2023-04-01,Sudeste,RJ,Pampa,148.37,56538.65,17,14.3,27.6,41747.65,22,Médio
2023,4,2023-04-01,Sudeste,RJ,Cerrado,104.63,5185.43,19,74.9,33.2,33166.87,5,Baixo
2023,4,2023-04-01,Sudeste,RJ,Amazônia,23.23,55903.01,11,30.2,24.7,6941.36,9,Alto
2023,4,2023-04-01,Sudeste,RJ,Amazônia,61.21,30104.57,15,78.9,27.7,53651.48,7,Baixo
2023,4,2023-04-01,Sudeste,MG,Pantanal,80.16,21819.62,13,37.4,26.9,25054.73,36,Crítico
2023,4,2023-04-01,Sudeste,MG,Amazônia,153.92,58286.09,17,100.0,31.0,46054.47,11,Baixo
2023,4,2023-04-01,Sudeste,MG,Caatinga,11.42,73607.77,10,37.9,23.4,63457.85,23,Baixo
2023,4,2023-04-01,Sudeste,ES,Mata Atlântica,118.52,20845.07,13,52.5,29.2,74058.5,4,Alto
2023,4,2023-04-01,Sudeste,ES,Cerrado,72.16,54594.35,13,24.3,22.5,38789.66,11,Médio
2023,4,2023-04-01,Sudeste,ES,Pampa,56.81,75103.89,12,74.7,28.4,5539.72,1,Médio
2023,4,2023-04-01,Sul,PR,Amazônia,46.18,16139.66,13,122.0,24.5,52487.4,16,Alto
2023,4,2023-04-01,Sul,PR,Cerrado,42.55,67286.52,15,51.3,22.5,1025.78,7,Médio
2023,4,2023-04-01,Sul,SC,Pampa,102.4,23846.86,13,94.2,25.5,68852.54,8,Alto
2023,4,2023-04-01,Sul,SC,Pantanal,23.34,26191.86,18,72.6,26.8,30914.23,36,Crítico
2023,4,2023-04-01,Sul,RS,Pantanal,133.21,72376.85,11,77.7,33.4,76616.6,16,Médio
2023,4,2023-04-01,Sul,RS,Pantanal,66.08,46233.35,11,122.8,23.1,62831.29,8,Baixo
2023,5,2023-05-01,Norte,AM,Cerrado,75.25,2763.01,13,41.9,29.3,62013.48,4,Baixo
2023,5,2023-05-01,Norte,PA,Cerrado,48.25,50606.01,15,112.3,28.5,5893.09,16,Alto
2023,5,2023-05-01,Norte,PA,Mata Atlântica,38.88,68818.76,14,36.0,25.5,42187.82,29,Alto
2023,5,2023-05-01,Norte,RO,Caatinga,157.53,26510.7,12,74.0,25.8,49945.45,4,Baixo
2023,5,2023-05-01,Norte,TO,Pantanal,19.19,13347.24,17,51.2,27.4,75645.9,34,Alto
2023,5,2023-05-01,Nordeste,BA,Pantanal,67.17,66055.59,15,20.0,25.2,45287.14,9,Alto
2023,5,2023-05-01,Nordeste,BA,Cerrado,202.8,9937.95,16,43.7,23.6,54039.48,29,Baixo
2023,5,2023-05-01,Nordeste,PE,Amazônia,63.7,65129.76,16,197.6,28.5,2183.92,12,Médio
2023,5,2023-05-01,Nordeste,PE,Pantanal,110.42,23669.16,15,55.3,26.2,55801.14,14,Crítico
2023,5,2023-05-01,Nordeste,CE,Pantanal,168.94,19518.98,19,54.5,25.2,18728.63,21,Alto
2023,5,2023-05-01,Nordeste,CE,Mata Atlântica,117.34,78365.41,10,317.3,27.9,61784.11,16,Médio
2023,5,2023-05-01,Nordeste,MA,Pantanal,5.17,28048.19,17,101.8,22.7,76142.37,26,Crítico
2023,5,2023-05-01,Nordeste,PB,Caatinga,92.98,32251.21,10,51.2,23.9,36420.99,30,Baixo
2023,5,2023-05-01,Centro-Oeste,DF,Caatinga,20.64,70639.92,16,85.9,27.7,52646.4,1,Alto
2023,5,2023-05-01,Centro-Oeste,GO,Mata Atlântica,58.33,34500.84,12,93.9,24.4,76507.54,3,Alto
2023,5,2023-05-01,Centro-Oeste,GO,Mata Atlântica,101.32,8031.9,8,264.4,21.5,84130.97,13,Crítico
2023,5,2023-05-01,Centro-Oeste,MT,Pantanal,198.04,24578.11,16,150.8,23.7,75182.14,11,Médio
2023,5,2023-05-01,Centro-Oeste,MS,Cerrado,77.63,4622.78,14,60.7,27.1,16995.18,36,Baixo
2023,5,2023-05-01,Sudeste,SP,Caatinga,10.19,44455.49,11,113.2,31.5,10668.02,1,Alto
2023,5,2023-05-01,Sudeste,SP,Cerrado,19.65,75866.96,17,125.8,28.6,13689.76,27,Alto
2023,5,2023-05-01,Sudeste,SP,Caatinga,143.55,21874.1,12,78.0,28.2,48976.51,12,Crítico
2023,5,2023-05-01,Sudeste,RJ,Mata Atlântica,245.35,28648.41,16,26.7,30.5,56282.1,39,Crítico
2023,5,2023-05-01,Sudeste,RJ,Pampa,35.42,11256.68,17,29.8,25.3,28295.01,11,Baixo
2023,5,2023-05-01,Sudeste,RJ,Caatinga,55.21,59448.56,11,46.9,22.5,6155.95,16,Crítico
2023,5,2023-05-01,Sudeste,RJ,Cerrado,25.69,31122.53,19,87.2,28.1,57824.66,13,Alto
2023,5,2023-05-01,Sudeste,MG,Amazônia,32.26,58615.46,13,139.0,23.1,75407.56,20,Alto
2023,5,2023-05-01,Sudeste,MG,Cerrado,20.42,62979.14,13,32.6,19.8,65240.38,31,Alto
2023,5,2023-05-01,Sudeste,MG,Cerrado,20.73,64725.76,11,84.3,31.3,58129.96,4,Baixo
2023,5,2023-05-01,Sudeste,ES,Mata Atlântica,26.61,48820.82,27,55.2,23.6,6963.38,32,Médio
2023,5,2023-05-01,Sudeste,ES,Mata Atlântica,162.93,70813.57,11,62.9,23.7,36929.28,23,Alto
2023,5,2023-05-01,Sudeste,ES,Caatinga,68.31,22198.39,17,55.7,27.4,7482.25,39,Baixo
2023,5,2023-05-01,Sul,PR,Mata Atlântica,36.56,32109.41,20,28.7,27.9,41849.21,1,Médio
2023,5,2023-05-01,Sul,PR,Amazônia,43.47,58507.62,11,220.5,28.1,29684.48,18,Crítico
2023,5,2023-05-01,Sul,SC,Amazônia,44.94,20510.22,14,106.2,31.7,36578.88,31,Crítico
2023,5,2023-05-01,Sul,SC,Amazônia,31.62,10427.7,15,44.4,24.1,57981.53,10,Crítico
2023,5,2023-05-01,Sul,RS,Pampa,36.92,8417.87,10,87.8,25.9,67450.09,5,Baixo
2023,5,2023-05-01,Sul,RS,Cerrado,54.16,57511.88,18,33.4,26.9,40494.09,30,Médio
2023,6,2023-06-01,Norte,AM,Pampa,15.86,30278.7,18,36.0,29.5,39428.74,6,Crítico
2023,6,2023-06-01,Norte,PA,Pampa,38.22,32984.58,29,80.0,28.3,16730.8,10,Baixo
2023,6,2023-06-01,Norte,PA,Pampa,62.16,10242.87,14,92.6,24.7,61571.23,23,Crítico
2023,6,2023-06-01,Norte,RO,Pampa,21.13,67042.7,14,93.7,30.6,77015.82,35,Baixo
2023,6,2023-06-01,Norte,TO,Amazônia,88.37,46194.56,17,165.3,26.2,73715.16,16,Alto
2023,6,2023-06-01,Nordeste,BA,Amazônia,71.76,16551.12,14,70.2,29.7,36539.05,26,Crítico
2023,6,2023-06-01,Nordeste,BA,Amazônia,32.64,36497.83,13,33.9,28.4,69048.62,23,Crítico
2023,6,2023-06-01,Nordeste,PE,Pampa,32.54,37707.89,11,77.8,25.1,5896.61,29,Baixo
2023,6,2023-06-01,Nordeste,PE,Caatinga,74.95,73344.8,14,160.3,25.5,35949.96,3,Médio
2023,6,2023-06-01,Nordeste,CE,Caatinga,55.95,62589.89,20,149.5,22.4,74471.17,6,Baixo
2023,6,2023-06-01,Nordeste,CE,Caatinga,52.59,33019.68,13,81.7,26.9,71307.15,7,Médio
2023,6,2023-06-01,Nordeste,MA,Pampa,82.86,75251.36,18,26.8,24.9,22627.9,32,Médio
2023,6,2023-06-01,Nordeste,PB,Amazônia,71.41,33757.29,10,88.6,26.2,74578.72,1,Crítico
2023,6,2023-06-01,Centro-Oeste,DF,Caatinga,62.73,56707.52,15,104.0,28.1,48866.98,6,Baixo
2023,6,2023-06-01,Centro-Oeste,GO,Cerrado,178.48,7513.6,15,91.3,27.3,38374.86,14,Baixo
2023,6,2023-06-01,Centro-Oeste,GO,Amazônia,115.38,29706.21,16,77.8,25.5,40366.93,29,Baixo
2023,6,2023-06-01,Centro-Oeste,MT,Pampa,78.32,63905.68,19,60.2,25.0,56151.75,26,Crítico
2023,6,2023-06-01,Centro-Oeste,MS,Pampa,71.8,19351.99,14,75.1,24.9,73900.11,15,Baixo
2023,6,2023-06-01,Sudeste,SP,Pampa,47.58,14668.52,15,55.8,30.1,5898.0,25,Alto
2023,6,2023-06-01,Sudeste,SP,Cerrado,95.08,30534.98,12,80.8,24.8,53310.56,25,Médio
2023,6,2023-06-01,Sudeste,SP,Cerrado,71.37,8454.39,19,195.8,26.1,77894.83,8,Crítico
2023,6,2023-06-01,Sudeste,RJ,Pampa,90.27,78865.88,13,42.6,30.2,33362.06,4,Alto
2023,6,2023-06-01,Sudeste,RJ,Pantanal,66.61,34340.83,14,17.3,29.8,23086.76,23,Médio
2023,6,2023-06-01,Sudeste,RJ,Pampa,70.41,39612.05,18,51.5,24.0,79266.43,33,Médio
2023,6,2023-06-01,Sudeste,RJ,Cerrado,67.36,74969.68,22,4.8,29.5,58455.42,4,Alto
2023,6,2023-06-01,Sudeste,MG,Caatinga,73.02,3180.38,14,29.5,25.4,58327.87,4,Médio
2023,6,2023-06-01,Sudeste,MG,Caatinga,14.66,36465.2,15,51.5,28.5,31836.2,2,Alto
2023,6,2023-06-01,Sudeste,MG,Cerrado,139.83,33469.92,15,42.6,24.2,72660.9,13,Alto
2023,6,2023-06-01,Sudeste,ES,Pampa,48.26,48880.72,13,124.0,24.3,66335.2,1,Alto
2023,6,2023-06-01,Sudeste,ES,Pantanal,109.95,73324.31,8,98.4,26.8,76243.67,2,Alto
2023,6,2023-06-01,Sudeste,ES,Mata Atlântica,165.36,29873.91,12,26.6,29.8,84230.84,17,Médio
2023,6,2023-06-01,Sul,PR,Caatinga,35.65,66242.6,10,164.8,29.7,68651.25,19,Alto
2023,6,2023-06-01,Sul,PR,Caatinga,87.83,47073.99,14,60.3,29.9,59159.7,19,Crítico
2023,6,2023-06-01,Sul,SC,Pantanal,117.88,48993.03,12,88.8,26.7,40322.13,15,Baixo
2023,6,2023-06-01,Sul,SC,Caatinga,101.91,12363.12,15,90.3,23.3,59961.48,4,Crítico
2023,6,2023-06-01,Sul,RS,Cerrado,27.32,52409.27,12,98.8,28.0,30060.78,14,Médio
2023,6,2023-06-01,Sul,RS,Amazônia,135.32,66453.74,19,64.2,25.9,58454.75,24,Crítico
2023,7,2023-07-01,Norte,AM,Cerrado,17.33,39355.63,20,114.6,21.8,41938.53,30,Crítico
2023,7,2023-07-01,Norte,PA,Pantanal,92.49,72613.24,10,38.7,26.4,42463.46,29,Baixo
2023,7,2023-07-01,Norte,PA,Amazônia,86.32,59752.39,26,93.8,23.4,56794.29,15,Alto
2023,7,2023-07-01,Norte,RO,Cerrado,78.45,49010.3,11,123.1,23.6,73554.04,17,Médio
2023,7,2023-07-01,Norte,TO,Mata Atlântica,25.5,66708.21,11,188.4,27.7,34340.86,4,Baixo
2023,7,2023-07-01,Nordeste,BA,Mata Atlântica,5.27,75959.56,10,143.8,28.2,15781.14,14,Crítico
2023,7,2023-07-01,Nordeste,BA,Amazônia,129.06,20869.29,18,173.8,26.6,29731.69,8,Crítico
2023,7,2023-07-01,Nordeste,PE,Pantanal,22.01,19034.0,16,106.6,28.9,37535.43,11,Crítico
2023,7,2023-07-01,Nordeste,PE,Mata Atlântica,151.27,10575.57,16,92.0,27.7,9102.48,15,Baixo
2023,7,2023-07-01,Nordeste,CE,Cerrado,135.66,27869.17,10,44.9,19.2,13076.12,30,Crítico
2023,7,2023-07-01,Nordeste,CE,Amazônia,25.77,46341.47,9,87.7,26.0,50789.66,36,Baixo
2023,7,2023-07-01,Nordeste,MA,Cerrado,40.19,30361.98,17,77.0,28.8,5956.06,6,Alto
2023,7,2023-07-01,Nordeste,PB,Caatinga,213.1,78173.69,18,26.8,30.3,43566.14,28,Médio
2023,7,2023-07-01,Centro-Oeste,DF,Mata Atlântica,61.11,38442.08,18,94.1,25.8,21027.46,10,Alto
2023,7,2023-07-01,Centro-Oeste,GO,Pampa,100.62,19978.18,20,51.0,27.4,69250.76,38,Crítico
2023,7,2023-07-01,Centro-Oeste,GO,Cerrado,263.52,63946.7,14,71.3,30.1,37528.61,21,Crítico
2023,7,2023-07-01,Centro-Oeste,MT,Pantanal,111.0,69738.17,9,51.3,26.9,82547.14,34,Baixo
2023,7,2023-07-01,Centro-Oeste,MS,Pampa,83.47,20204.58,18,107.7,29.6,50828.46,4,Baixo
2023,7,2023-07-01,Sudeste,SP,Amazônia,124.01,59932.87,17,70.0,32.0,79039.38,37,Crítico
2023,7,2023-07-01,Sudeste,SP,Pantanal,15.89,74647.75,14,99.2,27.0,24446.04,2,Alto
2023,7,2023-07-01,Sudeste,SP,Caatinga,67.67,14134.74,26,117.0,29.6,21200.16,32,Médio
2023,7,2023-07-01,Sudeste,RJ,Cerrado,91.39,68190.79,10,43.9,25.1,10827.52,2,Crítico
2023,7,2023-07-01,Sudeste,RJ,Amazônia,86.23,39381.81,8,6.1,28.0,36235.87,1,Alto
2023,7,2023-07-01,Sudeste,RJ,Caatinga,47.25,63365.56,16,43.4,26.8,19489.44,25,Médio
2023,7,2023-07-01,Sudeste,RJ,Pampa,8.88,35435.61,19,60.1,31.9,45085.64,23,Médio
2023,7,2023-07-01,Sudeste,MG,Cerrado,182.26,49142.13,19,110.7,27.2,28741.1,26,Baixo
2023,7,2023-07-01,Sudeste,MG,Pampa,103.39,9345.35,14,170.3,28.3,15602.12,15,Alto
2023,7,2023-07-01,Sudeste,MG,Amazônia,52.85,42975.28,11,67.4,24.3,58544.87,24,Crítico
2023,7,2023-07-01,Sudeste,ES,Caatinga,119.91,53811.49,8,93.7,24.2,38313.47,21,Alto
2023,7,2023-07-01,Sudeste,ES,Pampa,94.05,59558.88,13,101.6,29.6,24886.43,38,Crítico
2023,7,2023-07-01,Sudeste,ES,Cerrado,58.06,6813.39,20,164.1,29.2,83258.94,32,Crítico
2023,7,2023-07-01,Sul,PR,Cerrado,77.98,70804.06,15,82.5,34.1,37158.89,8,Crítico
2023,7,2023-07-01,Sul,PR,Mata Atlântica,93.43,62283.0,13,85.9,28.9,33477.95,28,Baixo
2023,7,2023-07-01,Sul,SC,Caatinga,77.03,52718.01,17,56.4,26.8,89570.03,1,Baixo
2023,7,2023-07-01,Sul,SC,Amazônia,82.96,47397.64,12,42.2,27.9,33197.04,6,Crítico
2023,7,2023-07-01,Sul,RS,Pantanal,116.35,30901.67,12,45.6,26.2,44964.04,38,Médio
2023,7,2023-07-01,Sul,RS,Mata Atlântica,80.63,70769.63,17,64.8,25.8,49652.49,33,Crítico
2023,8,2023-08-01,Norte,AM,Mata Atlântica,62.58,56163.6,10,95.4,24.7,24145.7,35,Baixo
2023,8,2023-08-01,Norte,PA,Amazônia,48.95,60678.84,14,137.9,27.1,1223.22,24,Alto
2023,8,2023-08-01,Norte,PA,Pantanal,268.15,19871.06,18,15.6,27.5,1792.95,24,Alto
2023,8,2023-08-01,Norte,RO,Cerrado,255.37,65377.23,18,77.4,19.6,55084.02,36,Crítico
2023,8,2023-08-01,Norte,TO,Cerrado,86.71,79037.81,17,128.3,19.8,4796.51,25,Crítico
2023,8,2023-08-01,Nordeste,BA,Caatinga,42.85,47751.45,12,90.7,24.9,69513.85,38,Alto
2023,8,2023-08-01,Nordeste,BA,Caatinga,118.6,32788.6,13,90.2,27.1,86273.86,7,Médio
2023,8,2023-08-01,Nordeste,PE,Amazônia,29.96,56932.96,18,139.7,28.2,6375.44,39,Alto
2023,8,2023-08-01,Nordeste,PE,Pampa,64.2,67869.39,10,39.5,23.4,61470.91,3,Alto
2023,8,2023-08-01,Nordeste,CE,Amazônia,8.37,73076.81,11,142.1,21.0,50828.42,32,Médio
2023,8,2023-08-01,Nordeste,CE,Cerrado,59.28,56158.93,14,136.1,20.0,12725.26,24,Alto
2023,8,2023-08-01,Nordeste,MA,Pampa,27.78,12159.23,19,35.1,23.7,77794.62,8,Crítico
2023,8,2023-08-01,Nordeste,PB,Pantanal,34.52,51923.27,16,79.9,29.4,88474.78,27,Alto
2023,8,2023-08-01,Centro-Oeste,DF,Pampa,167.8,8108.27,13,96.9,22.8,73119.17,28,Crítico
2023,8,2023-08-01,Centro-Oeste,GO,Pampa,82.2,17949.94,12,72.2,28.8,41861.13,3,Baixo
2023,8,2023-08-01,Centro-Oeste,GO,Pampa,67.08,32360.89,16,288.7,26.4,16932.99,36,Médio
2023,8,2023-08-01,Centro-Oeste,MT,Mata Atlântica,54.07,19267.7,9,63.9,27.6,47483.93,36,Médio
2023,8,2023-08-01,Centro-Oeste,MS,Amazônia,30.51,13831.9,12,62.2,25.9,60302.36,35,Alto
2023,8,2023-08-01,Sudeste,SP,Caatinga,26.03,23629.63,5,46.8,24.0,44936.32,27,Crítico
2023,8,2023-08-01,Sudeste,SP,Pampa,204.7,57941.91,10,45.4,28.0,73437.22,17,Médio
2023,8,2023-08-01,Sudeste,SP,Caatinga,37.24,72337.48,13,35.9,21.1,45233.28,35,Baixo
2023,8,2023-08-01,Sudeste,RJ,Cerrado,69.52,16279.41,12,123.1,28.7,7115.32,22,Baixo
2023,8,2023-08-01,Sudeste,RJ,Caatinga,100.03,10938.98,12,50.6,30.5,69921.45,28,Crítico
2023,8,2023-08-01,Sudeste,RJ,Cerrado,108.3,69348.67,14,118.0,27.8,77703.35,6,Crítico
2023,8,2023-08-01,Sudeste,RJ,Pantanal,97.89,13753.23,13,6.2,24.6,76798.0,16,Crítico
2023,8,2023-08-01,Sudeste,MG,Mata Atlântica,140.69,57974.5,15,101.6,26.5,53035.49,9,Alto
2023,8,2023-08-01,Sudeste,MG,Cerrado,83.98,75296.92,19,37.5,19.7,8870.18,32,Médio
2023,8,2023-08-01,Sudeste,MG,Mata Atlântica,54.55,7094.74,19,132.5,22.4,83937.29,3,Médio
2023,8,2023-08-01,Sudeste,ES,Pampa,22.73,35669.0,20,10.9,28.0,81304.18,33,Crítico
2023,8,2023-08-01,Sudeste,ES,Pantanal,57.27,55808.1,16,168.5,22.0,34579.23,22,Médio
2023,8,2023-08-01,Sudeste,ES,Pampa,27.95,17426.71,20,72.2,29.0,11684.62,19,Alto
2023,8,2023-08-01,Sul,PR,Caatinga,93.34,67925.44,15,164.4,26.7,53931.81,30,Médio
2023,8,2023-08-01,Sul,PR,Pampa,25.62,66699.04,7,16.5,28.1,34039.07,22,Baixo
2023,8,2023-08-01,Sul,SC,Cerrado,21.24,52617.59,15,70.1,29.9,49117.45,38,Crítico
2023,8,2023-08-01,Sul,SC,Pantanal,35.34,50746.17,14,67.2,30.4,70187.18,36,Crítico
2023,8,2023-08-01,Sul,RS,Caatinga,12.85,31346.85,18,71.4,32.1,71482.51,19,Alto
2023,8,2023-08-01,Sul,RS,Cerrado,142.11,46295.25,15,141.5,29.8,63701.89,4,Baixo
2023,9,2023-09-01,Norte,AM,Mata Atlântica,29.78,55061.02,31,33.8,27.1,71974.53,12,Baixo
2023,9,2023-09-01,Norte,PA,Cerrado,85.41,38122.5,21,27.0,29.6,4562.1,7,Crítico
2023,9,2023-09-01,Norte,PA,Cerrado,30.87,32345.1,19,93.7,26.7,23930.62,4,Baixo
2023,9,2023-09-01,Norte,RO,Pampa,52.53,40474.99,31,58.1,31.8,45340.14,7,Baixo
2023,9,2023-09-01,Norte,TO,Pantanal,56.0,6894.05,18,27.4,26.8,20178.09,7,Baixo
2023,9,2023-09-01,Nordeste,BA,Pampa,46.89,11301.19,15,52.0,25.2,26710.48,29,Baixo
2023,9,2023-09-01,Nordeste,BA,Pantanal,48.18,60886.81,22,15.7,24.4,66639.1,20,Baixo
2023,9,2023-09-01,Nordeste,PE,Pantanal,9.77,13085.5,17,54.6,28.2,10099.41,30,Crítico
2023,9,2023-09-01,Nordeste,PE,Pantanal,36.11,63433.05,16,27.1,22.4,57871.26,13,Alto
2023,9,2023-09-01,Nordeste,CE,Amazônia,165.47,67766.73,13,184.8,28.8,39869.88,8,Alto
2023,9,2023-09-01,Nordeste,CE,Amazônia,129.63,18061.99,16,43.5,32.2,57617.83,23,Alto
2023,9,2023-09-01,Nordeste,MA,Amazônia,51.55,30208.7,12,34.3,31.6,82690.82,7,Crítico
2023,9,2023-09-01,Nordeste,PB,Amazônia,19.97,22181.94,15,142.6,27.5,29937.09,3,Alto
2023,9,2023-09-01,Centro-Oeste,DF,Mata Atlântica,174.23,24595.37,20,62.6,27.1,22758.49,26,Crítico
2023,9,2023-09-01,Centro-Oeste,GO,Pantanal,40.18,65206.36,16,73.8,29.8,70972.05,30,Baixo
2023,9,2023-09-01,Centro-Oeste,GO,Cerrado,76.74,26020.98,20,119.4,23.8,20537.37,20,Baixo
2023,9,2023-09-01,Centro-Oeste,MT,Mata Atlântica,155.97,45933.85,13,101.4,33.1,20815.09,3,Crítico
2023,9,2023-09-01,Centro-Oeste,MS,Pantanal,84.58,54188.18,25,53.7,24.7,53903.45,36,Baixo
2023,9,2023-09-01,Sudeste,SP,Pampa,16.54,39873.64,11,67.4,27.6,26223.1,9,Crítico
2023,9,2023-09-01,Sudeste,SP,Mata Atlântica,92.96,69776.44,24,135.3,27.1,36550.26,14,Alto
2023,9,2023-09-01,Sudeste,SP,Cerrado,27.24,18778.21,16,85.7,29.3,17284.88,2,Alto
2023,9,2023-09-01,Sudeste,RJ,Caatinga,90.27,33890.5,14,35.4,27.5,76597.06,31,Médio
2023,9,2023-09-01,Sudeste,RJ,Cerrado,96.39,44249.39,9,65.9,33.5,79271.76,22,Baixo
2023,9,2023-09-01,Sudeste,RJ,Cerrado,9.58,78382.72,15,221.2,28.2,39508.08,20,Crítico
2023,9,2023-09-01,Sudeste,RJ,Mata Atlântica,73.18,21480.66,14,111.7,29.8,57317.58,28,Alto
2023,9,2023-09-01,Sudeste,MG,Pantanal,87.88,74742.45,14,91.6,25.9,44358.93,25,Alto
2023,9,2023-09-01,Sudeste,MG,Pantanal,288.34,24453.63,21,85.4,29.6,30226.56,34,Crítico
2023,9,2023-09-01,Sudeste,MG,Amazônia,38.15,41022.48,23,45.0,20.3,70251.4,19,Crítico
2023,9,2023-09-01,Sudeste,ES,Amazônia,36.87,1363.59,10,140.1,23.4,34603.08,27,Crítico
2023,9,2023-09-01,Sudeste,ES,Pantanal,2.23,19783.94,17,153.6,27.6,24351.54,22,Médio
2023,9,2023-09-01,Sudeste,ES,Cerrado,49.79,15374.03,12,131.8,27.9,27379.17,11,Alto
2023,9,2023-09-01,Sul,PR,Pantanal,42.88,18930.03,15,105.5,25.8,69518.87,21,Baixo
2023,9,2023-09-01,Sul,PR,Mata Atlântica,106.1,14028.66,9,41.1,29.2,52191.79,21,Crítico
2023,9,2023-09-01,Sul,SC,Caatinga,89.51,60148.63,21,76.9,27.6,46503.47,13,Médio
2023,9,2023-09-01,Sul,SC,Caatinga,196.01,23496.22,16,50.7,16.1,35652.65,29,Baixo
2023,9,2023-09-01,Sul,RS,Mata Atlântica,50.56,12647.67,9,14.5,25.4,14228.49,15,Crítico
2023,9,2023-09-01,Sul,RS,Pantanal,96.71,71742.52,17,103.9,28.7,17624.68,18,Alto
2023,10,2023-10-01,Norte,AM,Pampa,93.53,28960.36,15,113.6,28.1,44055.04,8,Médio
2023,10,2023-10-01,Norte,PA,Caatinga,78.24,67590.62,14,111.3,29.6,69537.62,19,Médio
2023,10,2023-10-01,Norte,PA,Mata Atlântica,111.43,8818.79,12,52.1,24.1,54154.13,32,Baixo
2023,10,2023-10-01,Norte,RO,Caatinga,114.09,11206.11,15,79.2,22.7,35871.58,32,Médio
2023,10,2023-10-01,Norte,TO,Pampa,97.28,64246.44,19,144.8,27.6,77340.22,19,Médio
2023,10,2023-10-01,Nordeste,BA,Mata Atlântica,59.91,72444.63,13,201.9,26.5,35966.03,38,Alto
2023,10,2023-10-01,Nordeste,BA,Pantanal,82.88,11662.72,13,67.8,26.5,81931.04,23,Alto
2023,10,2023-10-01,Nordeste,PE,Cerrado,142.26,36243.34,13,89.3,27.8,74636.7,38,Crítico
2023,10,2023-10-01,Nordeste,PE,Mata Atlântica,65.75,36284.97,12,91.6,25.4,23397.95,1,Crítico
2023,10,2023-10-01,Nordeste,CE,Mata Atlântica,64.17,76859.77,14,56.0,26.8,56039.35,9,Baixo
2023,10,2023-10-01,Nordeste,CE,Caatinga,45.78,11959.13,17,46.6,30.1,72701.49,19,Alto
2023,10,2023-10-01,Nordeste,MA,Mata Atlântica,15.34,60628.94,16,56.0,25.5,41399.62,10,Alto
2023,10,2023-10-01,Nordeste,PB,Mata Atlântica,33.28,41352.78,16,71.6,30.2,25241.96,22,Médio
2023,10,2023-10-01,Centro-Oeste,DF,Mata Atlântica,78.06,51322.59,11,77.7,27.2,88556.14,18,Médio
2023,10,2023-10-01,Centro-Oeste,GO,Pampa,91.19,9500.11,9,50.5,25.7,83977.42,16,Alto
2023,10,2023-10-01,Centro-Oeste,GO,Cerrado,116.01,23736.73,12,49.3,30.4,61234.93,32,Crítico
2023,10,2023-10-01,Centro-Oeste,MT,Cerrado,83.03,25414.82,16,28.3,31.4,86510.42,23,Médio
2023,10,2023-10-01,Centro-Oeste,MS,Pantanal,21.21,36359.55,18,132.6,30.3,53911.55,5,Baixo
2023,10,2023-10-01,Sudeste,SP,Mata Atlântica,73.4,63438.22,16,29.1,29.5,66847.72,21,Baixo
2023,10,2023-10-01,Sudeste,SP,Mata Atlântica,19.7,18825.82,13,52.6,24.3,16058.12,37,Baixo
2023,10,2023-10-01,Sudeste,SP,Pampa,41.76,61946.64,15,135.3,26.1,32043.42,16,Médio
2023,10,2023-10-01,Sudeste,RJ,Cerrado,103.72,52236.17,13,89.0,19.2,32396.95,37,Crítico
2023,10,2023-10-01,Sudeste,RJ,Amazônia,68.71,77428.04,19,127.6,30.2,41741.25,39,Alto
2023,10,2023-10-01,Sudeste,RJ,Mata Atlântica,13.27,59108.29,14,118.6,27.1,5571.73,21,Alto
2023,10,2023-10-01,Sudeste,RJ,Amazônia,135.68,4471.43,19,65.5,28.5,83059.55,38,Médio
2023,10,2023-10-01,Sudeste,MG,Amazônia,100.08,73464.08,19,50.5,26.3,86096.55,8,Baixo
2023,10,2023-10-01,Sudeste,MG,Mata Atlântica,79.05,33326.11,12,87.3,28.2,39910.58,30,Alto
2023,10,2023-10-01,Sudeste,MG,Amazônia,66.67,13911.22,9,67.1,27.4,70128.75,31,Baixo
2023,10,2023-10-01,Sudeste,ES,Caatinga,10.72,3199.67,14,147.5,27.4,8392.8,10,Médio
2023,10,2023-10-01,Sudeste,ES,Caatinga,16.14,75581.21,12,15.3,26.5,33078.71,38,Alto
2023,10,2023-10-01,Sudeste,ES,Amazônia,57.31,52426.25,24,53.0,31.0,13759.55,38,Baixo
2023,10,2023-10-01,Sul,PR,Pantanal,66.81,29642.79,14,102.9,25.5,55703.22,19,Médio
2023,10,2023-10-01,Sul,PR,Pampa,86.37,43589.75,17,66.9,29.2,59831.44,22,Alto
2023,10,2023-10-01,Sul,SC,Pampa,48.58,45753.03,12,113.3,28.2,7063.74,11,Baixo
2023,10,2023-10-01,Sul,SC,Pampa,123.51,47898.89,16,98.4,21.3,50782.3,21,Alto
2023,10,2023-10-01,Sul,RS,Mata Atlântica,28.46,11687.82,15,98.4,27.3,73228.33,33,Crítico
2023,10,2023-10-01,Sul,RS,Pampa,94.86,57225.74,19,105.4,29.2,10182.65,19,Baixo
2023,11,2023-11-01,Norte,AM,Pampa,63.98,70552.87,17,82.2,25.1,54038.82,12,Médio
2023,11,2023-11-01,Norte,PA,Cerrado,130.23,60660.65,20,17.3,24.7,63289.54,32,Médio
2023,11,2023-11-01,Norte,PA,Pantanal,38.12,34465.4,17,28.9,23.5,20810.13,25,Alto
2023,11,2023-11-01,Norte,RO,Cerrado,27.72,12807.11,17,61.0,24.8,58283.53,16,Médio
2023,11,2023-11-01,Norte,TO,Mata Atlântica,42.66,6765.96,13,65.0,27.4,32890.29,17,Alto
2023,11,2023-11-01,Nordeste,BA,Cerrado,60.47,72841.96,10,78.1,29.2,72403.06,5,Médio
2023,11,2023-11-01,Nordeste,BA,Pampa,47.68,54857.89,13,153.6,33.3,5644.71,39,Baixo
2023,11,2023-11-01,Nordeste,PE,Cerrado,56.93,7904.56,20,78.5,23.3,89477.4,31,Crítico
2023,11,2023-11-01,Nordeste,PE,Cerrado,224.2,54783.44,13,51.8,28.6,75852.54,13,Alto
2023,11,2023-11-01,Nordeste,CE,Amazônia,97.9,23308.68,10,26.8,25.0,59528.86,30,Crítico
2023,11,2023-11-01,Nordeste,CE,Mata Atlântica,108.9,6082.42,21,109.2,29.6,36948.88,11,Baixo
2023,11,2023-11-01,Nordeste,MA,Caatinga,55.3,23767.45,11,77.6,28.3,78407.09,35,Baixo
2023,11,2023-11-01,Nordeste,PB,Cerrado,5.08,39218.84,9,120.0,24.3,36353.78,30,Alto
2023,11,2023-11-01,Centro-Oeste,DF,Pampa,31.85,3654.56,8,81.8,17.5,26832.0,1,Crítico
2023,11,2023-11-01,Centro-Oeste,GO,Caatinga,75.55,14910.85,13,120.2,30.5,18976.96,34,Crítico
2023,11,2023-11-01,Centro-Oeste,GO,Mata Atlântica,187.68,27515.94,14,32.7,27.8,13940.21,5,Crítico
2023,11,2023-11-01,Centro-Oeste,MT,Pantanal,58.22,58881.4,11,46.3,23.3,22151.07,26,Alto
2023,11,2023-11-01,Centro-Oeste,MS,Caatinga,48.24,9011.01,12,27.8,31.4,88053.88,36,Crítico
2023,11,2023-11-01,Sudeste,SP,Pampa,7.15,19118.28,16,63.2,25.6,28158.37,6,Baixo
2023,11,2023-11-01,Sudeste,SP,Pantanal,81.29,58144.39,12,140.5,30.8,28966.25,26,Baixo
2023,11,2023-11-01,Sudeste,SP,Cerrado,40.24,48313.06,21,47.5,21.2,22813.2,15,Alto
2023,11,2023-11-01,Sudeste,RJ,Caatinga,82.93,67801.39,14,83.6,29.1,74641.76,14,Crítico
2023,11,2023-11-01,Sudeste,RJ,Pampa,61.23,33958.27,11,147.7,29.2,74982.76,26,Crítico
2023,11,2023-11-01,Sudeste,RJ,Cerrado,74.31,48419.91,18,65.1,24.8,61259.22,26,Médio
2023,11,2023-11-01,Sudeste,RJ,Amazônia,53.03,11168.94,14,103.0,31.1,32078.63,38,Alto
2023,11,2023-11-01,Sudeste,MG,Cerrado,38.06,53935.74,17,49.0,24.7,25263.5,17,Alto
2023,11,2023-11-01,Sudeste,MG,Cerrado,115.0,6627.16,13,112.6,25.9,56141.03,37,Baixo
2023,11,2023-11-01,Sudeste,MG,Pampa,67.87,54414.05,11,131.9,29.7,48607.61,2,Baixo
2023,11,2023-11-01,Sudeste,ES,Mata Atlântica,91.23,58776.98,11,151.8,28.4,87301.49,21,Baixo
2023,11,2023-11-01,Sudeste,ES,Mata Atlântica,99.97,71052.51,14,135.6,22.3,54621.53,19,Médio
2023,11,2023-11-01,Sudeste,ES,Cerrado,169.22,59198.75,9,135.6,31.5,10980.21,33,Crítico
2023,11,2023-11-01,Sul,PR,Mata Atlântica,171.75,76271.92,14,15.5,24.7,37631.58,27,Médio
2023,11,2023-11-01,Sul,PR,Cerrado,29.48,33992.32,12,60.5,27.6,68826.94,35,Médio
2023,11,2023-11-01,Sul,SC,Mata Atlântica,77.78,6922.69,16,33.4,24.1,84879.41,38,Crítico
2023,11,2023-11-01,Sul,SC,Caatinga,124.56,22595.25,15,138.9,24.0,23487.59,39,Crítico
2023,11,2023-11-01,Sul,RS,Pampa,56.64,63140.88,12,114.6,26.2,27098.92,30,Médio
2023,11,2023-11-01,Sul,RS,Caatinga,241.54,27264.58,7,48.5,24.0,83914.45,33,Alto
2023,12,2023-12-01,Norte,AM,Caatinga,125.35,66124.43,18,56.9,26.7,11737.64,31,Médio
2023,12,2023-12-01,Norte,PA,Mata Atlântica,17.96,37460.93,14,63.8,29.9,56209.22,37,Alto
2023,12,2023-12-01,Norte,PA,Amazônia,10.41,48073.97,18,84.9,32.5,56372.23,2,Médio
2023,12,2023-12-01,Norte,RO,Pantanal,26.12,30541.03,13,45.9,23.8,12656.39,26,Crítico
2023,12,2023-12-01,Norte,TO,Pantanal,123.07,71497.78,13,82.8,24.0,86578.29,24,Médio
2023,12,2023-12-01,Nordeste,BA,Mata Atlântica,139.72,24783.87,19,44.5,27.0,23763.51,23,Crítico
2023,12,2023-12-01,Nordeste,BA,Pampa,74.61,55785.48,13,104.9,26.9,71313.39,17,Baixo
2023,12,2023-12-01,Nordeste,PE,Caatinga,77.83,31911.11,15,123.1,24.9,64747.52,38,Baixo
2023,12,2023-12-01,Nordeste,PE,Pampa,86.62,12583.21,10,222.1,23.7,82981.66,31,Baixo
2023,12,2023-12-01,Nordeste,CE,Amazônia,93.58,72968.33,14,49.7,24.3,84229.46,7,Baixo
2023,12,2023-12-01,Nordeste,CE,Pampa,100.29,47203.59,10,78.2,31.0,53682.18,29,Alto
2023,12,2023-12-01,Nordeste,MA,Mata Atlântica,99.64,68382.37,17,25.3,29.8,74776.92,29,Alto
2023,12,2023-12-01,Nordeste,PB,Caatinga,50.76,58331.46,12,86.7,28.2,32087.12,17,Crítico
2023,12,2023-12-01,Centro-Oeste,DF,Cerrado,66.89,67441.48,8,38.0,31.4,42298.12,31,Alto
2023,12,2023-12-01,Centro-Oeste,GO,Pantanal,104.47,77984.67,8,161.2,26.3,82245.24,8,Alto
2023,12,2023-12-01,Centro-Oeste,GO,Cerrado,37.79,9909.85,14,100.5,25.8,7860.89,25,Baixo
2023,12,2023-12-01,Centro-Oeste,MT,Cerrado,85.36,22079.78,13,38.9,26.2,66352.6,21,Alto
2023,12,2023-12-01,Centro-Oeste,MS,Caatinga,153.09,6588.61,15,106.3,26.0,6383.54,19,Crítico
2023,12,2023-12-01,Sudeste,SP,Caatinga,21.99,67270.49,13,60.8,27.1,35179.72,33,Crítico
2023,12,2023-12-01,Sudeste,SP,Amazônia,45.62,36823.78,8,20.7,27.1,10175.89,34,Alto
2023,12,2023-12-01,Sudeste,SP,Pantanal,21.19,25022.98,15,44.6,26.0,68403.55,2,Alto
2023,12,2023-12-01,Sudeste,RJ,Pantanal,48.65,78263.9,20,59.5,28.4,38945.02,4,Crítico
2023,12,2023-12-01,Sudeste,RJ,Pantanal,49.83,8109.97,9,38.9,22.5,10012.54,36,Baixo
2023,12,2023-12-01,Sudeste,RJ,Caatinga,32.33,13156.29,10,38.6,24.0,57122.11,2,Crítico
2023,12,2023-12-01,Sudeste,RJ,Pampa,140.3,49536.54,13,40.0,24.5,27639.23,23,Médio
2023,12,2023-12-01,Sudeste,MG,Mata Atlântica,96.55,67519.42,12,118.0,27.4,82953.06,9,Médio
2023,12,2023-12-01,Sudeste,MG,Pantanal,38.14,55262.59,11,155.8,29.4,29201.2,8,Baixo
2023,12,2023-12-01,Sudeste,MG,Mata Atlântica,77.7,27485.91,14,79.8,28.4,87702.76,13,Crítico
2023,12,2023-12-01,Sudeste,ES,Mata Atlântica,27.49,6578.05,15,48.6,31.0,89477.02,15,Baixo
2023,12,2023-12-01,Sudeste,ES,Amazônia,21.16,22253.97,17,79.8,29.9,76944.45,36,Alto
2023,12,2023-12-01,Sudeste,ES,Amazônia,10.03,58714.96,8,19.0,29.3,51203.75,30,Crítico
2023,12,2023-12-01,Sul,PR,Cerrado,77.9,35231.33,14,125.4,26.2,19751.36,9,Baixo
2023,12,2023-12-01,Sul,PR,Pampa,25.29,33654.04,12,172.6,22.9,60455.0,7,Crítico
2023,12,2023-12-01,Sul,SC,Amazônia,24.46,21874.87,21,41.5,26.9,24757.44,18,Médio
2023,12,2023-12-01,Sul,SC,Pampa,97.72,38504.89,8,95.1,31.8,10210.62,6,Médio
2023,12,2023-12-01,Sul,RS,Mata Atlântica,44.83,10372.25,12,59.9,24.8,63758.42,30,Médio
2023,12,2023-12-01,Sul,RS,Cerrado,76.2,38369.78,11,38.8,26.4,36351.17,8,Alto
2024,1,2024-01-01,Norte,AM,Amazônia,106.7,72705.05,14,29.9,30.4,49321.01,25,Baixo
2024,1,2024-01-01,Norte,PA,Amazônia,46.72,45642.37,28,108.0,21.6,47350.84,5,Médio
2024,1,2024-01-01,Norte,PA,Pampa,19.82,16784.47,16,118.6,26.9,24340.75,28,Alto
2024,1,2024-01-01,Norte,RO,Pampa,209.34,76244.03,16,69.7,27.5,46834.74,34,Crítico
2024,1,2024-01-01,Norte,TO,Amazônia,44.67,7085.58,13,120.4,27.6,49375.73,16,Alto
2024,1,2024-01-01,Nordeste,BA,Mata Atlântica,51.33,63928.8,17,4.0,24.2,3824.05,11,Médio
2024,1,2024-01-01,Nordeste,BA,Pampa,72.58,19362.47,15,109.4,23.1,12637.87,35,Médio
2024,1,2024-01-01,Nordeste,PE,Pantanal,73.32,45979.84,6,71.7,27.2,33241.2,33,Alto
2024,1,2024-01-01,Nordeste,PE,Amazônia,58.8,52648.51,15,84.6,25.3,43708.21,14,Baixo
2024,1,2024-01-01,Nordeste,CE,Caatinga,49.21,61114.98,17,46.0,28.5,65300.91,17,Alto
2024,1,2024-01-01,Nordeste,CE,Amazônia,89.98,61488.5,13,57.4,28.1,72695.25,21,Alto
2024,1,2024-01-01,Nordeste,MA,Pantanal,47.78,46771.88,18,57.6,25.5,19615.18,37,Crítico
2024,1,2024-01-01,Nordeste,PB,Caatinga,89.37,33500.09,7,63.7,27.5,4738.55,11,Médio
2024,1,2024-01-01,Centro-Oeste,DF,Pampa,10.78,20694.09,15,28.6,22.2,67305.17,36,Alto
2024,1,2024-01-01,Centro-Oeste,GO,Pantanal,30.99,17600.11,11,56.8,24.0,69106.46,34,Crítico
2024,1,2024-01-01,Centro-Oeste,GO,Caatinga,1.61,18991.62,12,54.2,27.8,36354.4,39,Crítico
2024,1,2024-01-01,Centro-Oeste,MT,Caatinga,6.3,46312.95,16,55.2,26.4,14790.91,20,Alto
2024,1,2024-01-01,Centro-Oeste,MS,Amazônia,43.53,6178.15,18,12.4,25.3,78596.42,3,Médio
2024,1,2024-01-01,Sudeste,SP,Pampa,76.98,47319.59,11,55.6,30.6,50628.33,20,Alto
2024,1,2024-01-01,Sudeste,SP,Pantanal,153.38,78515.1,17,42.7,25.8,72652.29,23,Baixo
2024,1,2024-01-01,Sudeste,SP,Caatinga,35.71,78354.28,11,139.7,26.0,66905.58,3,Crítico
2024,1,2024-01-01,Sudeste,RJ,Pantanal,87.28,19330.47,14,108.7,28.3,35699.03,18,Crítico
2024,1,2024-01-01,Sudeste,RJ,Pantanal,103.85,58969.59,21,33.0,26.7,12755.01,34,Baixo
2024,1,2024-01-01,Sudeste,RJ,Caatinga,53.28,19931.8,13,21.1,25.6,17123.8,6,Médio
2024,1,2024-01-01,Sudeste,RJ,Pantanal,62.47,62572.92,25,80.3,26.3,12719.87,30,Crítico
2024,1,2024-01-01,Sudeste,MG,Amazônia,134.89,77058.86,16,196.7,27.3,63715.04,29,Crítico
2024,1,2024-01-01,Sudeste,MG,Caatinga,79.27,57481.08,11,148.1,27.0,71695.17,22,Crítico
2024,1,2024-01-01,Sudeste,MG,Amazônia,33.33,3244.58,20,26.5,29.8,39461.78,37,Baixo
2024,1,2024-01-01,Sudeste,ES,Mata Atlântica,130.53,43840.1,20,114.5,25.1,12502.6,1,Baixo
2024,1,2024-01-01,Sudeste,ES,Caatinga,135.98,40241.42,15,233.3,24.3,31130.73,19,Baixo
2024,1,2024-01-01,Sudeste,ES,Caatinga,95.72,64936.47,9,59.5,29.4,40738.62,36,Médio
2024,1,2024-01-01,Sul,PR,Amazônia,82.62,65770.73,19,67.2,28.4,88787.35,9,Alto
2024,1,2024-01-01,Sul,PR,Mata Atlântica,109.03,42509.52,14,48.0,29.8,8700.42,15,Crítico
2024,1,2024-01-01,Sul,SC,Mata Atlântica,52.47,18859.16,12,38.0,26.5,22306.37,3,Baixo
2024,1,2024-01-01,Sul,SC,Cerrado,87.8,52479.47,15,59.0,22.7,46599.37,14,Alto
2024,1,2024-01-01,Sul,RS,Cerrado,169.14,9785.95,13,105.3,27.7,47716.28,3,Alto
2024,1,2024-01-01,Sul,RS,Cerrado,76.82,69001.41,17,141.3,30.6,89832.62,32,Baixo
2024,2,2024-02-01,Norte,AM,Pantanal,75.65,75168.65,18,126.6,29.4,20843.75,18,Alto
2024,2,2024-02-01,Norte,PA,Pantanal,45.01,24628.32,13,73.8,23.7,16231.19,19,Crítico
2024,2,2024-02-01,Norte,PA,Caatinga,36.56,4791.82,15,73.4,25.9,7182.44,6,Alto
2024,2,2024-02-01,Norte,RO,Pampa,108.88,6729.45,20,14.2,20.4,73720.6,7,Alto
2024,2,2024-02-01,Norte,TO,Pantanal,82.98,3920.14,16,82.1,22.5,77546.58,9,Médio
2024,2,2024-02-01,Nordeste,BA,Mata Atlântica,124.21,34912.66,17,151.9,23.1,28588.31,34,Médio
2024,2,2024-02-01,Nordeste,BA,Caatinga,45.97,17327.73,11,47.1,32.9,80485.44,28,Crítico
2024,2,2024-02-01,Nordeste,PE,Pantanal,91.5,16818.75,16,88.1,27.1,65725.2,21,Alto
2024,2,2024-02-01,Nordeste,PE,Amazônia,57.03,61860.02,19,46.3,26.6,11356.53,36,Crítico
2024,2,2024-02-01,Nordeste,CE,Pantanal,114.59,15977.89,13,68.0,27.5,58057.9,28,Baixo
2024,2,2024-02-01,Nordeste,CE,Mata Atlântica,191.43,15766.79,16,57.2,29.7,77197.56,21,Médio
2024,2,2024-02-01,Nordeste,MA,Mata Atlântica,43.49,41134.96,12,102.2,27.5,15235.22,6,Médio
2024,2,2024-02-01,Nordeste,PB,Caatinga,47.29,13287.71,14,75.9,23.6,33057.07,19,Alto
2024,2,2024-02-01,Centro-Oeste,DF,Amazônia,39.67,69945.09,15,131.1,30.2,52144.87,23,Médio
2024,2,2024-02-01,Centro-Oeste,GO,Amazônia,149.56,38617.29,23,193.0,26.7,31567.4,29,Alto
2024,2,2024-02-01,Centro-Oeste,GO,Caatinga,42.77,1288.71,15,87.8,23.9,45386.64,22,Alto
2024,2,2024-02-01,Centro-Oeste,MT,Pampa,105.66,77790.6,13,66.0,25.5,79458.08,21,Baixo
2024,2,2024-02-01,Centro-Oeste,MS,Mata Atlântica,50.71,27625.68,20,110.7,25.9,75778.01,18,Crítico
2024,2,2024-02-01,Sudeste,SP,Caatinga,136.71,40040.95,24,18.5,30.1,86846.15,20,Médio
2024,2,2024-02-01,Sudeste,SP,Mata Atlântica,54.65,68827.16,8,86.4,28.0,36858.72,21,Baixo
2024,2,2024-02-01,Sudeste,SP,Mata Atlântica,84.47,66603.48,20,30.2,27.5,19225.71,26,Crítico
2024,2,2024-02-01,Sudeste,RJ,Cerrado,106.86,23813.53,10,74.6,32.7,5929.11,32,Baixo
2024,2,2024-02-01,Sudeste,RJ,Pantanal,82.3,45670.64,18,94.1,23.7,82523.41,4,Baixo
2024,2,2024-02-01,Sudeste,RJ,Amazônia,48.44,11795.79,15,101.8,28.6,16402.06,23,Alto
2024,2,2024-02-01,Sudeste,RJ,Pampa,90.74,62354.64,13,92.2,27.2,14636.65,38,Médio
2024,2,2024-02-01,Sudeste,MG,Pantanal,53.74,63225.7,12,26.2,23.9,53684.7,16,Alto
2024,2,2024-02-01,Sudeste,MG,Pantanal,95.48,42614.96,18,28.2,28.0,75646.1,31,Médio
2024,2,2024-02-01,Sudeste,MG,Mata Atlântica,106.17,11216.63,20,37.7,22.8,65663.1,21,Médio
2024,2,2024-02-01,Sudeste,ES,Amazônia,44.99,48779.26,18,38.1,26.9,16071.55,39,Baixo
2024,2,2024-02-01,Sudeste,ES,Mata Atlântica,80.26,28694.12,18,110.1,31.0,10365.72,3,Médio
2024,2,2024-02-01,Sudeste,ES,Mata Atlântica,78.51,38618.92,10,89.2,29.1,28241.42,33,Baixo
2024,2,2024-02-01,Sul,PR,Amazônia,48.94,31906.45,16,111.1,26.9,14094.03,7,Alto
2024,2,2024-02-01,Sul,PR,Pampa,56.33,13853.07,16,78.4,28.9,43293.89,9,Alto
2024,2,2024-02-01,Sul,SC,Cerrado,33.18,31874.86,11,187.6,25.0,38391.32,8,Crítico
2024,2,2024-02-01,Sul,SC,Cerrado,208.75,3548.31,14,49.7,25.2,77647.8,7,Alto
2024,2,2024-02-01,Sul,RS,Caatinga,41.99,76077.12,15,145.6,27.2,80841.73,29,Baixo
2024,2,2024-02-01,Sul,RS,Caatinga,195.98,17238.85,11,110.4,27.2,67095.92,26,Médio
2024,3,2024-03-01,Norte,AM,Pantanal,35.46,16588.1,20,56.4,28.5,2767.66,35,Crítico
2024,3,2024-03-01,Norte,PA,Caatinga,112.66,52855.98,17,85.1,31.9,22981.11,17,Alto
2024,3,2024-03-01,Norte,PA,Amazônia,50.25,45779.52,21,105.0,26.1,15473.03,15,Baixo
2024,3,2024-03-01,Norte,RO,Caatinga,141.95,67591.02,16,47.6,27.0,4417.87,26,Crítico
2024,3,2024-03-01,Norte,TO,Caatinga,22.56,13674.99,22,48.1,27.1,38585.25,21,Baixo
2024,3,2024-03-01,Nordeste,BA,Cerrado,39.22,8537.94,16,35.9,29.5,74078.14,22,Baixo
2024,3,2024-03-01,Nordeste,BA,Caatinga,44.1,20129.72,19,28.4,28.9,13135.56,10,Alto
2024,3,2024-03-01,Nordeste,PE,Mata Atlântica,144.67,67125.01,17,43.4,23.8,61681.1,31,Médio
2024,3,2024-03-01,Nordeste,PE,Amazônia,40.38,23103.78,8,103.7,22.3,5875.47,5,Crítico
2024,3,2024-03-01,Nordeste,CE,Pantanal,74.23,61963.27,14,7.2,29.4,40790.41,5,Crítico
2024,3,2024-03-01,Nordeste,CE,Caatinga,64.03,39262.18,15,146.4,26.1,29603.23,22,Crítico
2024,3,2024-03-01,Nordeste,MA,Amazônia,69.41,40339.35,15,33.2,24.8,53686.69,15,Baixo
2024,3,2024-03-01,Nordeste,PB,Caatinga,75.71,49777.83,20,110.6,31.1,69947.05,19,Crítico
2024,3,2024-03-01,Centro-Oeste,DF,Caatinga,50.02,62480.77,20,85.2,32.1,24408.62,5,Médio
2024,3,2024-03-01,Centro-Oeste,GO,Pampa,130.01,75438.97,20,86.7,21.9,69401.2,23,Alto
2024,3,2024-03-01,Centro-Oeste,GO,Pantanal,28.81,51857.91,9,119.5,27.6,3411.89,29,Baixo
2024,3,2024-03-01,Centro-Oeste,MT,Pantanal,10.87,8102.11,14,130.4,27.3,59895.88,2,Crítico
2024,3,2024-03-01,Centro-Oeste,MS,Cerrado,13.39,16220.52,12,209.3,24.1,48320.01,7,Crítico
2024,3,2024-03-01,Sudeste,SP,Cerrado,14.09,41210.06,17,81.4,20.9,39722.56,33,Baixo
2024,3,2024-03-01,Sudeste,SP,Mata Atlântica,84.24,8031.43,17,28.6,23.9,31051.75,34,Crítico
2024,3,2024-03-01,Sudeste,SP,Pantanal,119.16,54543.34,17,248.3,27.9,15301.0,38,Crítico
2024,3,2024-03-01,Sudeste,RJ,Mata Atlântica,25.11,25976.74,13,123.8,22.1,64903.65,15,Médio
2024,3,2024-03-01,Sudeste,RJ,Amazônia,78.42,24348.68,10,47.0,30.5,24836.78,30,Médio
2024,3,2024-03-01,Sudeste,RJ,Pantanal,78.81,1030.76,16,165.6,30.9,42906.67,20,Baixo
2024,3,2024-03-01,Sudeste,RJ,Pantanal,21.34,69805.49,17,58.7,34.4,20298.41,2,Médio
2024,3,2024-03-01,Sudeste,MG,Pampa,46.75,49474.24,10,44.6,26.0,41711.17,24,Baixo
2024,3,2024-03-01,Sudeste,MG,Mata Atlântica,166.19,54758.49,19,73.6,31.8,68445.18,36,Baixo
2024,3,2024-03-01,Sudeste,MG,Pantanal,78.71,27152.2,22,50.6,27.4,61191.34,16,Crítico
2024,3,2024-03-01,Sudeste,ES,Cerrado,13.96,28702.92,27,92.3,24.0,32425.9,19,Médio
2024,3,2024-03-01,Sudeste,ES,Caatinga,115.79,78472.71,23,123.1,31.0,53291.84,13,Médio
2024,3,2024-03-01,Sudeste,ES,Mata Atlântica,167.26,27332.39,12,197.2,27.5,74619.51,36,Alto
2024,3,2024-03-01,Sul,PR,Cerrado,16.5,52410.0,10,74.1,30.4,2559.78,28,Médio
2024,3,2024-03-01,Sul,PR,Pantanal,45.75,1217.45,25,103.0,28.1,20473.34,36,Baixo
2024,3,2024-03-01,Sul,SC,Cerrado,18.75,54613.02,17,156.2,30.9,45544.22,19,Alto
2024,3,2024-03-01,Sul,SC,Amazônia,9.55,50295.18,17,138.1,26.2,11252.67,36,Médio
2024,3,2024-03-01,Sul,RS,Mata Atlântica,56.39,29863.77,14,127.0,30.9,87718.37,32,Médio
2024,3,2024-03-01,Sul,RS,Pampa,108.0,27399.91,15,196.9,29.5,67471.67,9,Baixo
2024,4,2024-04-01,Norte,AM,Mata Atlântica,14.85,67221.02,19,90.7,27.3,72510.85,8,Alto
2024,4,2024-04-01,Norte,PA,Caatinga,72.7,45278.49,17,127.2,23.1,49880.7,33,Baixo
2024,4,2024-04-01,Norte,PA,Pantanal,29.97,3414.94,17,69.8,31.5,64029.79,12,Baixo
2024,4,2024-04-01,Norte,RO,Caatinga,120.28,54056.59,7,106.4,31.2,1359.44,12,Baixo
2024,4,2024-04-01,Norte,TO,Cerrado,49.38,49192.26,20,59.8,30.0,89759.01,27,Baixo
2024,4,2024-04-01,Nordeste,BA,Pampa,46.97,60506.26,13,94.8,23.4,35447.84,37,Alto
2024,4,2024-04-01,Nordeste,BA,Pantanal,26.04,12086.76,21,86.0,24.1,76407.43,36,Baixo
2024,4,2024-04-01,Nordeste,PE,Amazônia,111.76,25756.71,13,30.5,28.3,71091.81,35,Médio
2024,4,2024-04-01,Nordeste,PE,Pampa,33.07,21061.8,20,64.6,24.7,46750.43,9,Médio
2024,4,2024-04-01,Nordeste,CE,Mata Atlântica,86.43,15550.11,12,106.3,26.7,56989.44,5,Alto
2024,4,2024-04-01,Nordeste,CE,Pampa,47.4,70125.03,18,47.3,26.0,75343.28,35,Médio
2024,4,2024-04-01,Nordeste,MA,Mata Atlântica,9.43,50395.81,10,90.7,30.0,13257.32,13,Crítico
2024,4,2024-04-01,Nordeste,PB,Mata Atlântica,95.82,75673.49,15,34.0,28.2,69130.94,8,Baixo
2024,4,2024-04-01,Centro-Oeste,DF,Mata Atlântica,36.2,68510.36,13,145.4,28.1,64602.44,21,Baixo
2024,4,2024-04-01,Centro-Oeste,GO,Amazônia,42.13,73289.09,18,115.4,26.3,42347.27,10,Médio
2024,4,2024-04-01,Centro-Oeste,GO,Pampa,29.01,4970.36,15,112.6,30.7,32751.59,8,Crítico
2024,4,2024-04-01,Centro-Oeste,MT,Caatinga,43.69,43656.2,11,61.7,26.1,83794.85,23,Alto
2024,4,2024-04-01,Centro-Oeste,MS,Cerrado,11.09,66344.96,11,106.2,27.5,42307.23,5,Baixo
2024,4,2024-04-01,Sudeste,SP,Pampa,54.94,11770.98,15,20.6,34.8,66445.01,8,Baixo
2024,4,2024-04-01,Sudeste,SP,Mata Atlântica,44.1,78835.48,15,61.7,29.6,51481.96,9,Médio
2024,4,2024-04-01,Sudeste,SP,Pantanal,123.32,29437.62,11,163.0,29.1,42658.66,11,Crítico
2024,4,2024-04-01,Sudeste,RJ,Caatinga,39.32,67236.71,21,34.8,25.4,81467.9,33,Médio
2024,4,2024-04-01,Sudeste,RJ,Amazônia,83.34,63599.34,17,111.3,31.8,60413.96,24,Crítico
2024,4,2024-04-01,Sudeste,RJ,Mata Atlântica,35.97,53516.19,16,53.5,29.1,3430.01,39,Alto
2024,4,2024-04-01,Sudeste,RJ,Pantanal,26.07,21778.2,9,46.8,26.1,72271.98,23,Baixo
2024,4,2024-04-01,Sudeste,MG,Pampa,52.2,63208.45,22,123.7,27.1,57703.5,19,Baixo
2024,4,2024-04-01,Sudeste,MG,Pantanal,35.5,64070.08,23,68.8,29.1,80188.47,25,Alto
2024,4,2024-04-01,Sudeste,MG,Mata Atlântica,96.7,58961.0,9,100.2,29.5,48549.59,3,Baixo
2024,4,2024-04-01,Sudeste,ES,Caatinga,48.03,19473.15,15,67.2,27.6,58580.22,35,Baixo
2024,4,2024-04-01,Sudeste,ES,Cerrado,21.1,40579.57,13,100.8,28.3,12849.1,17,Crítico
2024,4,2024-04-01,Sudeste,ES,Amazônia,110.81,44441.24,13,89.9,25.3,67812.09,6,Médio
2024,4,2024-04-01,Sul,PR,Pantanal,145.48,1345.53,15,10.8,22.7,6892.59,14,Baixo
2024,4,2024-04-01,Sul,PR,Mata Atlântica,68.75,39902.02,21,132.5,25.8,76112.46,25,Crítico
2024,4,2024-04-01,Sul,SC,Pantanal,100.31,19081.69,16,132.2,31.3,8504.92,4,Baixo
2024,4,2024-04-01,Sul,SC,Cerrado,180.96,46176.43,14,66.2,26.5,77558.5,20,Baixo
2024,4,2024-04-01,Sul,RS,Pantanal,60.24,22752.05,16,164.6,27.7,59387.8,11,Alto
2024,4,2024-04-01,Sul,RS,Mata Atlântica,76.15,53140.23,19,74.9,27.8,85501.88,30,Médio
2024,5,2024-05-01,Norte,AM,Cerrado,55.29,13828.86,15,70.8,22.2,3509.58,24,Médio
2024,5,2024-05-01,Norte,PA,Caatinga,120.22,24261.83,15,178.3,22.6,54640.35,38,Baixo
2024,5,2024-05-01,Norte,PA,Caatinga,30.98,50222.1,10,113.8,25.4,18080.26,16,Crítico
2024,5,2024-05-01,Norte,RO,Caatinga,69.43,43932.98,10,100.9,25.2,36571.96,28,Alto
2024,5,2024-05-01,Norte,TO,Pantanal,90.09,15654.26,12,78.0,25.9,33444.71,22,Médio
2024,5,2024-05-01,Nordeste,BA,Pantanal,4.78,2126.9,10,155.2,29.3,70357.36,3,Médio
2024,5,2024-05-01,Nordeste,BA,Amazônia,36.59,50468.38,14,171.4,27.9,48282.86,23,Baixo
2024,5,2024-05-01,Nordeste,PE,Amazônia,44.88,57698.61,11,79.6,29.7,22841.27,3,Crítico
2024,5,2024-05-01,Nordeste,PE,Caatinga,89.68,36805.99,12,106.6,29.5,86469.45,36,Alto
2024,5,2024-05-01,Nordeste,CE,Amazônia,18.62,55488.95,14,226.8,24.2,78863.32,6,Baixo
2024,5,2024-05-01,Nordeste,CE,Amazônia,46.71,15310.21,20,25.8,28.1,38265.32,33,Baixo
2024,5,2024-05-01,Nordeste,MA,Mata Atlântica,6.61,63659.07,17,292.5,21.6,16796.3,25,Alto
2024,5,2024-05-01,Nordeste,PB,Pampa,53.09,42578.68,17,59.2,29.1,12399.94,15,Baixo
2024,5,2024-05-01,Centro-Oeste,DF,Pampa,36.44,22113.94,15,42.6,26.1,84285.09,33,Crítico
2024,5,2024-05-01,Centro-Oeste,GO,Cerrado,104.62,36596.42,14,43.1,29.8,71266.15,5,Médio
2024,5,2024-05-01,Centro-Oeste,GO,Pantanal,21.05,61930.49,14,67.5,29.1,36930.82,34,Médio
2024,5,2024-05-01,Centro-Oeste,MT,Pantanal,49.78,75310.75,27,72.0,31.7,37888.19,28,Baixo
2024,5,2024-05-01,Centro-Oeste,MS,Pantanal,154.93,59929.97,16,81.5,27.3,67547.31,32,Crítico
2024,5,2024-05-01,Sudeste,SP,Amazônia,34.92,63708.04,19,95.1,25.9,70878.96,32,Crítico
2024,5,2024-05-01,Sudeste,SP,Caatinga,81.25,50462.4,8,94.5,22.1,67859.07,17,Baixo
2024,5,2024-05-01,Sudeste,SP,Cerrado,107.06,34722.92,16,60.8,28.5,62962.69,29,Médio
2024,5,2024-05-01,Sudeste,RJ,Caatinga,61.07,70700.16,17,76.7,20.4,1430.12,19,Médio
2024,5,2024-05-01,Sudeste,RJ,Amazônia,134.88,31957.47,16,135.4,28.1,60224.3,31,Baixo
2024,5,2024-05-01,Sudeste,RJ,Pantanal,82.42,24665.18,11,82.0,23.1,1873.31,29,Alto
2024,5,2024-05-01,Sudeste,RJ,Mata Atlântica,94.74,61358.07,11,28.2,24.2,31718.48,30,Crítico
2024,5,2024-05-01,Sudeste,MG,Caatinga,138.01,60252.73,17,70.0,26.5,28322.22,18,Baixo
2024,5,2024-05-01,Sudeste,MG,Pantanal,179.42,66688.45,16,111.4,30.9,6978.9,2,Médio
2024,5,2024-05-01,Sudeste,MG,Pampa,155.92,73337.58,14,128.2,27.6,42965.73,15,Crítico
2024,5,2024-05-01,Sudeste,ES,Cerrado,72.01,35176.25,14,50.7,27.4,59491.28,29,Baixo
2024,5,2024-05-01,Sudeste,ES,Cerrado,30.35,67279.7,17,64.8,27.7,47362.74,6,Médio
2024,5,2024-05-01,Sudeste,ES,Amazônia,79.35,39561.12,17,45.9,28.1,20937.36,16,Médio
2024,5,2024-05-01,Sul,PR,Pantanal,247.72,49585.56,13,73.9,24.9,53294.99,10,Crítico
2024,5,2024-05-01,Sul,PR,Cerrado,34.44,68642.97,16,132.4,30.6,2938.57,9,Baixo
2024,5,2024-05-01,Sul,SC,Pantanal,32.83,32470.71,27,143.1,25.8,22709.63,2,Alto
2024,5,2024-05-01,Sul,SC,Pantanal,52.78,45582.38,15,137.8,25.5,18674.4,35,Crítico
2024,5,2024-05-01,Sul,RS,Caatinga,41.45,47646.37,20,32.8,27.3,70163.39,21,Baixo
2024,5,2024-05-01,Sul,RS,Amazônia,27.21,41191.21,17,71.7,22.8,14437.93,3,Crítico
2024,6,2024-06-01,Norte,AM,Amazônia,59.07,61388.08,12,19.3,27.3,83244.5,8,Crítico
2024,6,2024-06-01,Norte,PA,Amazônia,17.81,53596.45,20,81.5,28.9,38629.07,21,Crítico
2024,6,2024-06-01,Norte,PA,Pampa,147.76,23671.27,13,90.2,26.8,46304.57,37,Alto
2024,6,2024-06-01,Norte,RO,Amazônia,99.5,79470.98,11,38.3,23.2,64708.58,29,Baixo
2024,6,2024-06-01,Norte,TO,Mata Atlântica,73.98,57068.02,11,19.7,25.5,23006.69,13,Médio
2024,6,2024-06-01,Nordeste,BA,Amazônia,80.57,15299.69,11,63.4,31.6,68787.36,27,Alto
2024,6,2024-06-01,Nordeste,BA,Pantanal,87.42,2012.61,17,41.4,23.3,27275.46,3,Médio
2024,6,2024-06-01,Nordeste,PE,Amazônia,39.23,43105.64,13,95.3,23.4,5932.04,3,Alto
2024,6,2024-06-01,Nordeste,PE,Amazônia,18.82,53346.68,15,153.8,32.0,76854.71,5,Alto
2024,6,2024-06-01,Nordeste,CE,Mata Atlântica,58.39,8658.57,22,198.3,32.0,56346.01,38,Baixo
2024,6,2024-06-01,Nordeste,CE,Amazônia,106.26,60545.95,9,59.1,23.7,44962.24,17,Baixo
2024,6,2024-06-01,Nordeste,MA,Caatinga,60.15,1556.04,19,68.6,23.7,87946.48,13,Alto
2024,6,2024-06-01,Nordeste,PB,Amazônia,42.12,12159.88,12,32.3,22.5,48401.36,3,Baixo
2024,6,2024-06-01,Centro-Oeste,DF,Pantanal,124.63,61722.43,18,223.6,27.8,49504.27,13,Crítico
2024,6,2024-06-01,Centro-Oeste,GO,Mata Atlântica,63.99,27651.78,11,23.0,28.6,57485.82,1,Baixo
2024,6,2024-06-01,Centro-Oeste,GO,Amazônia,45.26,13968.5,13,82.1,23.9,16920.18,1,Crítico
2024,6,2024-06-01,Centro-Oeste,MT,Mata Atlântica,4.36,6179.09,16,75.1,27.4,62023.11,31,Baixo
2024,6,2024-06-01,Centro-Oeste,MS,Amazônia,13.95,61648.57,17,140.5,27.6,19779.88,34,Baixo
2024,6,2024-06-01,Sudeste,SP,Amazônia,56.74,48173.68,19,103.4,30.5,31715.6,29,Médio
2024,6,2024-06-01,Sudeste,SP,Pantanal,7.6,7379.95,13,106.5,21.2,62834.78,14,Crítico
2024,6,2024-06-01,Sudeste,SP,Pantanal,135.77,24405.15,15,135.3,23.5,74724.51,13,Crítico
2024,6,2024-06-01,Sudeste,RJ,Cerrado,70.62,23713.93,12,56.8,30.8,29091.88,24,Médio
2024,6,2024-06-01,Sudeste,RJ,Mata Atlântica,12.2,24348.09,8,88.8,24.1,25925.41,39,Médio
2024,6,2024-06-01,Sudeste,RJ,Amazônia,43.16,26880.7,15,95.7,24.7,51676.32,6,Baixo
2024,6,2024-06-01,Sudeste,RJ,Amazônia,23.52,18250.43,9,37.2,25.5,15322.22,8,Alto
2024,6,2024-06-01,Sudeste,MG,Pampa,80.66,54890.53,9,31.6,22.8,36481.51,35,Alto
2024,6,2024-06-01,Sudeste,MG,Mata Atlântica,80.52,38421.83,21,110.4,29.8,75451.42,2,Baixo
2024,6,2024-06-01,Sudeste,MG,Cerrado,35.65,25510.17,18,109.6,28.0,6181.79,25,Crítico
2024,6,2024-06-01,Sudeste,ES,Pantanal,65.17,38591.62,16,102.3,30.6,57900.43,3,Baixo
2024,6,2024-06-01,Sudeste,ES,Amazônia,40.41,57053.48,13,82.4,26.6,31057.33,2,Baixo
2024,6,2024-06-01,Sudeste,ES,Mata Atlântica,74.98,8353.83,17,127.4,18.9,84787.46,2,Alto
2024,6,2024-06-01,Sul,PR,Pantanal,107.98,53819.05,18,106.3,23.6,83209.71,16,Médio
2024,6,2024-06-01,Sul,PR,Cerrado,50.55,10142.04,17,104.3,32.1,89501.2,6,Crítico
2024,6,2024-06-01,Sul,SC,Mata Atlântica,6.75,32264.21,12,58.3,28.9,75774.85,19,Baixo
2024,6,2024-06-01,Sul,SC,Mata Atlântica,112.7,12321.6,16,102.1,22.2,37826.26,11,Baixo
2024,6,2024-06-01,Sul,RS,Pampa,54.62,5380.37,20,81.0,30.5,75266.27,10,Médio
2024,6,2024-06-01,Sul,RS,Amazônia,91.78,58361.57,14,105.7,27.0,47395.21,31,Crítico
2024,7,2024-07-01,Norte,AM,Mata Atlântica,80.72,7992.07,19,55.9,27.2,3354.72,3,Alto
2024,7,2024-07-01,Norte,PA,Cerrado,70.09,64658.09,15,48.4,30.3,87305.77,36,Baixo
2024,7,2024-07-01,Norte,PA,Pampa,68.59,35968.6,19,77.0,24.6,55508.84,8,Alto
2024,7,2024-07-01,Norte,RO,Cerrado,52.46,51861.17,15,99.2,29.5,77626.59,30,Crítico
2024,7,2024-07-01,Norte,TO,Caatinga,120.77,18700.03,20,104.3,23.9,33397.39,27,Baixo
2024,7,2024-07-01,Nordeste,BA,Pampa,42.4,25640.09,18,120.2,28.4,74391.08,34,Alto
2024,7,2024-07-01,Nordeste,BA,Cerrado,9.37,47620.74,18,197.1,25.4,3847.73,9,Crítico
2024,7,2024-07-01,Nordeste,PE,Mata Atlântica,59.08,62757.88,17,129.6,28.5,66072.11,9,Alto
2024,7,2024-07-01,Nordeste,PE,Pantanal,100.73,49200.67,17,77.0,26.6,15507.07,6,Alto
2024,7,2024-07-01,Nordeste,CE,Cerrado,25.34,48115.46,15,48.4,26.3,75295.31,35,Baixo
2024,7,2024-07-01,Nordeste,CE,Pantanal,102.63,57477.19,18,30.7,30.2,89595.65,30,Alto
2024,7,2024-07-01,Nordeste,MA,Amazônia,125.75,25869.62,23,44.8,26.7,52254.75,27,Alto
2024,7,2024-07-01,Nordeste,PB,Cerrado,38.82,79230.83,10,65.9,25.3,83885.21,3,Médio
2024,7,2024-07-01,Centro-Oeste,DF,Cerrado,95.09,21249.37,19,141.3,26.4,60457.99,6,Alto
2024,7,2024-07-01,Centro-Oeste,GO,Amazônia,63.58,66258.58,22,52.9,28.6,42603.88,17,Crítico
2024,7,2024-07-01,Centro-Oeste,GO,Amazônia,168.1,51816.36,13,47.5,27.0,60132.44,29,Alto
2024,7,2024-07-01,Centro-Oeste,MT,Pantanal,44.04,8841.8,13,37.7,25.5,24080.74,15,Crítico
2024,7,2024-07-01,Centro-Oeste,MS,Cerrado,98.69,72214.67,15,69.7,28.9,80129.33,11,Baixo
2024,7,2024-07-01,Sudeste,SP,Pantanal,17.85,79533.18,11,38.6,24.8,69879.24,30,Médio
2024,7,2024-07-01,Sudeste,SP,Caatinga,75.46,6862.84,11,249.5,29.8,23582.11,15,Crítico
2024,7,2024-07-01,Sudeste,SP,Cerrado,37.04,75428.62,13,15.6,26.1,49276.73,17,Alto
2024,7,2024-07-01,Sudeste,RJ,Pampa,70.79,31696.38,16,58.9,34.7,13059.18,39,Médio
2024,7,2024-07-01,Sudeste,RJ,Pantanal,10.58,19369.93,11,53.8,27.1,19539.62,17,Crítico
2024,7,2024-07-01,Sudeste,RJ,Mata Atlântica,87.23,18573.55,17,139.5,25.0,34776.83,32,Médio
2024,7,2024-07-01,Sudeste,RJ,Amazônia,27.99,27827.36,22,104.1,24.4,63838.97,20,Alto
2024,7,2024-07-01,Sudeste,MG,Mata Atlântica,78.34,77881.51,20,59.9,30.1,75704.77,8,Baixo
2024,7,2024-07-01,Sudeste,MG,Caatinga,11.82,43939.95,17,59.3,26.4,9859.63,6,Alto
2024,7,2024-07-01,Sudeste,MG,Pampa,44.12,57281.76,17,51.3,22.9,15708.34,25,Baixo
2024,7,2024-07-01,Sudeste,ES,Caatinga,76.13,60903.54,15,102.2,23.7,37722.07,28,Baixo
2024,7,2024-07-01,Sudeste,ES,Amazônia,75.87,31328.41,8,106.8,23.0,8411.6,37,Baixo
2024,7,2024-07-01,Sudeste,ES,Cerrado,39.07,32114.19,15,59.3,29.0,15402.61,29,Alto
2024,7,2024-07-01,Sul,PR,Pampa,177.62,71981.24,19,119.1,28.5,50106.22,7,Crítico
2024,7,2024-07-01,Sul,PR,Pampa,72.68,23953.19,18,121.4,25.2,2251.65,37,Crítico
2024,7,2024-07-01,Sul,SC,Caatinga,56.68,71130.89,20,112.9,24.9,44544.42,16,Alto
2024,7,2024-07-01,Sul,SC,Caatinga,63.54,61970.99,19,144.3,26.7,22473.32,12,Baixo
2024,7,2024-07-01,Sul,RS,Amazônia,96.02,42917.19,18,127.8,26.3,38330.86,18,Baixo
2024,7,2024-07-01,Sul,RS,Pampa,40.25,32540.14,10,55.8,28.0,19614.96,20,Baixo
2024,8,2024-08-01,Norte,AM,Cerrado,81.51,24571.86,19,77.2,25.3,83512.58,29,Médio
2024,8,2024-08-01,Norte,PA,Pampa,262.76,17897.05,21,117.9,26.8,38014.72,21,Baixo
2024,8,2024-08-01,Norte,PA,Pantanal,25.27,5092.31,24,40.9,20.1,34644.78,23,Crítico
2024,8,2024-08-01,Norte,RO,Caatinga,53.97,62975.79,10,134.2,18.9,64256.77,1,Médio
2024,8,2024-08-01,Norte,TO,Caatinga,84.56,79078.2,5,51.2,29.0,56030.34,19,Médio
2024,8,2024-08-01,Nordeste,BA,Mata Atlântica,16.97,14990.96,16,104.1,24.9,27857.5,29,Médio
2024,8,2024-08-01,Nordeste,BA,Cerrado,68.43,33549.06,15,61.1,23.3,34168.33,13,Alto
2024,8,2024-08-01,Nordeste,PE,Caatinga,91.99,38446.66,11,51.0,30.6,86889.06,5,Médio
2024,8,2024-08-01,Nordeste,PE,Caatinga,119.78,39363.34,16,24.5,21.3,49785.37,36,Médio
2024,8,2024-08-01,Nordeste,CE,Mata Atlântica,52.54,73233.38,11,70.8,23.1,56152.57,17,Baixo
2024,8,2024-08-01,Nordeste,CE,Pampa,135.35,64482.38,17,72.9,28.1,68213.64,33,Baixo
2024,8,2024-08-01,Nordeste,MA,Caatinga,52.71,59497.42,21,54.0,26.4,58184.63,26,Crítico
2024,8,2024-08-01,Nordeste,PB,Pampa,149.19,32000.78,18,22.2,23.1,45103.88,12,Crítico
2024,8,2024-08-01,Centro-Oeste,DF,Amazônia,51.65,58775.24,13,141.5,20.4,31917.28,13,Crítico
2024,8,2024-08-01,Centro-Oeste,GO,Mata Atlântica,32.64,29137.5,15,92.1,27.2,45129.7,2,Baixo
2024,8,2024-08-01,Centro-Oeste,GO,Pantanal,25.03,71972.04,13,50.8,29.8,55602.61,34,Alto
2024,8,2024-08-01,Centro-Oeste,MT,Pampa,93.83,39504.33,17,111.6,21.9,61063.13,7,Crítico
2024,8,2024-08-01,Centro-Oeste,MS,Caatinga,121.64,22089.39,24,49.8,21.4,76184.77,26,Alto
2024,8,2024-08-01,Sudeste,SP,Pantanal,81.76,64830.2,18,43.3,22.3,48094.42,27,Médio
2024,8,2024-08-01,Sudeste,SP,Pampa,17.97,71232.7,16,41.3,22.4,72523.15,6,Crítico
2024,8,2024-08-01,Sudeste,SP,Caatinga,7.22,45379.76,21,78.8,25.3,13516.99,12,Baixo
2024,8,2024-08-01,Sudeste,RJ,Pampa,52.5,37465.25,16,125.7,30.4,59107.01,18,Médio
2024,8,2024-08-01,Sudeste,RJ,Cerrado,26.11,36475.26,17,20.7,23.3,29308.72,6,Crítico
2024,8,2024-08-01,Sudeste,RJ,Pantanal,6.76,68770.0,10,62.4,25.3,45168.54,9,Médio
2024,8,2024-08-01,Sudeste,RJ,Caatinga,106.83,37955.07,19,163.9,24.1,45552.49,26,Baixo
2024,8,2024-08-01,Sudeste,MG,Pampa,152.62,25622.19,11,15.0,32.4,5663.57,3,Médio
2024,8,2024-08-01,Sudeste,MG,Pantanal,35.23,10583.54,12,87.3,27.7,63914.53,34,Alto
2024,8,2024-08-01,Sudeste,MG,Pampa,17.81,9147.62,10,113.0,22.8,11745.46,13,Baixo
2024,8,2024-08-01,Sudeste,ES,Amazônia,26.5,43598.11,12,41.9,25.9,87227.65,16,Crítico
2024,8,2024-08-01,Sudeste,ES,Caatinga,35.44,76087.17,13,50.9,32.3,75829.31,11,Médio
2024,8,2024-08-01,Sudeste,ES,Pantanal,23.44,19787.19,16,40.9,23.6,66999.56,12,Alto
2024,8,2024-08-01,Sul,PR,Mata Atlântica,1.94,16477.01,16,20.5,31.6,79955.42,2,Baixo
2024,8,2024-08-01,Sul,PR,Mata Atlântica,38.23,36902.16,17,91.9,29.6,19637.91,25,Médio
2024,8,2024-08-01,Sul,SC,Pantanal,31.2,60848.75,17,61.1,28.1,89697.29,2,Baixo
2024,8,2024-08-01,Sul,SC,Pampa,23.53,11598.27,7,104.7,29.1,53473.64,26,Crítico
2024,8,2024-08-01,Sul,RS,Cerrado,123.53,24257.8,14,46.9,21.8,16569.36,1,Médio
2024,8,2024-08-01,Sul,RS,Pantanal,41.14,26442.4,16,79.5,30.9,58813.17,37,Baixo
2024,9,2024-09-01,Norte,AM,Cerrado,14.7,31757.36,17,43.9,24.7,6252.89,4,Alto
2024,9,2024-09-01,Norte,PA,Caatinga,77.6,14049.78,19,31.6,29.6,73336.6,17,Crítico
2024,9,2024-09-01,Norte,PA,Cerrado,121.61,9162.44,18,74.3,27.4,4926.76,13,Baixo
2024,9,2024-09-01,Norte,RO,Caatinga,28.53,53640.89,13,56.5,21.3,51860.9,5,Crítico
2024,9,2024-09-01,Norte,TO,Mata Atlântica,29.49,3766.34,16,84.4,25.9,42109.66,31,Baixo
2024,9,2024-09-01,Nordeste,BA,Cerrado,78.87,9933.27,19,238.9,29.7,47851.37,18,Crítico
2024,9,2024-09-01,Nordeste,BA,Caatinga,92.07,79280.76,16,226.1,26.1,55333.98,16,Médio
2024,9,2024-09-01,Nordeste,PE,Cerrado,46.36,4546.37,11,40.3,28.2,28426.64,25,Alto
2024,9,2024-09-01,Nordeste,PE,Pantanal,110.94,25402.64,12,112.2,25.4,9268.89,8,Médio
2024,9,2024-09-01,Nordeste,CE,Mata Atlântica,48.6,53434.11,14,118.6,31.0,18431.67,26,Crítico
2024,9,2024-09-01,Nordeste,CE,Caatinga,9.13,75006.74,14,70.7,32.6,28597.21,10,Alto
2024,9,2024-09-01,Nordeste,MA,Mata Atlântica,71.82,25060.1,10,43.9,23.1,78685.6,35,Médio
2024,9,2024-09-01,Nordeste,PB,Pantanal,36.47,39990.82,21,156.5,30.5,39569.8,23,Médio
2024,9,2024-09-01,Centro-Oeste,DF,Amazônia,25.53,26162.98,14,42.6,32.4,46913.73,31,Baixo
2024,9,2024-09-01,Centro-Oeste,GO,Cerrado,79.64,25740.04,9,30.2,26.8,53827.46,21,Baixo
2024,9,2024-09-01,Centro-Oeste,GO,Pampa,45.17,46537.81,18,154.5,29.1,23958.51,3,Crítico
2024,9,2024-09-01,Centro-Oeste,MT,Pantanal,30.48,74996.51,13,103.5,28.5,35048.73,9,Médio
2024,9,2024-09-01,Centro-Oeste,MS,Mata Atlântica,140.98,5402.11,16,57.4,28.2,40208.89,31,Médio
2024,9,2024-09-01,Sudeste,SP,Pantanal,16.66,22767.62,7,22.3,33.4,8150.65,4,Baixo
2024,9,2024-09-01,Sudeste,SP,Mata Atlântica,118.17,47440.96,11,38.5,26.9,9936.8,6,Crítico
2024,9,2024-09-01,Sudeste,SP,Pampa,94.9,10327.84,12,33.2,24.3,87046.59,36,Crítico
2024,9,2024-09-01,Sudeste,RJ,Pantanal,19.37,21514.49,19,61.6,30.1,89517.96,33,Crítico
2024,9,2024-09-01,Sudeste,RJ,Cerrado,27.72,62421.89,23,76.8,24.6,42193.96,31,Crítico
2024,9,2024-09-01,Sudeste,RJ,Cerrado,91.41,59214.3,10,61.8,27.9,11631.72,13,Crítico
2024,9,2024-09-01,Sudeste,RJ,Caatinga,75.1,17476.24,16,82.3,28.0,64658.02,8,Baixo
2024,9,2024-09-01,Sudeste,MG,Cerrado,182.66,24855.71,9,55.2,27.5,4558.77,38,Alto
2024,9,2024-09-01,Sudeste,MG,Cerrado,38.04,28732.19,12,39.8,23.8,41712.08,9,Alto
2024,9,2024-09-01,Sudeste,MG,Pampa,38.28,67312.44,11,31.4,25.5,86181.07,3,Médio
2024,9,2024-09-01,Sudeste,ES,Pampa,14.24,21705.15,14,83.0,26.8,5447.07,28,Crítico
2024,9,2024-09-01,Sudeste,ES,Pampa,30.27,53362.27,11,54.0,28.1,28072.76,27,Alto
2024,9,2024-09-01,Sudeste,ES,Amazônia,241.73,26102.15,14,46.9,29.1,73056.42,32,Médio
2024,9,2024-09-01,Sul,PR,Amazônia,143.74,4790.49,14,72.4,27.8,2595.9,2,Médio
2024,9,2024-09-01,Sul,PR,Pampa,109.19,29565.71,11,37.3,21.9,10022.95,2,Crítico
2024,9,2024-09-01,Sul,SC,Pantanal,18.34,47586.14,17,65.1,28.5,40552.22,20,Alto
2024,9,2024-09-01,Sul,SC,Amazônia,148.05,13012.38,11,51.3,27.4,80202.34,28,Alto
2024,9,2024-09-01,Sul,RS,Cerrado,36.6,63839.5,17,186.7,24.4,52390.51,2,Crítico
2024,9,2024-09-01,Sul,RS,Amazônia,148.86,74964.51,15,78.0,20.8,11731.93,14,Crítico
2024,10,2024-10-01,Norte,AM,Mata Atlântica,74.01,75475.14,13,164.2,26.3,66460.81,18,Baixo
2024,10,2024-10-01,Norte,PA,Pampa,56.28,64452.13,14,293.0,26.0,6431.25,18,Alto
2024,10,2024-10-01,Norte,PA,Caatinga,81.41,54948.14,20,75.3,25.5,9869.34,3,Alto
2024,10,2024-10-01,Norte,RO,Cerrado,20.99,33826.31,23,71.1,27.4,41255.06,27,Alto
2024,10,2024-10-01,Norte,TO,Caatinga,25.0,68420.65,20,129.7,22.7,39839.76,25,Baixo
2024,10,2024-10-01,Nordeste,BA,Mata Atlântica,84.14,70739.06,19,124.0,26.1,19184.75,15,Baixo
2024,10,2024-10-01,Nordeste,BA,Pampa,88.29,8201.39,9,131.4,26.9,12559.66,9,Baixo
2024,10,2024-10-01,Nordeste,PE,Caatinga,69.26,41023.9,11,154.1,22.1,46064.68,8,Crítico
2024,10,2024-10-01,Nordeste,PE,Caatinga,73.45,61729.7,16,185.9,23.3,22846.85,39,Baixo
2024,10,2024-10-01,Nordeste,CE,Caatinga,203.75,67203.38,13,126.1,26.5,61479.01,7,Baixo
2024,10,2024-10-01,Nordeste,CE,Caatinga,168.11,36902.37,15,95.2,22.4,61614.19,20,Médio
2024,10,2024-10-01,Nordeste,MA,Amazônia,28.36,53015.06,24,17.1,31.8,21505.32,2,Baixo
2024,10,2024-10-01,Nordeste,PB,Cerrado,30.73,10847.33,16,33.2,27.6,29138.42,28,Médio
2024,10,2024-10-01,Centro-Oeste,DF,Cerrado,46.33,64201.34,21,246.8,33.6,89700.43,22,Alto
2024,10,2024-10-01,Centro-Oeste,GO,Cerrado,27.62,18808.49,14,116.3,29.9,73801.77,8,Crítico
2024,10,2024-10-01,Centro-Oeste,GO,Mata Atlântica,27.15,1243.71,22,129.2,33.3,57396.63,24,Baixo
2024,10,2024-10-01,Centro-Oeste,MT,Cerrado,125.12,46787.33,8,14.6,28.5,41581.94,17,Médio
2024,10,2024-10-01,Centro-Oeste,MS,Mata Atlântica,32.49,72756.36,11,61.7,28.3,50610.98,17,Alto
2024,10,2024-10-01,Sudeste,SP,Pampa,40.26,58869.32,10,174.5,31.7,54989.61,38,Baixo
2024,10,2024-10-01,Sudeste,SP,Pampa,71.65,27909.7,13,121.5,33.5,79975.51,9,Baixo
2024,10,2024-10-01,Sudeste,SP,Pantanal,29.69,52907.76,11,37.2,29.1,75164.9,22,Baixo
2024,10,2024-10-01,Sudeste,RJ,Amazônia,96.22,8441.37,15,149.6,24.4,89380.7,20,Baixo
2024,10,2024-10-01,Sudeste,RJ,Amazônia,51.88,33847.89,19,54.4,30.7,30333.96,39,Baixo
2024,10,2024-10-01,Sudeste,RJ,Amazônia,70.54,61983.21,14,24.4,24.3,81428.14,35,Baixo
2024,10,2024-10-01,Sudeste,RJ,Amazônia,26.2,8226.52,15,56.2,26.5,73254.09,21,Alto
2024,10,2024-10-01,Sudeste,MG,Pantanal,134.06,38498.92,17,27.9,23.5,33050.13,34,Crítico
2024,10,2024-10-01,Sudeste,MG,Pantanal,12.73,36223.97,10,46.3,31.7,2818.29,30,Crítico
2024,10,2024-10-01,Sudeste,MG,Cerrado,89.94,77829.85,12,138.6,29.4,12818.21,21,Médio
2024,10,2024-10-01,Sudeste,ES,Amazônia,33.01,21319.08,13,51.3,25.3,56608.9,39,Crítico
2024,10,2024-10-01,Sudeste,ES,Amazônia,36.9,68006.9,17,121.6,26.4,25248.49,3,Baixo
2024,10,2024-10-01,Sudeste,ES,Pantanal,24.66,33066.37,18,52.8,25.1,73305.21,24,Baixo
2024,10,2024-10-01,Sul,PR,Pantanal,88.49,48290.34,14,232.4,29.8,43654.55,16,Crítico
2024,10,2024-10-01,Sul,PR,Cerrado,18.0,4579.3,15,90.3,27.5,37209.19,4,Médio
2024,10,2024-10-01,Sul,SC,Pantanal,2.15,46171.29,18,94.6,29.6,2024.48,11,Médio
2024,10,2024-10-01,Sul,SC,Pampa,27.07,57440.15,18,97.4,23.6,57529.04,13,Baixo
2024,10,2024-10-01,Sul,RS,Cerrado,30.89,36500.77,21,87.7,27.8,83788.83,26,Baixo
2024,10,2024-10-01,Sul,RS,Cerrado,65.84,45521.35,17,27.0,28.3,70123.49,17,Alto
2024,11,2024-11-01,Norte,AM,Amazônia,120.09,25103.85,18,60.1,26.9,84796.65,35,Crítico
2024,11,2024-11-01,Norte,PA,Amazônia,142.0,79712.6,21,95.8,27.6,39917.08,20,Crítico
2024,11,2024-11-01,Norte,PA,Caatinga,111.29,12657.98,15,130.5,30.5,42242.89,2,Crítico
2024,11,2024-11-01,Norte,RO,Pampa,84.31,14879.67,15,37.8,27.1,65760.19,27,Médio
2024,11,2024-11-01,Norte,TO,Pantanal,42.24,75226.06,16,268.1,29.0,32604.68,5,Alto
2024,11,2024-11-01,Nordeste,BA,Pampa,137.74,41563.32,10,58.4,30.2,73691.3,4,Alto
2024,11,2024-11-01,Nordeste,BA,Amazônia,10.85,54154.39,15,32.7,27.3,2802.27,32,Crítico
2024,11,2024-11-01,Nordeste,PE,Amazônia,98.05,43133.03,14,66.5,28.9,66352.71,36,Crítico
2024,11,2024-11-01,Nordeste,PE,Cerrado,123.4,38616.0,25,149.0,29.1,24184.25,1,Alto
2024,11,2024-11-01,Nordeste,CE,Amazônia,77.51,41969.99,13,108.9,21.5,83233.74,32,Médio
2024,11,2024-11-01,Nordeste,CE,Mata Atlântica,99.21,79494.77,13,142.1,26.1,76778.86,30,Alto
2024,11,2024-11-01,Nordeste,MA,Pampa,3.69,13257.27,14,140.0,22.0,17157.92,16,Baixo
2024,11,2024-11-01,Nordeste,PB,Amazônia,161.55,20493.44,10,62.7,31.1,13669.93,9,Alto
2024,11,2024-11-01,Centro-Oeste,DF,Pampa,163.8,1533.44,14,110.7,32.3,33944.55,13,Alto
2024,11,2024-11-01,Centro-Oeste,GO,Caatinga,6.23,62326.86,21,80.7,28.5,2907.33,4,Baixo
2024,11,2024-11-01,Centro-Oeste,GO,Caatinga,16.99,57900.08,17,169.9,26.4,67666.2,2,Crítico
2024,11,2024-11-01,Centro-Oeste,MT,Cerrado,7.18,67754.72,11,59.5,27.5,44657.94,14,Baixo
2024,11,2024-11-01,Centro-Oeste,MS,Pantanal,27.97,66223.59,9,51.0,31.0,63091.43,28,Crítico
2024,11,2024-11-01,Sudeste,SP,Amazônia,139.44,64010.58,27,69.2,25.7,54948.14,21,Médio
2024,11,2024-11-01,Sudeste,SP,Mata Atlântica,10.48,37315.29,16,89.0,31.4,78434.99,12,Alto
2024,11,2024-11-01,Sudeste,SP,Pampa,11.45,23986.45,13,31.5,23.1,5949.42,39,Baixo
2024,11,2024-11-01,Sudeste,RJ,Mata Atlântica,41.09,2892.71,12,68.3,25.4,72186.15,35,Baixo
2024,11,2024-11-01,Sudeste,RJ,Pampa,227.63,61113.38,14,13.4,32.4,52309.32,28,Alto
2024,11,2024-11-01,Sudeste,RJ,Pantanal,69.72,36369.42,13,53.5,31.8,73226.21,4,Médio
2024,11,2024-11-01,Sudeste,RJ,Pantanal,74.75,67777.71,21,30.4,24.0,42595.1,13,Médio
2024,11,2024-11-01,Sudeste,MG,Cerrado,26.56,31918.23,17,79.1,32.4,30609.98,23,Baixo
2024,11,2024-11-01,Sudeste,MG,Pantanal,7.42,78118.12,17,52.9,26.1,19840.99,3,Alto
2024,11,2024-11-01,Sudeste,MG,Caatinga,78.64,78554.69,11,134.1,26.0,1157.06,39,Crítico
2024,11,2024-11-01,Sudeste,ES,Mata Atlântica,28.12,45827.99,18,128.1,31.9,28579.49,9,Crítico
2024,11,2024-11-01,Sudeste,ES,Pantanal,24.95,38084.87,20,132.1,27.2,36875.25,6,Crítico
2024,11,2024-11-01,Sudeste,ES,Pampa,131.82,79888.89,18,55.5,27.9,25451.48,2,Médio
2024,11,2024-11-01,Sul,PR,Caatinga,88.88,59759.64,14,146.6,24.6,34305.75,21,Médio
2024,11,2024-11-01,Sul,PR,Caatinga,39.89,28529.92,18,106.9,30.9,73991.09,15,Alto
2024,11,2024-11-01,Sul,SC,Pantanal,32.48,64270.03,31,72.1,25.7,31464.63,33,Alto
2024,11,2024-11-01,Sul,SC,Amazônia,61.21,41599.1,12,77.6,30.8,60820.0,14,Médio
2024,11,2024-11-01,Sul,RS,Amazônia,10.4,74608.95,8,54.5,29.2,28047.54,33,Crítico
2024,11,2024-11-01,Sul,RS,Caatinga,60.23,70079.42,16,107.7,24.4,1167.39,9,Baixo
2024,12,2024-12-01,Norte,AM,Caatinga,68.33,56880.2,14,79.0,26.2,11141.73,20,Alto
2024,12,2024-12-01,Norte,PA,Pantanal,61.19,72704.46,17,84.4,28.4,71945.73,28,Crítico
2024,12,2024-12-01,Norte,PA,Caatinga,23.88,34880.31,21,126.1,27.0,2533.02,22,Alto
2024,12,2024-12-01,Norte,RO,Pantanal,25.11,54937.93,14,40.4,30.3,52164.29,39,Crítico
2024,12,2024-12-01,Norte,TO,Mata Atlântica,64.35,57146.53,11,61.9,31.0,31064.98,11,Baixo
2024,12,2024-12-01,Nordeste,BA,Cerrado,77.18,64073.56,15,164.1,28.3,89051.73,6,Crítico
2024,12,2024-12-01,Nordeste,BA,Amazônia,135.43,1225.91,12,76.8,24.8,48296.35,17,Alto
2024,12,2024-12-01,Nordeste,PE,Cerrado,49.43,65370.76,11,34.7,25.1,78947.58,9,Baixo
2024,12,2024-12-01,Nordeste,PE,Pantanal,64.02,7764.57,10,34.3,25.5,31611.63,16,Baixo
2024,12,2024-12-01,Nordeste,CE,Cerrado,69.54,32510.9,11,70.0,31.1,30985.91,33,Baixo
2024,12,2024-12-01,Nordeste,CE,Amazônia,4.63,10394.52,20,69.6,23.8,21294.11,27,Baixo
2024,12,2024-12-01,Nordeste,MA,Pantanal,81.94,11445.63,17,171.4,29.3,71934.99,3,Alto
2024,12,2024-12-01,Nordeste,PB,Amazônia,58.19,27592.36,19,81.3,26.6,31343.79,38,Alto
2024,12,2024-12-01,Centro-Oeste,DF,Caatinga,148.2,4728.13,12,124.9,24.3,24305.88,22,Crítico
2024,12,2024-12-01,Centro-Oeste,GO,Pampa,38.69,35784.49,18,103.4,26.1,2716.72,34,Alto
2024,12,2024-12-01,Centro-Oeste,GO,Pampa,43.14,72307.89,14,61.0,27.0,12753.5,3,Crítico
2024,12,2024-12-01,Centro-Oeste,MT,Pampa,15.93,66416.88,18,23.3,29.9,41511.13,24,Médio
2024,12,2024-12-01,Centro-Oeste,MS,Pampa,51.84,19248.82,16,95.9,27.7,63284.45,21,Crítico
2024,12,2024-12-01,Sudeste,SP,Mata Atlântica,99.12,26364.65,11,73.2,29.6,85475.42,20,Crítico
2024,12,2024-12-01,Sudeste,SP,Pampa,114.96,30432.38,17,83.9,28.1,24784.39,32,Médio
2024,12,2024-12-01,Sudeste,SP,Pampa,24.56,7683.52,16,103.8,29.2,58159.31,26,Crítico
2024,12,2024-12-01,Sudeste,RJ,Cerrado,76.06,51329.4,13,216.3,30.3,59494.0,17,Baixo
2024,12,2024-12-01,Sudeste,RJ,Cerrado,15.87,71341.97,14,46.5,27.8,25812.66,16,Alto
2024,12,2024-12-01,Sudeste,RJ,Pantanal,39.54,9235.67,15,95.3,25.4,53692.22,21,Baixo
2024,12,2024-12-01,Sudeste,RJ,Caatinga,25.3,46494.08,14,39.8,31.1,65372.16,13,Médio
2024,12,2024-12-01,Sudeste,MG,Mata Atlântica,39.97,50561.45,16,85.0,28.7,55194.01,11,Crítico
2024,12,2024-12-01,Sudeste,MG,Pampa,18.34,77273.87,16,59.3,28.7,7360.48,15,Crítico
2024,12,2024-12-01,Sudeste,MG,Amazônia,69.18,19417.52,15,69.0,22.7,27063.37,17,Médio
2024,12,2024-12-01,Sudeste,ES,Pampa,101.94,23513.41,19,8.1,30.6,27788.27,37,Médio
2024,12,2024-12-01,Sudeste,ES,Cerrado,92.22,10096.79,21,17.0,28.7,41963.87,37,Alto
2024,12,2024-12-01,Sudeste,ES,Mata Atlântica,19.21,57383.33,11,127.4,26.2,89207.14,33,Crítico
2024,12,2024-12-01,Sul,PR,Mata Atlântica,19.96,62101.89,21,146.8,27.8,55123.74,19,Crítico
2024,12,2024-12-01,Sul,PR,Cerrado,85.63,9832.41,12,76.3,26.3,78648.96,13,Crítico
2024,12,2024-12-01,Sul,SC,Mata Atlântica,111.48,18086.69,11,27.6,30.9,78724.3,35,Alto
2024,12,2024-12-01,Sul,SC,Caatinga,134.0,54525.56,15,43.7,24.8,70067.44,28,Alto
2024,12,2024-12-01,Sul,RS,Caatinga,93.78,56133.56,21,147.8,29.3,71754.28,21,Baixo
2024,12,2024-12-01,Sul,RS,Caatinga,2.85,1194.45,14,135.0,25.3,71636.56,33,Crítico
